"Country Name","Country Code","Indicator Name","Indicator Code","1996","1997","1998","1999","2000","2001","2002","2003","2004","2005","2006","2007","2008","2009","2010","2011","2012","2013",
"Afghanistan","AFG","Poverty headcount ratio at national poverty line (% of population)","SI.POV.NAHC","","","","","","","","","","","","","","","","","","",
"Afghanistan","AFG","Poverty headcount ratio at rural poverty line (% of population)","SI.POV.RUHC","","","","","","","","","","","","","","","","","","",
"Afghanistan","AFG","Poverty headcount ratio at urban poverty line (% of population)","SI.POV.URHC","","","","","","","","","","","","","","","","","","",
"Albania","ALB","Poverty headcount ratio at national poverty line (% of population)","SI.POV.NAHC","","","","","","","","","","","","","","","","","","",
"Albania","ALB","Poverty headcount ratio at rural poverty line (% of population)","SI.POV.RUHC","","","","","","","","","","","","","","","","","","",
"Albania","ALB","Poverty headcount ratio at urban poverty line (% of population)","SI.POV.URHC","","","","","","","","","","","","","","","","","","",
"Armenia","ARM","Poverty headcount ratio at national poverty line (% of population)","SI.POV.NAHC","","","","","","","","","","","","","","","","","","",
"Armenia","ARM","Poverty headcount ratio at rural poverty line (% of population)","SI.POV.RUHC","","","","","","","","","","","","","","","","","","",
"Armenia","ARM","Poverty headcount ratio at urban poverty line (% of population)","SI.POV.URHC","","","","","","","","","","","","","","","","","","",
"Bangladesh","BGD","Poverty headcount ratio at national poverty line (% of population)","SI.POV.NAHC","","","","","","","","","","","","","","","","","","",
"Bangladesh","BGD","Poverty headcount ratio at rural poverty line (% of population)","SI.POV.RUHC","","","","","","","","","","","","","","","","","","",
"Bangladesh","BGD","Poverty headcount ratio at urban poverty line (% of population)","SI.POV.URHC","","","","","","","","","","","","","","","","","","",
"Bulgaria","BGR","Poverty headcount ratio at national poverty line (% of population)","SI.POV.NAHC","","","","","","","","","","","","","","","","","","",
"Bulgaria","BGR","Poverty headcount ratio at rural poverty line (% of population)","SI.POV.RUHC","","","","","","","","","","","","","","","","","","",
"Bulgaria","BGR","Poverty headcount ratio at urban poverty line (% of population)","SI.POV.URHC","","","","","","","","","","","","","","","","","","",
"Bosnia and Herzegovina","BIH","Poverty headcount ratio at national poverty line (% of population)","SI.POV.NAHC","","","","","","","","","","","","","","","","","","",
"Bosnia and Herzegovina","BIH","Poverty headcount ratio at rural poverty line (% of population)","SI.POV.RUHC","","","","","","","","","","","","","","","","","","",
"Bosnia and Herzegovina","BIH","Poverty headcount ratio at urban poverty line (% of population)","SI.POV.URHC","","","","","","","","","","","","","","","","","","",
"Belarus","BLR","Poverty headcount ratio at national poverty line (% of population)","SI.POV.NAHC","","","","","","","","","","","","","","","","","","",
"Belarus","BLR","Poverty headcount ratio at rural poverty line (% of population)","SI.POV.RUHC","","","","","","","","","","","","","","","","","","",
"Belarus","BLR","Poverty headcount ratio at urban poverty line (% of population)","SI.POV.URHC","","","","","","","","","","","","","","","","","","",
"Bolivia","BOL","Poverty headcount ratio at national poverty line (% of population)","SI.POV.NAHC","","","","","","","","","","","","","","","","","","",
"Bolivia","BOL","Poverty headcount ratio at rural poverty line (% of population)","SI.POV.RUHC","","","","","","","","","","","","","","","","","","",
"Bolivia","BOL","Poverty headcount ratio at urban poverty line (% of population)","SI.POV.URHC","","","","","","","","","","","","","","","","","","",
"Bhutan","BTN","Poverty headcount ratio at national poverty line (% of population)","SI.POV.NAHC","","","","","","","","","","","","","","","","","","",
"Bhutan","BTN","Poverty headcount ratio at rural poverty line (% of population)","SI.POV.RUHC","","","","","","","","","","","","","","","","","","",
"Bhutan","BTN","Poverty headcount ratio at urban poverty line (% of population)","SI.POV.URHC","","","","","","","","","","","","","","","","","","",
"Chile","CHL","Poverty headcount ratio at national poverty line (% of population)","SI.POV.NAHC","","","","","","","","","","","","","","","","","","",
"Chile","CHL","Poverty headcount ratio at rural poverty line (% of population)","SI.POV.RUHC","","","","","","","","","","","","","","","","","","",
"Chile","CHL","Poverty headcount ratio at urban poverty line (% of population)","SI.POV.URHC","","","","","","","","","","","","","","","","","","",
"Cameroon","CMR","Poverty headcount ratio at national poverty line (% of population)","SI.POV.NAHC","","","","","","","","","","","","","","","","","","",
"Cameroon","CMR","Poverty headcount ratio at rural poverty line (% of population)","SI.POV.RUHC","","","","","","","","","","","","","","","","","","",
"Cameroon","CMR","Poverty headcount ratio at urban poverty line (% of population)","SI.POV.URHC","","","","","","","","","","","","","","","","","","",
"Congo, Dem. Rep.","COD","Poverty headcount ratio at national poverty line (% of population)","SI.POV.NAHC","","","","","","","","","","","","","","","","","","",
"Congo, Dem. Rep.","COD","Poverty headcount ratio at rural poverty line (% of population)","SI.POV.RUHC","","","","","","","","","","","","","","","","","","",
"Congo, Dem. Rep.","COD","Poverty headcount ratio at urban poverty line (% of population)","SI.POV.URHC","","","","","","","","","","","","","","","","","","",
"Colombia","COL","Poverty headcount ratio at national poverty line (% of population)","SI.POV.NAHC","","","","","","","","","","","","","","","","","","",
"Colombia","COL","Poverty headcount ratio at rural poverty line (% of population)","SI.POV.RUHC","","","","","","","","","","","","","","","","","","",
"Colombia","COL","Poverty headcount ratio at urban poverty line (% of population)","SI.POV.URHC","","","","","","","","","","","","","","","","","","",
"Costa Rica","CRI","Poverty headcount ratio at national poverty line (% of population)","SI.POV.NAHC","","","","","","","","","","","","","","","","","","",
"Costa Rica","CRI","Poverty headcount ratio at rural poverty line (% of population)","SI.POV.RUHC","","","","","","","","","","","","","","","","","","",
"Costa Rica","CRI","Poverty headcount ratio at urban poverty line (% of population)","SI.POV.URHC","","","","","","","","","","","","","","","","","","",
"Czech Republic","CZE","Poverty headcount ratio at national poverty line (% of population)","SI.POV.NAHC","","","","","","","","","","","","","","","","","","",
"Czech Republic","CZE","Poverty headcount ratio at rural poverty line (% of population)","SI.POV.RUHC","","","","","","","","","","","","","","","","","","",
"Czech Republic","CZE","Poverty headcount ratio at urban poverty line (% of population)","SI.POV.URHC","","","","","","","","","","","","","","","","","","",
"Dominican Republic","DOM","Poverty headcount ratio at national poverty line (% of population)","SI.POV.NAHC","","","","","","","","","","","","","","","","","","",
"Dominican Republic","DOM","Poverty headcount ratio at rural poverty line (% of population)","SI.POV.RUHC","","","","","","","","","","","","","","","","","","",
"Dominican Republic","DOM","Poverty headcount ratio at urban poverty line (% of population)","SI.POV.URHC","","","","","","","","","","","","","","","","","","",
"Ecuador","ECU","Poverty headcount ratio at national poverty line (% of population)","SI.POV.NAHC","","","","","","","","","","","","","","","","","","",
"Ecuador","ECU","Poverty headcount ratio at rural poverty line (% of population)","SI.POV.RUHC","","","","","","","","","","","","","","","","","","",
"Ecuador","ECU","Poverty headcount ratio at urban poverty line (% of population)","SI.POV.URHC","","","","","","","","","","","","","","","","","","",
"Egypt, Arab Rep.","EGY","Poverty headcount ratio at national poverty line (% of population)","SI.POV.NAHC","","","","","","","","","","","","","","","","","","",
"Egypt, Arab Rep.","EGY","Poverty headcount ratio at rural poverty line (% of population)","SI.POV.RUHC","","","","","","","","","","","","","","","","","","",
"Egypt, Arab Rep.","EGY","Poverty headcount ratio at urban poverty line (% of population)","SI.POV.URHC","","","","","","","","","","","","","","","","","","",
"Estonia","EST","Poverty headcount ratio at national poverty line (% of population)","SI.POV.NAHC","","","","","","","","","","","","","","","","","","",
"Estonia","EST","Poverty headcount ratio at rural poverty line (% of population)","SI.POV.RUHC","","","","","","","","","","","","","","","","","","",
"Estonia","EST","Poverty headcount ratio at urban poverty line (% of population)","SI.POV.URHC","","","","","","","","","","","","","","","","","","",
"Georgia","GEO","Poverty headcount ratio at national poverty line (% of population)","SI.POV.NAHC","","","","","","","","","","","","","","","","","","",
"Georgia","GEO","Poverty headcount ratio at rural poverty line (% of population)","SI.POV.RUHC","","","","","","","","","","","","","","","","","","",
"Georgia","GEO","Poverty headcount ratio at urban poverty line (% of population)","SI.POV.URHC","","","","","","","","","","","","","","","","","","",
"Guinea","GIN","Poverty headcount ratio at national poverty line (% of population)","SI.POV.NAHC","","","","","","","","","","","","","","","","","","",
"Guinea","GIN","Poverty headcount ratio at rural poverty line (% of population)","SI.POV.RUHC","","","","","","","","","","","","","","","","","","",
"Guinea","GIN","Poverty headcount ratio at urban poverty line (% of population)","SI.POV.URHC","","","","","","","","","","","","","","","","","","",
"Guatemala","GTM","Poverty headcount ratio at national poverty line (% of population)","SI.POV.NAHC","","","","","","","","","","","","","","","","","","",
"Guatemala","GTM","Poverty headcount ratio at rural poverty line (% of population)","SI.POV.RUHC","","","","","","","","","","","","","","","","","","",
"Guatemala","GTM","Poverty headcount ratio at urban poverty line (% of population)","SI.POV.URHC","","","","","","","","","","","","","","","","","","",
"Haiti","HTI","Poverty headcount ratio at national poverty line (% of population)","SI.POV.NAHC","","","","","","","","","","","","","","","","","","",
"Haiti","HTI","Poverty headcount ratio at rural poverty line (% of population)","SI.POV.RUHC","","","","","","","","","","","","","","","","","","",
"Haiti","HTI","Poverty headcount ratio at urban poverty line (% of population)","SI.POV.URHC","","","","","","","","","","","","","","","","","","",
"Hungary","HUN","Poverty headcount ratio at national poverty line (% of population)","SI.POV.NAHC","","","","","","","","","","","","","","","","","","",
"Hungary","HUN","Poverty headcount ratio at rural poverty line (% of population)","SI.POV.RUHC","","","","","","","","","","","","","","","","","","",
"Hungary","HUN","Poverty headcount ratio at urban poverty line (% of population)","SI.POV.URHC","","","","","","","","","","","","","","","","","","",
"India","IND","Poverty headcount ratio at national poverty line (% of population)","SI.POV.NAHC","","","","","","","","","","","","","","","","","","",
"India","IND","Poverty headcount ratio at rural poverty line (% of population)","SI.POV.RUHC","","","","","","","","","","","","","","","","","","",
"India","IND","Poverty headcount ratio at urban poverty line (% of population)","SI.POV.URHC","","","","","","","","","","","","","","","","","","",
"Iraq","IRQ","Poverty headcount ratio at national poverty line (% of population)","SI.POV.NAHC","","","","","","","","","","","","","","","","","","",
"Iraq","IRQ","Poverty headcount ratio at rural poverty line (% of population)","SI.POV.RUHC","","","","","","","","","","","","","","","","","","",
"Iraq","IRQ","Poverty headcount ratio at urban poverty line (% of population)","SI.POV.URHC","","","","","","","","","","","","","","","","","","",
"Kazakhstan","KAZ","Poverty headcount ratio at national poverty line (% of population)","SI.POV.NAHC","","","","","","","","","","","","","","","","","","",
"Kazakhstan","KAZ","Poverty headcount ratio at rural poverty line (% of population)","SI.POV.RUHC","","","","","","","","","","","","","","","","","","",
"Kazakhstan","KAZ","Poverty headcount ratio at urban poverty line (% of population)","SI.POV.URHC","","","","","","","","","","","","","","","","","","",
"Kyrgyz Republic","KGZ","Poverty headcount ratio at national poverty line (% of population)","SI.POV.NAHC","","","","","","","","","","","","","","","","","","",
"Kyrgyz Republic","KGZ","Poverty headcount ratio at rural poverty line (% of population)","SI.POV.RUHC","","","","","","","","","","","","","","","","","","",
"Kyrgyz Republic","KGZ","Poverty headcount ratio at urban poverty line (% of population)","SI.POV.URHC","","","","","","","","","","","","","","","","","","",
"Lao PDR","LAO","Poverty headcount ratio at national poverty line (% of population)","SI.POV.NAHC","","","","","","","","","","","","","","","","","","",
"Lao PDR","LAO","Poverty headcount ratio at rural poverty line (% of population)","SI.POV.RUHC","","","","","","","","","","","","","","","","","","",
"Lao PDR","LAO","Poverty headcount ratio at urban poverty line (% of population)","SI.POV.URHC","","","","","","","","","","","","","","","","","","",
"Lebanon","LBN","Poverty headcount ratio at national poverty line (% of population)","SI.POV.NAHC","","","","","","","","","","","","","","","","","","",
"Lebanon","LBN","Poverty headcount ratio at rural poverty line (% of population)","SI.POV.RUHC","","","","","","","","","","","","","","","","","","",
"Lebanon","LBN","Poverty headcount ratio at urban poverty line (% of population)","SI.POV.URHC","","","","","","","","","","","","","","","","","","",
"Liberia","LBR","Poverty headcount ratio at national poverty line (% of population)","SI.POV.NAHC","","","","","","","","","","","","","","","","","","",
"Liberia","LBR","Poverty headcount ratio at rural poverty line (% of population)","SI.POV.RUHC","","","","","","","","","","","","","","","","","","",
"Liberia","LBR","Poverty headcount ratio at urban poverty line (% of population)","SI.POV.URHC","","","","","","","","","","","","","","","","","","",
"Sri Lanka","LKA","Poverty headcount ratio at national poverty line (% of population)","SI.POV.NAHC","","","","","","","","","","","","","","","","","","",
"Sri Lanka","LKA","Poverty headcount ratio at rural poverty line (% of population)","SI.POV.RUHC","","","","","","","","","","","","","","","","","","",
"Sri Lanka","LKA","Poverty headcount ratio at urban poverty line (% of population)","SI.POV.URHC","","","","","","","","","","","","","","","","","","",
"Latvia","LVA","Poverty headcount ratio at national poverty line (% of population)","SI.POV.NAHC","","","","","","","","","","","","","","","","","","",
"Latvia","LVA","Poverty headcount ratio at rural poverty line (% of population)","SI.POV.RUHC","","","","","","","","","","","","","","","","","","",
"Latvia","LVA","Poverty headcount ratio at urban poverty line (% of population)","SI.POV.URHC","","","","","","","","","","","","","","","","","","",
"Morocco","MAR","Poverty headcount ratio at national poverty line (% of population)","SI.POV.NAHC","","","","","","","","","","","","","","","","","","",
"Morocco","MAR","Poverty headcount ratio at rural poverty line (% of population)","SI.POV.RUHC","","","","","","","","","","","","","","","","","","",
"Morocco","MAR","Poverty headcount ratio at urban poverty line (% of population)","SI.POV.URHC","","","","","","","","","","","","","","","","","","",
"Moldova","MDA","Poverty headcount ratio at national poverty line (% of population)","SI.POV.NAHC","","","","","","","","","","","","","","","","","","",
"Moldova","MDA","Poverty headcount ratio at rural poverty line (% of population)","SI.POV.RUHC","","","","","","","","","","","","","","","","","","",
"Moldova","MDA","Poverty headcount ratio at urban poverty line (% of population)","SI.POV.URHC","","","","","","","","","","","","","","","","","","",
"Mexico","MEX","Poverty headcount ratio at national poverty line (% of population)","SI.POV.NAHC","","","","","","","","","","","","","","","","","","",
"Mexico","MEX","Poverty headcount ratio at rural poverty line (% of population)","SI.POV.RUHC","","","","","","","","","","","","","","","","","","",
"Mexico","MEX","Poverty headcount ratio at urban poverty line (% of population)","SI.POV.URHC","","","","","","","","","","","","","","","","","","",
"Montenegro","MNE","Poverty headcount ratio at national poverty line (% of population)","SI.POV.NAHC","","","","","","","","","","","","","","","","","","",
"Montenegro","MNE","Poverty headcount ratio at rural poverty line (% of population)","SI.POV.RUHC","","","","","","","","","","","","","","","","","","",
"Montenegro","MNE","Poverty headcount ratio at urban poverty line (% of population)","SI.POV.URHC","","","","","","","","","","","","","","","","","","",
"Mozambique","MOZ","Poverty headcount ratio at national poverty line (% of population)","SI.POV.NAHC","","","","","","","","","","","","","","","","","","",
"Mozambique","MOZ","Poverty headcount ratio at rural poverty line (% of population)","SI.POV.RUHC","","","","","","","","","","","","","","","","","","",
"Mozambique","MOZ","Poverty headcount ratio at urban poverty line (% of population)","SI.POV.URHC","","","","","","","","","","","","","","","","","","",
"Nigeria","NGA","Poverty headcount ratio at national poverty line (% of population)","SI.POV.NAHC","","","","","","","","","","","","","","","","","","",
"Nigeria","NGA","Poverty headcount ratio at rural poverty line (% of population)","SI.POV.RUHC","","","","","","","","","","","","","","","","","","",
"Nigeria","NGA","Poverty headcount ratio at urban poverty line (% of population)","SI.POV.URHC","","","","","","","","","","","","","","","","","","",
"Nepal","NPL","Poverty headcount ratio at national poverty line (% of population)","SI.POV.NAHC","","","","","","","","","","","","","","","","","","",
"Nepal","NPL","Poverty headcount ratio at rural poverty line (% of population)","SI.POV.RUHC","","","","","","","","","","","","","","","","","","",
"Nepal","NPL","Poverty headcount ratio at urban poverty line (% of population)","SI.POV.URHC","","","","","","","","","","","","","","","","","","",
"Panama","PAN","Poverty headcount ratio at national poverty line (% of population)","SI.POV.NAHC","","","","","","","","","","","","","","","","","","",
"Panama","PAN","Poverty headcount ratio at rural poverty line (% of population)","SI.POV.RUHC","","","","","","","","","","","","","","","","","","",
"Panama","PAN","Poverty headcount ratio at urban poverty line (% of population)","SI.POV.URHC","","","","","","","","","","","","","","","","","","",
"Peru","PER","Poverty headcount ratio at national poverty line (% of population)","SI.POV.NAHC","","","","","","","","","","","","","","","","","","",
"Peru","PER","Poverty headcount ratio at rural poverty line (% of population)","SI.POV.RUHC","","","","","","","","","","","","","","","","","","",
"Peru","PER","Poverty headcount ratio at urban poverty line (% of population)","SI.POV.URHC","","","","","","","","","","","","","","","","","","",
"Poland","POL","Poverty headcount ratio at national poverty line (% of population)","SI.POV.NAHC","","","","","","","","","","","","","","","","","","",
"Poland","POL","Poverty headcount ratio at rural poverty line (% of population)","SI.POV.RUHC","","","","","","","","","","","","","","","","","","",
"Poland","POL","Poverty headcount ratio at urban poverty line (% of population)","SI.POV.URHC","","","","","","","","","","","","","","","","","","",
"West Bank and Gaza","PSE","Poverty headcount ratio at national poverty line (% of population)","SI.POV.NAHC","","","","","","","","","","","","","","","","","","",
"West Bank and Gaza","PSE","Poverty headcount ratio at rural poverty line (% of population)","SI.POV.RUHC","","","","","","","","","","","","","","","","","","",
"West Bank and Gaza","PSE","Poverty headcount ratio at urban poverty line (% of population)","SI.POV.URHC","","","","","","","","","","","","","","","","","","",
"Romania","ROU","Poverty headcount ratio at national poverty line (% of population)","SI.POV.NAHC","","","","","","","","","","","","","","","","","","",
"Romania","ROU","Poverty headcount ratio at rural poverty line (% of population)","SI.POV.RUHC","","","","","","","","","","","","","","","","","","",
"Romania","ROU","Poverty headcount ratio at urban poverty line (% of population)","SI.POV.URHC","","","","","","","","","","","","","","","","","","",
"Russian Federation","RUS","Poverty headcount ratio at national poverty line (% of population)","SI.POV.NAHC","","","","","","","","","","","","","","","","","","",
"Russian Federation","RUS","Poverty headcount ratio at rural poverty line (% of population)","SI.POV.RUHC","","","","","","","","","","","","","","","","","","",
"Russian Federation","RUS","Poverty headcount ratio at urban poverty line (% of population)","SI.POV.URHC","","","","","","","","","","","","","","","","","","",
"Sudan","SDN","Poverty headcount ratio at national poverty line (% of population)","SI.POV.NAHC","","","","","","","","","","","","","","","","","","",
"Sudan","SDN","Poverty headcount ratio at rural poverty line (% of population)","SI.POV.RUHC","","","","","","","","","","","","","","","","","","",
"Sudan","SDN","Poverty headcount ratio at urban poverty line (% of population)","SI.POV.URHC","","","","","","","","","","","","","","","","","","",
"Sierra Leone","SLE","Poverty headcount ratio at national poverty line (% of population)","SI.POV.NAHC","","","","","","","","","","","","","","","","","","",
"Sierra Leone","SLE","Poverty headcount ratio at rural poverty line (% of population)","SI.POV.RUHC","","","","","","","","","","","","","","","","","","",
"Sierra Leone","SLE","Poverty headcount ratio at urban poverty line (% of population)","SI.POV.URHC","","","","","","","","","","","","","","","","","","",
"El Salvador","SLV","Poverty headcount ratio at national poverty line (% of population)","SI.POV.NAHC","","","","","","","","","","","","","","","","","","",
"El Salvador","SLV","Poverty headcount ratio at rural poverty line (% of population)","SI.POV.RUHC","","","","","","","","","","","","","","","","","","",
"El Salvador","SLV","Poverty headcount ratio at urban poverty line (% of population)","SI.POV.URHC","","","","","","","","","","","","","","","","","","",
"South Sudan","SSD","Poverty headcount ratio at national poverty line (% of population)","SI.POV.NAHC","","","","","","","","","","","","","","","","","","",
"South Sudan","SSD","Poverty headcount ratio at rural poverty line (% of population)","SI.POV.RUHC","","","","","","","","","","","","","","","","","","",
"South Sudan","SSD","Poverty headcount ratio at urban poverty line (% of population)","SI.POV.URHC","","","","","","","","","","","","","","","","","","",
"Slovak Republic","SVK","Poverty headcount ratio at national poverty line (% of population)","SI.POV.NAHC","","","","","","","","","","","","","","","","","","",
"Slovak Republic","SVK","Poverty headcount ratio at rural poverty line (% of population)","SI.POV.RUHC","","","","","","","","","","","","","","","","","","",
"Slovak Republic","SVK","Poverty headcount ratio at urban poverty line (% of population)","SI.POV.URHC","","","","","","","","","","","","","","","","","","",
"Slovenia","SVN","Poverty headcount ratio at national poverty line (% of population)","SI.POV.NAHC","","","","","","","","","","","","","","","13.6","13.5","","",
"Slovenia","SVN","Poverty headcount ratio at rural poverty line (% of population)","SI.POV.RUHC","","","","","","","","","","","","","","","","","","",
"Slovenia","SVN","Poverty headcount ratio at urban poverty line (% of population)","SI.POV.URHC","","","","","","","","","","","","","","","","","","",
"Syrian Arab Republic","SYR","Poverty headcount ratio at national poverty line (% of population)","SI.POV.NAHC","","","","","","","","","","","","33.6","","","","","","",
"Syrian Arab Republic","SYR","Poverty headcount ratio at rural poverty line (% of population)","SI.POV.RUHC","","","","","","","","","","","","","","","","","","",
"Syrian Arab Republic","SYR","Poverty headcount ratio at urban poverty line (% of population)","SI.POV.URHC","","","","","","","","","","","","","","","","","","",
"Togo","TGO","Poverty headcount ratio at national poverty line (% of population)","SI.POV.NAHC","","","","","","","","","","","","","","","","","","",
"Togo","TGO","Poverty headcount ratio at rural poverty line (% of population)","SI.POV.RUHC","","","","","","","","","","","","","","","","","","",
"Togo","TGO","Poverty headcount ratio at urban poverty line (% of population)","SI.POV.URHC","","","","","","","","","","","","","","","","","","",
"Tajikistan","TJK","Poverty headcount ratio at national poverty line (% of population)","SI.POV.NAHC","","","","","","","","","","","","","","","","","","",
"Tajikistan","TJK","Poverty headcount ratio at rural poverty line (% of population)","SI.POV.RUHC","","","","","","","","","","","","","","","","","","",
"Tajikistan","TJK","Poverty headcount ratio at urban poverty line (% of population)","SI.POV.URHC","","","","","","","","","","","","","","","","","","",
"Timor-Leste","TLS","Poverty headcount ratio at national poverty line (% of population)","SI.POV.NAHC","","","","","","","","","","","","","","","","","","",
"Timor-Leste","TLS","Poverty headcount ratio at rural poverty line (% of population)","SI.POV.RUHC","","","","","","","","","","","","","","","","","","",
"Timor-Leste","TLS","Poverty headcount ratio at urban poverty line (% of population)","SI.POV.URHC","","","","","","","","","","","","","","","","","","",
"Tunisia","TUN","Poverty headcount ratio at national poverty line (% of population)","SI.POV.NAHC","","","","","","","","","","","","","","","","","","",
"Tunisia","TUN","Poverty headcount ratio at rural poverty line (% of population)","SI.POV.RUHC","","","","","","","","","","","","","","","","","","",
"Tunisia","TUN","Poverty headcount ratio at urban poverty line (% of population)","SI.POV.URHC","","","","","","","","","","","","","","","","","","",
"Vietnam","VNM","Poverty headcount ratio at national poverty line (% of population)","SI.POV.NAHC","","","","","","","","","","","","","","","","","","",
"Vietnam","VNM","Poverty headcount ratio at rural poverty line (% of population)","SI.POV.RUHC","","","","","","","","","","","","","","","","","","",
"Vietnam","VNM","Poverty headcount ratio at urban poverty line (% of population)","SI.POV.URHC","","","","","","","","","","","","","","","","","","",
"Yemen, Rep.","YEM","Poverty headcount ratio at national poverty line (% of population)","SI.POV.NAHC","","","","","","","","","","","","","","","","","","",
"Yemen, Rep.","YEM","Poverty headcount ratio at rural poverty line (% of population)","SI.POV.RUHC","","","","","","","","","","","","","","","","","","",
"Yemen, Rep.","YEM","Poverty headcount ratio at urban poverty line (% of population)","SI.POV.URHC","","","","","","","","","","","","","","","","","","",
"Zambia","ZMB","Poverty headcount ratio at national poverty line (% of population)","SI.POV.NAHC","","","","","","","","","","","","","","","","","","",
"Zambia","ZMB","Poverty headcount ratio at rural poverty line (% of population)","SI.POV.RUHC","","","","","","","","","","","","","","","","","","",
"Zambia","ZMB","Poverty headcount ratio at urban poverty line (% of population)","SI.POV.URHC","","","","","","","","","","","","","","","","","","",
"Afghanistan, Central","AFG_Central_AGG001","Poverty headcount ratio at national poverty line (% of population)","SI.POV.NAHC","","","","","","","","","","","","29.004498","","","","27.979639","","",
"Afghanistan, Central","AFG_Central_AGG001","Poverty headcount ratio at rural poverty line (% of population)","SI.POV.RUHC","","","","","","","","","","","","","","","","","","",
"Afghanistan, Central","AFG_Central_AGG001","Poverty headcount ratio at urban poverty line (% of population)","SI.POV.URHC","","","","","","","","","","","","","","","","","","",
"Afghanistan, East","AFG_East_AGG002","Poverty headcount ratio at national poverty line (% of population)","SI.POV.NAHC","","","","","","","","","","","","45.355446","","","","43.090862","","",
"Afghanistan, East","AFG_East_AGG002","Poverty headcount ratio at rural poverty line (% of population)","SI.POV.RUHC","","","","","","","","","","","","","","","","","","",
"Afghanistan, East","AFG_East_AGG002","Poverty headcount ratio at urban poverty line (% of population)","SI.POV.URHC","","","","","","","","","","","","","","","","","","",
"Afghanistan, North","AFG_North_AGG007_6","Poverty headcount ratio at national poverty line (% of population)","SI.POV.NAHC","","","","","","","","","","","","39.267792","","","","32.743252","","",
"Afghanistan, North","AFG_North_AGG007_6","Poverty headcount ratio at rural poverty line (% of population)","SI.POV.RUHC","","","","","","","","","","","","","","","","","","",
"Afghanistan, North","AFG_North_AGG007_6","Poverty headcount ratio at urban poverty line (% of population)","SI.POV.URHC","","","","","","","","","","","","","","","","","","",
"Afghanistan, North East","AFG_North_East_AGG003","Poverty headcount ratio at national poverty line (% of population)","SI.POV.NAHC","","","","","","","","","","","","36.343155","","","","49.695","","",
"Afghanistan, North East","AFG_North_East_AGG003","Poverty headcount ratio at rural poverty line (% of population)","SI.POV.RUHC","","","","","","","","","","","","","","","","","","",
"Afghanistan, North East","AFG_North_East_AGG003","Poverty headcount ratio at urban poverty line (% of population)","SI.POV.URHC","","","","","","","","","","","","","","","","","","",
"Afghanistan, South","AFG_South_AGG007_7","Poverty headcount ratio at national poverty line (% of population)","SI.POV.NAHC","","","","","","","","","","","","41.421875","","","","38.444237","","",
"Afghanistan, South","AFG_South_AGG007_7","Poverty headcount ratio at rural poverty line (% of population)","SI.POV.RUHC","","","","","","","","","","","","","","","","","","",
"Afghanistan, South","AFG_South_AGG007_7","Poverty headcount ratio at urban poverty line (% of population)","SI.POV.URHC","","","","","","","","","","","","","","","","","","",
"Afghanistan, South West","AFG_South_West_AGG006","Poverty headcount ratio at national poverty line (% of population)","SI.POV.NAHC","","","","","","","","","","","","29.65061","","","","27.731417","","",
"Afghanistan, South West","AFG_South_West_AGG006","Poverty headcount ratio at rural poverty line (% of population)","SI.POV.RUHC","","","","","","","","","","","","","","","","","","",
"Afghanistan, South West","AFG_South_West_AGG006","Poverty headcount ratio at urban poverty line (% of population)","SI.POV.URHC","","","","","","","","","","","","","","","","","","",
"Afghanistan, West","AFG_West_AGG007","Poverty headcount ratio at national poverty line (% of population)","SI.POV.NAHC","","","","","","","","","","","","34.369698","","","","30.06987","","",
"Afghanistan, West","AFG_West_AGG007","Poverty headcount ratio at rural poverty line (% of population)","SI.POV.RUHC","","","","","","","","","","","","","","","","","","",
"Afghanistan, West","AFG_West_AGG007","Poverty headcount ratio at urban poverty line (% of population)","SI.POV.URHC","","","","","","","","","","","","","","","","","","",
"Afghanistan, West Central","AFG_West_Central_AGG132","Poverty headcount ratio at national poverty line (% of population)","SI.POV.NAHC","","","","","","","","","","","","46.28072","","","","46.059158","","",
"Afghanistan, West Central","AFG_West_Central_AGG132","Poverty headcount ratio at rural poverty line (% of population)","SI.POV.RUHC","","","","","","","","","","","","","","","","","","",
"Afghanistan, West Central","AFG_West_Central_AGG132","Poverty headcount ratio at urban poverty line (% of population)","SI.POV.URHC","","","","","","","","","","","","","","","","","","",
"Albania, Central","ALB_Central_AGG008","Poverty headcount ratio at national poverty line (% of population)","SI.POV.NAHC","","","","","","","","","","","","","10.7","","","","12.5","",
"Albania, Central","ALB_Central_AGG008","Poverty headcount ratio at rural poverty line (% of population)","SI.POV.RUHC","","","","","","","","","","","","","","","","","","",
"Albania, Central","ALB_Central_AGG008","Poverty headcount ratio at urban poverty line (% of population)","SI.POV.URHC","","","","","","","","","","","","","","","","","","",
"Albania, Coastal","ALB_Coastal_AGG008.5","Poverty headcount ratio at national poverty line (% of population)","SI.POV.NAHC","","","","","","","","","","","","","13","","","","17.6","",
"Albania, Coastal","ALB_Coastal_AGG008.5","Poverty headcount ratio at rural poverty line (% of population)","SI.POV.RUHC","","","","","","","","","","","","","","","","","","",
"Albania, Coastal","ALB_Coastal_AGG008.5","Poverty headcount ratio at urban poverty line (% of population)","SI.POV.URHC","","","","","","","","","","","","","","","","","","",
"Albania, Mountain","ALB_Mountain_AGG008.51","Poverty headcount ratio at national poverty line (% of population)","SI.POV.NAHC","","","","","","","","","","","","","26.6","","","","15.3","",
"Albania, Mountain","ALB_Mountain_AGG008.51","Poverty headcount ratio at rural poverty line (% of population)","SI.POV.RUHC","","","","","","","","","","","","","","","","","","",
"Albania, Mountain","ALB_Mountain_AGG008.51","Poverty headcount ratio at urban poverty line (% of population)","SI.POV.URHC","","","","","","","","","","","","","","","","","","",
"Albania, Tirana","ALB_Tirane_AL.TI_338_ALB034","Poverty headcount ratio at national poverty line (% of population)","SI.POV.NAHC","","","","","","","","","","","","","8.7","","","","12.6","",
"Albania, Tirana","ALB_Tirane_AL.TI_338_ALB034","Poverty headcount ratio at rural poverty line (% of population)","SI.POV.RUHC","","","","","","","","","","","","","","","","","","",
"Albania, Tirana","ALB_Tirane_AL.TI_338_ALB034","Poverty headcount ratio at urban poverty line (% of population)","SI.POV.URHC","","","","","","","","","","","","","","","","","","",
"Armenia, Aragatsotn","ARM_Aragatsotn_AM.AG_453_ARM001","Poverty headcount ratio at national poverty line (% of population)","SI.POV.NAHC","","","","","","","","","","","","","","","","","21.2","",
"Armenia, Aragatsotn","ARM_Aragatsotn_AM.AG_453_ARM001","Poverty headcount ratio at rural poverty line (% of population)","SI.POV.RUHC","","","","","","","","","","","","","","","","","","",
"Armenia, Aragatsotn","ARM_Aragatsotn_AM.AG_453_ARM001","Poverty headcount ratio at urban poverty line (% of population)","SI.POV.URHC","","","","","","","","","","","","","","","","","","",
"Armenia, Ararat","ARM_Ararat_AM.AR_454_ARM002","Poverty headcount ratio at national poverty line (% of population)","SI.POV.NAHC","","","","","","","","","","","","","","","","","34.6","",
"Armenia, Ararat","ARM_Ararat_AM.AR_454_ARM002","Poverty headcount ratio at rural poverty line (% of population)","SI.POV.RUHC","","","","","","","","","","","","","","","","","","",
"Armenia, Ararat","ARM_Ararat_AM.AR_454_ARM002","Poverty headcount ratio at urban poverty line (% of population)","SI.POV.URHC","","","","","","","","","","","","","","","","","","",
"Armenia, Armavir","ARM_Armavir_AM.AV_455_ARM003","Poverty headcount ratio at national poverty line (% of population)","SI.POV.NAHC","","","","","","","","","","","","","","","","","34.3","",
"Armenia, Armavir","ARM_Armavir_AM.AV_455_ARM003","Poverty headcount ratio at rural poverty line (% of population)","SI.POV.RUHC","","","","","","","","","","","","","","","","","","",
"Armenia, Armavir","ARM_Armavir_AM.AV_455_ARM003","Poverty headcount ratio at urban poverty line (% of population)","SI.POV.URHC","","","","","","","","","","","","","","","","","","",
"Armenia, Gergharkunik","ARM_Gergharkunik_AM.GR_456_ARM004","Poverty headcount ratio at national poverty line (% of population)","SI.POV.NAHC","","","","","","","","","","","","","","","","","35.5","",
"Armenia, Gergharkunik","ARM_Gergharkunik_AM.GR_456_ARM004","Poverty headcount ratio at rural poverty line (% of population)","SI.POV.RUHC","","","","","","","","","","","","","","","","","","",
"Armenia, Gergharkunik","ARM_Gergharkunik_AM.GR_456_ARM004","Poverty headcount ratio at urban poverty line (% of population)","SI.POV.URHC","","","","","","","","","","","","","","","","","","",
"Armenia, Kotayk","ARM_Kotayk_AM.KT_457_ARM005","Poverty headcount ratio at national poverty line (% of population)","SI.POV.NAHC","","","","","","","","","","","","","","","","","42.5","",
"Armenia, Kotayk","ARM_Kotayk_AM.KT_457_ARM005","Poverty headcount ratio at rural poverty line (% of population)","SI.POV.RUHC","","","","","","","","","","","","","","","","","","",
"Armenia, Kotayk","ARM_Kotayk_AM.KT_457_ARM005","Poverty headcount ratio at urban poverty line (% of population)","SI.POV.URHC","","","","","","","","","","","","","","","","","","",
"Armenia, Lori","ARM_Lori_AM.LO_458_ARM006","Poverty headcount ratio at national poverty line (% of population)","SI.POV.NAHC","","","","","","","","","","","","","","","","","38.7","",
"Armenia, Lori","ARM_Lori_AM.LO_458_ARM006","Poverty headcount ratio at rural poverty line (% of population)","SI.POV.RUHC","","","","","","","","","","","","","","","","","","",
"Armenia, Lori","ARM_Lori_AM.LO_458_ARM006","Poverty headcount ratio at urban poverty line (% of population)","SI.POV.URHC","","","","","","","","","","","","","","","","","","",
"Armenia, Shirak","ARM_Shirak_AM.SH_460_ARM007","Poverty headcount ratio at national poverty line (% of population)","SI.POV.NAHC","","","","","","","","","","","","","","","","","46","",
"Armenia, Shirak","ARM_Shirak_AM.SH_460_ARM007","Poverty headcount ratio at rural poverty line (% of population)","SI.POV.RUHC","","","","","","","","","","","","","","","","","","",
"Armenia, Shirak","ARM_Shirak_AM.SH_460_ARM007","Poverty headcount ratio at urban poverty line (% of population)","SI.POV.URHC","","","","","","","","","","","","","","","","","","",
"Armenia, Syunik","ARM_Syunik_AM.SU_461_ARM008","Poverty headcount ratio at national poverty line (% of population)","SI.POV.NAHC","","","","","","","","","","","","","","","","","25.6","",
"Armenia, Syunik","ARM_Syunik_AM.SU_461_ARM008","Poverty headcount ratio at rural poverty line (% of population)","SI.POV.RUHC","","","","","","","","","","","","","","","","","","",
"Armenia, Syunik","ARM_Syunik_AM.SU_461_ARM008","Poverty headcount ratio at urban poverty line (% of population)","SI.POV.URHC","","","","","","","","","","","","","","","","","","",
"Armenia, Tavush","ARM_Tavush_AM.TV_462_ARM009","Poverty headcount ratio at national poverty line (% of population)","SI.POV.NAHC","","","","","","","","","","","","","","","","","27.5","",
"Armenia, Tavush","ARM_Tavush_AM.TV_462_ARM009","Poverty headcount ratio at rural poverty line (% of population)","SI.POV.RUHC","","","","","","","","","","","","","","","","","","",
"Armenia, Tavush","ARM_Tavush_AM.TV_462_ARM009","Poverty headcount ratio at urban poverty line (% of population)","SI.POV.URHC","","","","","","","","","","","","","","","","","","",
"Armenia, Vayots Dzor","ARM_Vayots_Dzor_AM.VD_463_ARM010","Poverty headcount ratio at national poverty line (% of population)","SI.POV.NAHC","","","","","","","","","","","","","","","","","20.7","",
"Armenia, Vayots Dzor","ARM_Vayots_Dzor_AM.VD_463_ARM010","Poverty headcount ratio at rural poverty line (% of population)","SI.POV.RUHC","","","","","","","","","","","","","","","","","","",
"Armenia, Vayots Dzor","ARM_Vayots_Dzor_AM.VD_463_ARM010","Poverty headcount ratio at urban poverty line (% of population)","SI.POV.URHC","","","","","","","","","","","","","","","","","","",
"Armenia, Yerevan","ARM_Yerevan_AM.ER_464_ARM011","Poverty headcount ratio at national poverty line (% of population)","SI.POV.NAHC","","","","","","","","","","","","","","","","","25.6","",
"Armenia, Yerevan","ARM_Yerevan_AM.ER_464_ARM011","Poverty headcount ratio at rural poverty line (% of population)","SI.POV.RUHC","","","","","","","","","","","","","","","","","","",
"Armenia, Yerevan","ARM_Yerevan_AM.ER_464_ARM011","Poverty headcount ratio at urban poverty line (% of population)","SI.POV.URHC","","","","","","","","","","","","","","","","","","",
"Bangladesh, Barisal","BGD_Barisal_BD.BA_575_BGD001","Poverty headcount ratio at national poverty line (% of population)","SI.POV.NAHC","","","","","53.1","","","","","52","","","","","39.4","","","",
"Bangladesh, Barisal","BGD_Barisal_BD.BA_575_BGD001","Poverty headcount ratio at rural poverty line (% of population)","SI.POV.RUHC","","","","","","","","","","","","","","","","","","",
"Bangladesh, Barisal","BGD_Barisal_BD.BA_575_BGD001","Poverty headcount ratio at urban poverty line (% of population)","SI.POV.URHC","","","","","","","","","","","","","","","","","","",
"Bangladesh, Chittagong","BGD_Chittagong_BD.CG_576_BGD002","Poverty headcount ratio at national poverty line (% of population)","SI.POV.NAHC","","","","","45.7","","","","","34","","","","","26.2","","","",
"Bangladesh, Chittagong","BGD_Chittagong_BD.CG_576_BGD002","Poverty headcount ratio at rural poverty line (% of population)","SI.POV.RUHC","","","","","","","","","","","","","","","","","","",
"Bangladesh, Chittagong","BGD_Chittagong_BD.CG_576_BGD002","Poverty headcount ratio at urban poverty line (% of population)","SI.POV.URHC","","","","","","","","","","","","","","","","","","",
"Bangladesh, Dhaka","BGD_Dhaka_BD.DA_577_BGD003","Poverty headcount ratio at national poverty line (% of population)","SI.POV.NAHC","","","","","46.7","","","","","32","","","","","30.5","","","",
"Bangladesh, Dhaka","BGD_Dhaka_BD.DA_577_BGD003","Poverty headcount ratio at rural poverty line (% of population)","SI.POV.RUHC","","","","","","","","","","","","","","","","","","",
"Bangladesh, Dhaka","BGD_Dhaka_BD.DA_577_BGD003","Poverty headcount ratio at urban poverty line (% of population)","SI.POV.URHC","","","","","","","","","","","","","","","","","","",
"Bangladesh, Khulna","BGD_Khulna_BD.KH_578_BGD004","Poverty headcount ratio at national poverty line (% of population)","SI.POV.NAHC","","","","","45.1","","","","","45.7","","","","","32.1","","","",
"Bangladesh, Khulna","BGD_Khulna_BD.KH_578_BGD004","Poverty headcount ratio at rural poverty line (% of population)","SI.POV.RUHC","","","","","","","","","","","","","","","","","","",
"Bangladesh, Khulna","BGD_Khulna_BD.KH_578_BGD004","Poverty headcount ratio at urban poverty line (% of population)","SI.POV.URHC","","","","","","","","","","","","","","","","","","",
"Bangladesh, Rajshahi","BGD_Rajshahi_BD.RJ_61362_BGD005","Poverty headcount ratio at national poverty line (% of population)","SI.POV.NAHC","","","","","56.7","","","","","51.2","","","","","35.6","","","",
"Bangladesh, Rajshahi","BGD_Rajshahi_BD.RJ_61362_BGD005","Poverty headcount ratio at rural poverty line (% of population)","SI.POV.RUHC","","","","","","","","","","","","","","","","","","",
"Bangladesh, Rajshahi","BGD_Rajshahi_BD.RJ_61362_BGD005","Poverty headcount ratio at urban poverty line (% of population)","SI.POV.URHC","","","","","","","","","","","","","","","","","","",
"Bangladesh, Sylhet","BGD_Sylhet_BD.SY_580_BGD006","Poverty headcount ratio at national poverty line (% of population)","SI.POV.NAHC","","","","","42.4","","","","","33.8","","","","","28.1","","","",
"Bangladesh, Sylhet","BGD_Sylhet_BD.SY_580_BGD006","Poverty headcount ratio at rural poverty line (% of population)","SI.POV.RUHC","","","","","","","","","","","","","","","","","","",
"Bangladesh, Sylhet","BGD_Sylhet_BD.SY_580_BGD006","Poverty headcount ratio at urban poverty line (% of population)","SI.POV.URHC","","","","","","","","","","","","","","","","","","",
"Bulgaria, Severen tsentralen","BGR_Severen_tsentralen_AGG011","Poverty headcount ratio at national poverty line (% of population)","SI.POV.NAHC","","","","","","","","","","","","","","","28","23.6","","",
"Bulgaria, Severen tsentralen","BGR_Severen_tsentralen_AGG011","Poverty headcount ratio at rural poverty line (% of population)","SI.POV.RUHC","","","","","","","","","","","","","","","","","","",
"Bulgaria, Severen tsentralen","BGR_Severen_tsentralen_AGG011","Poverty headcount ratio at urban poverty line (% of population)","SI.POV.URHC","","","","","","","","","","","","","","","","","","",
"Bulgaria, Severoiztochen","BGR_Severoiztochen_AGG012","Poverty headcount ratio at national poverty line (% of population)","SI.POV.NAHC","","","","","","","","","","","","","","","26","24","","",
"Bulgaria, Severoiztochen","BGR_Severoiztochen_AGG012","Poverty headcount ratio at rural poverty line (% of population)","SI.POV.RUHC","","","","","","","","","","","","","","","","","","",
"Bulgaria, Severoiztochen","BGR_Severoiztochen_AGG012","Poverty headcount ratio at urban poverty line (% of population)","SI.POV.URHC","","","","","","","","","","","","","","","","","","",
"Bulgaria, Severozapaden","BGR_Severozapaden_AGG0106","Poverty headcount ratio at national poverty line (% of population)","SI.POV.NAHC","","","","","","","","","","","","","","","31.4","29.4","","",
"Bulgaria, Severozapaden","BGR_Severozapaden_AGG0106","Poverty headcount ratio at rural poverty line (% of population)","SI.POV.RUHC","","","","","","","","","","","","","","","","","","",
"Bulgaria, Severozapaden","BGR_Severozapaden_AGG0106","Poverty headcount ratio at urban poverty line (% of population)","SI.POV.URHC","","","","","","","","","","","","","","","","","","",
"Bulgaria, Yugoiztochen","BGR_Yugoiztochen_AGG013","Poverty headcount ratio at national poverty line (% of population)","SI.POV.NAHC","","","","","","","","","","","","","","","23.9","24","","",
"Bulgaria, Yugoiztochen","BGR_Yugoiztochen_AGG013","Poverty headcount ratio at rural poverty line (% of population)","SI.POV.RUHC","","","","","","","","","","","","","","","","","","",
"Bulgaria, Yugoiztochen","BGR_Yugoiztochen_AGG013","Poverty headcount ratio at urban poverty line (% of population)","SI.POV.URHC","","","","","","","","","","","","","","","","","","",
"Bulgaria, Yugozapaden","BGR_Yugozapaden_AGG076","Poverty headcount ratio at national poverty line (% of population)","SI.POV.NAHC","","","","","","","","","","","","","","","11.2","10.9","","",
"Bulgaria, Yugozapaden","BGR_Yugozapaden_AGG076","Poverty headcount ratio at rural poverty line (% of population)","SI.POV.RUHC","","","","","","","","","","","","","","","","","","",
"Bulgaria, Yugozapaden","BGR_Yugozapaden_AGG076","Poverty headcount ratio at urban poverty line (% of population)","SI.POV.URHC","","","","","","","","","","","","","","","","","","",
"Bulgaria, Yuzhen tsentralen","BGR_Yuzhen_tsentralen_AGG014","Poverty headcount ratio at national poverty line (% of population)","SI.POV.NAHC","","","","","","","","","","","","","","","25.3","26.1","","",
"Bulgaria, Yuzhen tsentralen","BGR_Yuzhen_tsentralen_AGG014","Poverty headcount ratio at rural poverty line (% of population)","SI.POV.RUHC","","","","","","","","","","","","","","","","","","",
"Bulgaria, Yuzhen tsentralen","BGR_Yuzhen_tsentralen_AGG014","Poverty headcount ratio at urban poverty line (% of population)","SI.POV.URHC","","","","","","","","","","","","","","","","","","",
"Bosnia and Herzegovina, Brcko","BIH_Brcko_6262","Poverty headcount ratio at national poverty line (% of population)","SI.POV.NAHC","","","","","","","","","9.5","","","25.8","","","","14.7","","",
"Bosnia and Herzegovina, Brcko","BIH_Brcko_6262","Poverty headcount ratio at rural poverty line (% of population)","SI.POV.RUHC","","","","","","","","","","","","","","","","","","",
"Bosnia and Herzegovina, Brcko","BIH_Brcko_6262","Poverty headcount ratio at urban poverty line (% of population)","SI.POV.URHC","","","","","","","","","","","","","","","","","","",
"Bosnia and Herzegovina, Federacija Bosne I Hercegovine","BIH_Federacija_BosneIHercegovine_BA.FE_652_BIH001","Poverty headcount ratio at national poverty line (% of population)","SI.POV.NAHC","","","","","","","","","18.8","","","17","","","","17.1","","",
"Bosnia and Herzegovina, Federacija Bosne I Hercegovine","BIH_Federacija_BosneIHercegovine_BA.FE_652_BIH001","Poverty headcount ratio at rural poverty line (% of population)","SI.POV.RUHC","","","","","","","","","","","","","","","","","","",
"Bosnia and Herzegovina, Federacija Bosne I Hercegovine","BIH_Federacija_BosneIHercegovine_BA.FE_652_BIH001","Poverty headcount ratio at urban poverty line (% of population)","SI.POV.URHC","","","","","","","","","","","","","","","","","","",
"Bosnia and Herzegovina, Republika Srpska","BIH_Republika_Srpska_BA.RE_653_BIH002","Poverty headcount ratio at national poverty line (% of population)","SI.POV.NAHC","","","","","","","","","17.8","","","20.1","","","","19.5","","",
"Bosnia and Herzegovina, Republika Srpska","BIH_Republika_Srpska_BA.RE_653_BIH002","Poverty headcount ratio at rural poverty line (% of population)","SI.POV.RUHC","","","","","","","","","","","","","","","","","","",
"Bosnia and Herzegovina, Republika Srpska","BIH_Republika_Srpska_BA.RE_653_BIH002","Poverty headcount ratio at urban poverty line (% of population)","SI.POV.URHC","","","","","","","","","","","","","","","","","","",
"Belarus, Brest","BLR_Brest_BY.BR_593_BLR001","Poverty headcount ratio at national poverty line (% of population)","SI.POV.NAHC","","","","","","","","","","","","","","","","","8.3","7.3",
"Belarus, Brest","BLR_Brest_BY.BR_593_BLR001","Poverty headcount ratio at rural poverty line (% of population)","SI.POV.RUHC","","","","","","","","","","","","","","","","","","",
"Belarus, Brest","BLR_Brest_BY.BR_593_BLR001","Poverty headcount ratio at urban poverty line (% of population)","SI.POV.URHC","","","","","","","","","","","","","","","","","","",
"Belarus, Gomel","BLR_Gomel_BY.GO_594_BLR002","Poverty headcount ratio at national poverty line (% of population)","SI.POV.NAHC","","","","","","","","","","","","","","","","","8.5","7.9",
"Belarus, Gomel","BLR_Gomel_BY.GO_594_BLR002","Poverty headcount ratio at rural poverty line (% of population)","SI.POV.RUHC","","","","","","","","","","","","","","","","","","",
"Belarus, Gomel","BLR_Gomel_BY.GO_594_BLR002","Poverty headcount ratio at urban poverty line (% of population)","SI.POV.URHC","","","","","","","","","","","","","","","","","","",
"Belarus, Grodno","BLR_Grodno_BY.GR_595_BLR003","Poverty headcount ratio at national poverty line (% of population)","SI.POV.NAHC","","","","","","","","","","","","","","","","","5.8","4.5",
"Belarus, Grodno","BLR_Grodno_BY.GR_595_BLR003","Poverty headcount ratio at rural poverty line (% of population)","SI.POV.RUHC","","","","","","","","","","","","","","","","","","",
"Belarus, Grodno","BLR_Grodno_BY.GR_595_BLR003","Poverty headcount ratio at urban poverty line (% of population)","SI.POV.URHC","","","","","","","","","","","","","","","","","","",
"Belarus, Minsk","BLR_Minsk_BY.MI_596_BLR004","Poverty headcount ratio at national poverty line (% of population)","SI.POV.NAHC","","","","","","","","","","","","","","","","","6.1","5.4",
"Belarus, Minsk","BLR_Minsk_BY.MI_596_BLR004","Poverty headcount ratio at rural poverty line (% of population)","SI.POV.RUHC","","","","","","","","","","","","","","","","","","",
"Belarus, Minsk","BLR_Minsk_BY.MI_596_BLR004","Poverty headcount ratio at urban poverty line (% of population)","SI.POV.URHC","","","","","","","","","","","","","","","","","","",
"Belarus, Minsk City","BLR_Minsk_City_BY.MC_597_BLR007","Poverty headcount ratio at national poverty line (% of population)","SI.POV.NAHC","","","","","","","","","","","","","","","","","1.8","1.3",
"Belarus, Minsk City","BLR_Minsk_City_BY.MC_597_BLR007","Poverty headcount ratio at rural poverty line (% of population)","SI.POV.RUHC","","","","","","","","","","","","","","","","","","",
"Belarus, Minsk City","BLR_Minsk_City_BY.MC_597_BLR007","Poverty headcount ratio at urban poverty line (% of population)","SI.POV.URHC","","","","","","","","","","","","","","","","","","",
"Belarus, Mogilev","BLR_Mogilev_BY.MO_598_BLR005","Poverty headcount ratio at national poverty line (% of population)","SI.POV.NAHC","","","","","","","","","","","","","","","","","7","6.7",
"Belarus, Mogilev","BLR_Mogilev_BY.MO_598_BLR005","Poverty headcount ratio at rural poverty line (% of population)","SI.POV.RUHC","","","","","","","","","","","","","","","","","","",
"Belarus, Mogilev","BLR_Mogilev_BY.MO_598_BLR005","Poverty headcount ratio at urban poverty line (% of population)","SI.POV.URHC","","","","","","","","","","","","","","","","","","",
"Belarus, Vitebsk","BLR_Vitebsk_BY.VI_599_BLR006","Poverty headcount ratio at national poverty line (% of population)","SI.POV.NAHC","","","","","","","","","","","","","","","","","7.8","6.5",
"Belarus, Vitebsk","BLR_Vitebsk_BY.VI_599_BLR006","Poverty headcount ratio at rural poverty line (% of population)","SI.POV.RUHC","","","","","","","","","","","","","","","","","","",
"Belarus, Vitebsk","BLR_Vitebsk_BY.VI_599_BLR006","Poverty headcount ratio at urban poverty line (% of population)","SI.POV.URHC","","","","","","","","","","","","","","","","","","",
"Bolivia, Beni and Pando","BOL_Beni_and_Pando_AGG084.55","Poverty headcount ratio at national poverty line (% of population)","SI.POV.NAHC","","","","","","","","","","","","","","","","46.95","","",
"Bolivia, Beni and Pando","BOL_Beni_and_Pando_AGG084.55","Poverty headcount ratio at rural poverty line (% of population)","SI.POV.RUHC","","","","","","","","","","","","","","","","","","",
"Bolivia, Beni and Pando","BOL_Beni_and_Pando_AGG084.55","Poverty headcount ratio at urban poverty line (% of population)","SI.POV.URHC","","","","","","","","","","","","","","","","","","",
"Bolivia, Chuquisaca","BOL_Chuquisaca_BO.CH_40444_BOL002","Poverty headcount ratio at national poverty line (% of population)","SI.POV.NAHC","","","","","","","","","","","","","","","","64.02","","",
"Bolivia, Chuquisaca","BOL_Chuquisaca_BO.CH_40444_BOL002","Poverty headcount ratio at rural poverty line (% of population)","SI.POV.RUHC","","","","","","","","","","","","","","","","","","",
"Bolivia, Chuquisaca","BOL_Chuquisaca_BO.CH_40444_BOL002","Poverty headcount ratio at urban poverty line (% of population)","SI.POV.URHC","","","","","","","","","","","","","","","","","","",
"Bolivia, Cochabamba","BOL_Cochabamba_BO.CO_40445_BOL003","Poverty headcount ratio at national poverty line (% of population)","SI.POV.NAHC","","","","","","","","","","","","","","","","43.85","","",
"Bolivia, Cochabamba","BOL_Cochabamba_BO.CO_40445_BOL003","Poverty headcount ratio at rural poverty line (% of population)","SI.POV.RUHC","","","","","","","","","","","","","","","","","","",
"Bolivia, Cochabamba","BOL_Cochabamba_BO.CO_40445_BOL003","Poverty headcount ratio at urban poverty line (% of population)","SI.POV.URHC","","","","","","","","","","","","","","","","","","",
"Bolivia, La Paz","BOL_La_Paz_BO.LP_40446_BOL004","Poverty headcount ratio at national poverty line (% of population)","SI.POV.NAHC","","","","","","","","","","","","","","","","44.11","","",
"Bolivia, La Paz","BOL_La_Paz_BO.LP_40446_BOL004","Poverty headcount ratio at rural poverty line (% of population)","SI.POV.RUHC","","","","","","","","","","","","","","","","","","",
"Bolivia, La Paz","BOL_La_Paz_BO.LP_40446_BOL004","Poverty headcount ratio at urban poverty line (% of population)","SI.POV.URHC","","","","","","","","","","","","","","","","","","",
"Bolivia, Oruro","BOL_Oruro_BO.OR_40447_BOL005","Poverty headcount ratio at national poverty line (% of population)","SI.POV.NAHC","","","","","","","","","","","","","","","","48.24","","",
"Bolivia, Oruro","BOL_Oruro_BO.OR_40447_BOL005","Poverty headcount ratio at rural poverty line (% of population)","SI.POV.RUHC","","","","","","","","","","","","","","","","","","",
"Bolivia, Oruro","BOL_Oruro_BO.OR_40447_BOL005","Poverty headcount ratio at urban poverty line (% of population)","SI.POV.URHC","","","","","","","","","","","","","","","","","","",
"Bolivia, Potosi","BOL_Potosi_BO.PO_40448_BOL007","Poverty headcount ratio at national poverty line (% of population)","SI.POV.NAHC","","","","","","","","","","","","","","","","67.4","","",
"Bolivia, Potosi","BOL_Potosi_BO.PO_40448_BOL007","Poverty headcount ratio at rural poverty line (% of population)","SI.POV.RUHC","","","","","","","","","","","","","","","","","","",
"Bolivia, Potosi","BOL_Potosi_BO.PO_40448_BOL007","Poverty headcount ratio at urban poverty line (% of population)","SI.POV.URHC","","","","","","","","","","","","","","","","","","",
"Bolivia, Santa Cruz","BOL_Santa_Cruz_BO.SC_40449_BOL008","Poverty headcount ratio at national poverty line (% of population)","SI.POV.NAHC","","","","","","","","","","","","","","","","35.75","","",
"Bolivia, Santa Cruz","BOL_Santa_Cruz_BO.SC_40449_BOL008","Poverty headcount ratio at rural poverty line (% of population)","SI.POV.RUHC","","","","","","","","","","","","","","","","","","",
"Bolivia, Santa Cruz","BOL_Santa_Cruz_BO.SC_40449_BOL008","Poverty headcount ratio at urban poverty line (% of population)","SI.POV.URHC","","","","","","","","","","","","","","","","","","",
"Bolivia, Tarija","BOL_Tarija_BO.TA_40450_BOL009","Poverty headcount ratio at national poverty line (% of population)","SI.POV.NAHC","","","","","","","","","","","","","","","","41.26","","",
"Bolivia, Tarija","BOL_Tarija_BO.TA_40450_BOL009","Poverty headcount ratio at rural poverty line (% of population)","SI.POV.RUHC","","","","","","","","","","","","","","","","","","",
"Bolivia, Tarija","BOL_Tarija_BO.TA_40450_BOL009","Poverty headcount ratio at urban poverty line (% of population)","SI.POV.URHC","","","","","","","","","","","","","","","","","","",
"Bhutan, Bumthang","BTN_Bumthang_BT.BU_622_BTN001","Poverty headcount ratio at national poverty line (% of population)","SI.POV.NAHC","","","","","","","","","","","","","","","","","3.4","",
"Bhutan, Bumthang","BTN_Bumthang_BT.BU_622_BTN001","Poverty headcount ratio at rural poverty line (% of population)","SI.POV.RUHC","","","","","","","","","","","","","","","","","","",
"Bhutan, Bumthang","BTN_Bumthang_BT.BU_622_BTN001","Poverty headcount ratio at urban poverty line (% of population)","SI.POV.URHC","","","","","","","","","","","","","","","","","","",
"Bhutan, Chhukha","BTN_Chhukha_BT.CH_623_BTN002","Poverty headcount ratio at national poverty line (% of population)","SI.POV.NAHC","","","","","","","","","","","","","","","","","11.2","",
"Bhutan, Chhukha","BTN_Chhukha_BT.CH_623_BTN002","Poverty headcount ratio at rural poverty line (% of population)","SI.POV.RUHC","","","","","","","","","","","","","","","","","","",
"Bhutan, Chhukha","BTN_Chhukha_BT.CH_623_BTN002","Poverty headcount ratio at urban poverty line (% of population)","SI.POV.URHC","","","","","","","","","","","","","","","","","","",
"Bhutan, Dagana","BTN_Dagana_BT.DA_41308_BTN003","Poverty headcount ratio at national poverty line (% of population)","SI.POV.NAHC","","","","","","","","","","","","","","","","","25.1","",
"Bhutan, Dagana","BTN_Dagana_BT.DA_41308_BTN003","Poverty headcount ratio at rural poverty line (% of population)","SI.POV.RUHC","","","","","","","","","","","","","","","","","","",
"Bhutan, Dagana","BTN_Dagana_BT.DA_41308_BTN003","Poverty headcount ratio at urban poverty line (% of population)","SI.POV.URHC","","","","","","","","","","","","","","","","","","",
"Bhutan, Gasa","BTN_Gasa_BT.GA_625_BTN004","Poverty headcount ratio at national poverty line (% of population)","SI.POV.NAHC","","","","","","","","","","","","","","","","","","",
"Bhutan, Gasa","BTN_Gasa_BT.GA_625_BTN004","Poverty headcount ratio at rural poverty line (% of population)","SI.POV.RUHC","","","","","","","","","","","","","","","","","","",
"Bhutan, Gasa","BTN_Gasa_BT.GA_625_BTN004","Poverty headcount ratio at urban poverty line (% of population)","SI.POV.URHC","","","","","","","","","","","","","","","","","","",
"Bhutan, Haa","BTN_Haa_BT.HA_41309_BTN005","Poverty headcount ratio at national poverty line (% of population)","SI.POV.NAHC","","","","","","","","","","","","","","","","","6.4","",
"Bhutan, Haa","BTN_Haa_BT.HA_41309_BTN005","Poverty headcount ratio at rural poverty line (% of population)","SI.POV.RUHC","","","","","","","","","","","","","","","","","","",
"Bhutan, Haa","BTN_Haa_BT.HA_41309_BTN005","Poverty headcount ratio at urban poverty line (% of population)","SI.POV.URHC","","","","","","","","","","","","","","","","","","",
"Bhutan, Lhuentse","BTN_Lhuentse_BT.LH_627_BTN006","Poverty headcount ratio at national poverty line (% of population)","SI.POV.NAHC","","","","","","","","","","","","","","","","","31.9","",
"Bhutan, Lhuentse","BTN_Lhuentse_BT.LH_627_BTN006","Poverty headcount ratio at rural poverty line (% of population)","SI.POV.RUHC","","","","","","","","","","","","","","","","","","",
"Bhutan, Lhuentse","BTN_Lhuentse_BT.LH_627_BTN006","Poverty headcount ratio at urban poverty line (% of population)","SI.POV.URHC","","","","","","","","","","","","","","","","","","",
"Bhutan, Mongar","BTN_Mongar_BT.MO_628_BTN007","Poverty headcount ratio at national poverty line (% of population)","SI.POV.NAHC","","","","","","","","","","","","","","","","","10.5","",
"Bhutan, Mongar","BTN_Mongar_BT.MO_628_BTN007","Poverty headcount ratio at rural poverty line (% of population)","SI.POV.RUHC","","","","","","","","","","","","","","","","","","",
"Bhutan, Mongar","BTN_Mongar_BT.MO_628_BTN007","Poverty headcount ratio at urban poverty line (% of population)","SI.POV.URHC","","","","","","","","","","","","","","","","","","",
"Bhutan, Paro","BTN_Paro_BT.PR_629_BTN008","Poverty headcount ratio at national poverty line (% of population)","SI.POV.NAHC","","","","","","","","","","","","","","","","","","",
"Bhutan, Paro","BTN_Paro_BT.PR_629_BTN008","Poverty headcount ratio at rural poverty line (% of population)","SI.POV.RUHC","","","","","","","","","","","","","","","","","","",
"Bhutan, Paro","BTN_Paro_BT.PR_629_BTN008","Poverty headcount ratio at urban poverty line (% of population)","SI.POV.URHC","","","","","","","","","","","","","","","","","","",
"Bhutan, Pemagatshel","BTN_Pemagatshel_BT.PM_41310_BTN009","Poverty headcount ratio at national poverty line (% of population)","SI.POV.NAHC","","","","","","","","","","","","","","","","","26.9","",
"Bhutan, Pemagatshel","BTN_Pemagatshel_BT.PM_41310_BTN009","Poverty headcount ratio at rural poverty line (% of population)","SI.POV.RUHC","","","","","","","","","","","","","","","","","","",
"Bhutan, Pemagatshel","BTN_Pemagatshel_BT.PM_41310_BTN009","Poverty headcount ratio at urban poverty line (% of population)","SI.POV.URHC","","","","","","","","","","","","","","","","","","",
"Bhutan, Punakha","BTN_Punakha_BT.PU_631_BTN010","Poverty headcount ratio at national poverty line (% of population)","SI.POV.NAHC","","","","","","","","","","","","","","","","","10","",
"Bhutan, Punakha","BTN_Punakha_BT.PU_631_BTN010","Poverty headcount ratio at rural poverty line (% of population)","SI.POV.RUHC","","","","","","","","","","","","","","","","","","",
"Bhutan, Punakha","BTN_Punakha_BT.PU_631_BTN010","Poverty headcount ratio at urban poverty line (% of population)","SI.POV.URHC","","","","","","","","","","","","","","","","","","",
"Bhutan, Samdrup Jongkhar","BTN_Samdrup_Jongkhar_BT.SJ_41311_BTN011","Poverty headcount ratio at national poverty line (% of population)","SI.POV.NAHC","","","","","","","","","","","","","","","","","21","",
"Bhutan, Samdrup Jongkhar","BTN_Samdrup_Jongkhar_BT.SJ_41311_BTN011","Poverty headcount ratio at rural poverty line (% of population)","SI.POV.RUHC","","","","","","","","","","","","","","","","","","",
"Bhutan, Samdrup Jongkhar","BTN_Samdrup_Jongkhar_BT.SJ_41311_BTN011","Poverty headcount ratio at urban poverty line (% of population)","SI.POV.URHC","","","","","","","","","","","","","","","","","","",
"Bhutan, Samtse","BTN_Samtse_BT.SM_41312_BTN012","Poverty headcount ratio at national poverty line (% of population)","SI.POV.NAHC","","","","","","","","","","","","","","","","","22.2","",
"Bhutan, Samtse","BTN_Samtse_BT.SM_41312_BTN012","Poverty headcount ratio at rural poverty line (% of population)","SI.POV.RUHC","","","","","","","","","","","","","","","","","","",
"Bhutan, Samtse","BTN_Samtse_BT.SM_41312_BTN012","Poverty headcount ratio at urban poverty line (% of population)","SI.POV.URHC","","","","","","","","","","","","","","","","","","",
"Bhutan, Sarpang","BTN_Sarpang_BT.SA_41313_BTN013","Poverty headcount ratio at national poverty line (% of population)","SI.POV.NAHC","","","","","","","","","","","","","","","","","4.2","",
"Bhutan, Sarpang","BTN_Sarpang_BT.SA_41313_BTN013","Poverty headcount ratio at rural poverty line (% of population)","SI.POV.RUHC","","","","","","","","","","","","","","","","","","",
"Bhutan, Sarpang","BTN_Sarpang_BT.SA_41313_BTN013","Poverty headcount ratio at urban poverty line (% of population)","SI.POV.URHC","","","","","","","","","","","","","","","","","","",
"Bhutan, Thimphu","BTN_Thimphu_BT.TM_635_BTN014","Poverty headcount ratio at national poverty line (% of population)","SI.POV.NAHC","","","","","","","","","","","","","","","","","0.5","",
"Bhutan, Thimphu","BTN_Thimphu_BT.TM_635_BTN014","Poverty headcount ratio at rural poverty line (% of population)","SI.POV.RUHC","","","","","","","","","","","","","","","","","","",
"Bhutan, Thimphu","BTN_Thimphu_BT.TM_635_BTN014","Poverty headcount ratio at urban poverty line (% of population)","SI.POV.URHC","","","","","","","","","","","","","","","","","","",
"Bhutan, Trashigang","BTN_Trashigang_BT.TG_637_BTN016","Poverty headcount ratio at national poverty line (% of population)","SI.POV.NAHC","","","","","","","","","","","","","","","","","11.5","",
"Bhutan, Trashigang","BTN_Trashigang_BT.TG_637_BTN016","Poverty headcount ratio at rural poverty line (% of population)","SI.POV.RUHC","","","","","","","","","","","","","","","","","","",
"Bhutan, Trashigang","BTN_Trashigang_BT.TG_637_BTN016","Poverty headcount ratio at urban poverty line (% of population)","SI.POV.URHC","","","","","","","","","","","","","","","","","","",
"Bhutan, Trashiyangtse","BTN_Trashiyangtse_BT.TR_636_BTN015","Poverty headcount ratio at national poverty line (% of population)","SI.POV.NAHC","","","","","","","","","","","","","","","","","13.5","",
"Bhutan, Trashiyangtse","BTN_Trashiyangtse_BT.TR_636_BTN015","Poverty headcount ratio at rural poverty line (% of population)","SI.POV.RUHC","","","","","","","","","","","","","","","","","","",
"Bhutan, Trashiyangtse","BTN_Trashiyangtse_BT.TR_636_BTN015","Poverty headcount ratio at urban poverty line (% of population)","SI.POV.URHC","","","","","","","","","","","","","","","","","","",
"Bhutan, Trongsa","BTN_Trongsa_BT.TO_638_BTN017","Poverty headcount ratio at national poverty line (% of population)","SI.POV.NAHC","","","","","","","","","","","","","","","","","14.9","",
"Bhutan, Trongsa","BTN_Trongsa_BT.TO_638_BTN017","Poverty headcount ratio at rural poverty line (% of population)","SI.POV.RUHC","","","","","","","","","","","","","","","","","","",
"Bhutan, Trongsa","BTN_Trongsa_BT.TO_638_BTN017","Poverty headcount ratio at urban poverty line (% of population)","SI.POV.URHC","","","","","","","","","","","","","","","","","","",
"Bhutan, Tsirang","BTN_Tsirang_BT.CR_639_BTN018","Poverty headcount ratio at national poverty line (% of population)","SI.POV.NAHC","","","","","","","","","","","","","","","","","14.8","",
"Bhutan, Tsirang","BTN_Tsirang_BT.CR_639_BTN018","Poverty headcount ratio at rural poverty line (% of population)","SI.POV.RUHC","","","","","","","","","","","","","","","","","","",
"Bhutan, Tsirang","BTN_Tsirang_BT.CR_639_BTN018","Poverty headcount ratio at urban poverty line (% of population)","SI.POV.URHC","","","","","","","","","","","","","","","","","","",
"Bhutan, Wangduephodrang","BTN_Wangduephodrang_BT.WA_640_BTN019","Poverty headcount ratio at national poverty line (% of population)","SI.POV.NAHC","","","","","","","","","","","","","","","","","10.9","",
"Bhutan, Wangduephodrang","BTN_Wangduephodrang_BT.WA_640_BTN019","Poverty headcount ratio at rural poverty line (% of population)","SI.POV.RUHC","","","","","","","","","","","","","","","","","","",
"Bhutan, Wangduephodrang","BTN_Wangduephodrang_BT.WA_640_BTN019","Poverty headcount ratio at urban poverty line (% of population)","SI.POV.URHC","","","","","","","","","","","","","","","","","","",
"Bhutan, Zhemgang","BTN_Zhemgang_BT.SG_41314_BTN020","Poverty headcount ratio at national poverty line (% of population)","SI.POV.NAHC","","","","","","","","","","","","","","","","","26.3","",
"Bhutan, Zhemgang","BTN_Zhemgang_BT.SG_41314_BTN020","Poverty headcount ratio at rural poverty line (% of population)","SI.POV.RUHC","","","","","","","","","","","","","","","","","","",
"Bhutan, Zhemgang","BTN_Zhemgang_BT.SG_41314_BTN020","Poverty headcount ratio at urban poverty line (% of population)","SI.POV.URHC","","","","","","","","","","","","","","","","","","",
"Chile, Antofagasta","CHL_Antofagasta_CL.AN_883_CHL001","Poverty headcount ratio at national poverty line (% of population)","SI.POV.NAHC","","","","","13.4","","","","","","7.3","","","8","","7.5","","",
"Chile, Antofagasta","CHL_Antofagasta_CL.AN_883_CHL001","Poverty headcount ratio at rural poverty line (% of population)","SI.POV.RUHC","","","","","","","","","","","","","","","","","","",
"Chile, Antofagasta","CHL_Antofagasta_CL.AN_883_CHL001","Poverty headcount ratio at urban poverty line (% of population)","SI.POV.URHC","","","","","","","","","","","","","","","","","","",
"Chile, Araucania","CHL_Araucania_CL.AR_884_CHL002","Poverty headcount ratio at national poverty line (% of population)","SI.POV.NAHC","","","","","32.7","","","","","","20.1","","","27.1","","22.9","","",
"Chile, Araucania","CHL_Araucania_CL.AR_884_CHL002","Poverty headcount ratio at rural poverty line (% of population)","SI.POV.RUHC","","","","","","","","","","","","","","","","","","",
"Chile, Araucania","CHL_Araucania_CL.AR_884_CHL002","Poverty headcount ratio at urban poverty line (% of population)","SI.POV.URHC","","","","","","","","","","","","","","","","","","",
"Chile, Arica","CHL_Arica_12974","Poverty headcount ratio at national poverty line (% of population)","SI.POV.NAHC","","","","","","","","","","","18.6","","","12.8","","","","",
"Chile, Arica","CHL_Arica_12974","Poverty headcount ratio at rural poverty line (% of population)","SI.POV.RUHC","","","","","","","","","","","","","","","","","","",
"Chile, Arica","CHL_Arica_12974","Poverty headcount ratio at urban poverty line (% of population)","SI.POV.URHC","","","","","","","","","","","","","","","","","","",
"Chile, Atacama","CHL_Atacama_CL.AT_885_CHL003","Poverty headcount ratio at national poverty line (% of population)","SI.POV.NAHC","","","","","23.9","","","","","","10.5","","","17.5","","13.3","","",
"Chile, Atacama","CHL_Atacama_CL.AT_885_CHL003","Poverty headcount ratio at rural poverty line (% of population)","SI.POV.RUHC","","","","","","","","","","","","","","","","","","",
"Chile, Atacama","CHL_Atacama_CL.AT_885_CHL003","Poverty headcount ratio at urban poverty line (% of population)","SI.POV.URHC","","","","","","","","","","","","","","","","","","",
"Chile, Aysen","CHL_Aysen_CL.AY_886_CHL004","Poverty headcount ratio at national poverty line (% of population)","SI.POV.NAHC","","","","","14.3","","","","","","9.2","","","15.1","","9.8","","",
"Chile, Aysen","CHL_Aysen_CL.AY_886_CHL004","Poverty headcount ratio at rural poverty line (% of population)","SI.POV.RUHC","","","","","","","","","","","","","","","","","","",
"Chile, Aysen","CHL_Aysen_CL.AY_886_CHL004","Poverty headcount ratio at urban poverty line (% of population)","SI.POV.URHC","","","","","","","","","","","","","","","","","","",
"Chile, Biobio","CHL_Biobio_CL.BO_887_CHL005","Poverty headcount ratio at national poverty line (% of population)","SI.POV.NAHC","","","","","27.1","","","","","","20.7","","","21","","21.5","","",
"Chile, Biobio","CHL_Biobio_CL.BO_887_CHL005","Poverty headcount ratio at rural poverty line (% of population)","SI.POV.RUHC","","","","","","","","","","","","","","","","","","",
"Chile, Biobio","CHL_Biobio_CL.BO_887_CHL005","Poverty headcount ratio at urban poverty line (% of population)","SI.POV.URHC","","","","","","","","","","","","","","","","","","",
"Chile, Coquimbo","CHL_Coquimbo_CL.CO_888_CHL006","Poverty headcount ratio at national poverty line (% of population)","SI.POV.NAHC","","","","","24.8","","","","","","15.9","","","16.6","","15.3","","",
"Chile, Coquimbo","CHL_Coquimbo_CL.CO_888_CHL006","Poverty headcount ratio at rural poverty line (% of population)","SI.POV.RUHC","","","","","","","","","","","","","","","","","","",
"Chile, Coquimbo","CHL_Coquimbo_CL.CO_888_CHL006","Poverty headcount ratio at urban poverty line (% of population)","SI.POV.URHC","","","","","","","","","","","","","","","","","","",
"Chile, Libertador Gral. Bernardo O'Higgins","CHL_Libertador_CL.CL_889_CHL007","Poverty headcount ratio at national poverty line (% of population)","SI.POV.NAHC","","","","","20.9","","","","","","11.4","","","12.8","","10.1","","",
"Chile, Libertador Gral. Bernardo O'Higgins","CHL_Libertador_CL.CL_889_CHL007","Poverty headcount ratio at rural poverty line (% of population)","SI.POV.RUHC","","","","","","","","","","","","","","","","","","",
"Chile, Libertador Gral. Bernardo O'Higgins","CHL_Libertador_CL.CL_889_CHL007","Poverty headcount ratio at urban poverty line (% of population)","SI.POV.URHC","","","","","","","","","","","","","","","","","","",
"Chile, Los Lagos","CHL_Los_Lagos_CL.LL_91501_CHL008","Poverty headcount ratio at national poverty line (% of population)","SI.POV.NAHC","","","","","25.6","","","","","","11.8","","","14.2","","15.8","","",
"Chile, Los Lagos","CHL_Los_Lagos_CL.LL_91501_CHL008","Poverty headcount ratio at rural poverty line (% of population)","SI.POV.RUHC","","","","","","","","","","","","","","","","","","",
"Chile, Los Lagos","CHL_Los_Lagos_CL.LL_91501_CHL008","Poverty headcount ratio at urban poverty line (% of population)","SI.POV.URHC","","","","","","","","","","","","","","","","","","",
"Chile, Los Rios","CHL_Los_Rios_CL.LR_91504_CHL015","Poverty headcount ratio at national poverty line (% of population)","SI.POV.NAHC","","","","","","","","","","","18.8","","","20.4","","","","",
"Chile, Los Rios","CHL_Los_Rios_CL.LR_91504_CHL015","Poverty headcount ratio at rural poverty line (% of population)","SI.POV.RUHC","","","","","","","","","","","","","","","","","","",
"Chile, Los Rios","CHL_Los_Rios_CL.LR_91504_CHL015","Poverty headcount ratio at urban poverty line (% of population)","SI.POV.URHC","","","","","","","","","","","","","","","","","","",
"Chile, Magallanes","CHL_Magallanes_CL.MA_891_CHL014","Poverty headcount ratio at national poverty line (% of population)","SI.POV.NAHC","","","","","11.1","","","","","","6.3","","","9.1","","5.8","","",
"Chile, Magallanes","CHL_Magallanes_CL.MA_891_CHL014","Poverty headcount ratio at rural poverty line (% of population)","SI.POV.RUHC","","","","","","","","","","","","","","","","","","",
"Chile, Magallanes","CHL_Magallanes_CL.MA_891_CHL014","Poverty headcount ratio at urban poverty line (% of population)","SI.POV.URHC","","","","","","","","","","","","","","","","","","",
"Chile, Maule","CHL_Maule_CL.MU_892_CHL010","Poverty headcount ratio at national poverty line (% of population)","SI.POV.NAHC","","","","","25.3","","","","","","17.7","","","20.7","","16.2","","",
"Chile, Maule","CHL_Maule_CL.MU_892_CHL010","Poverty headcount ratio at rural poverty line (% of population)","SI.POV.RUHC","","","","","","","","","","","","","","","","","","",
"Chile, Maule","CHL_Maule_CL.MU_892_CHL010","Poverty headcount ratio at urban poverty line (% of population)","SI.POV.URHC","","","","","","","","","","","","","","","","","","",
"Chile, Metropolitana","CHL_Metropolitana_CL.ME_893_CHL011","Poverty headcount ratio at national poverty line (% of population)","SI.POV.NAHC","","","","","15.1","","","","","","10.6","","","11.5","","11.5","","",
"Chile, Metropolitana","CHL_Metropolitana_CL.ME_893_CHL011","Poverty headcount ratio at rural poverty line (% of population)","SI.POV.RUHC","","","","","","","","","","","","","","","","","","",
"Chile, Metropolitana","CHL_Metropolitana_CL.ME_893_CHL011","Poverty headcount ratio at urban poverty line (% of population)","SI.POV.URHC","","","","","","","","","","","","","","","","","","",
"Chile, Tarapaca","CHL_Tarapaca_CL.TA_91502_CHL013","Poverty headcount ratio at national poverty line (% of population)","SI.POV.NAHC","","","","","20.8","","","","","","11.8","","","15.8","","14.1","","",
"Chile, Tarapaca","CHL_Tarapaca_CL.TA_91502_CHL013","Poverty headcount ratio at rural poverty line (% of population)","SI.POV.RUHC","","","","","","","","","","","","","","","","","","",
"Chile, Tarapaca","CHL_Tarapaca_CL.TA_91502_CHL013","Poverty headcount ratio at urban poverty line (% of population)","SI.POV.URHC","","","","","","","","","","","","","","","","","","",
"Chile, Valparaiso","CHL_Valparaiso_CL.VA_149630_CHL016","Poverty headcount ratio at national poverty line (% of population)","SI.POV.NAHC","","","","","18.8","","","","","","15.3","","","15.1","","16.9","","",
"Chile, Valparaiso","CHL_Valparaiso_CL.VA_149630_CHL016","Poverty headcount ratio at rural poverty line (% of population)","SI.POV.RUHC","","","","","","","","","","","","","","","","","","",
"Chile, Valparaiso","CHL_Valparaiso_CL.VA_149630_CHL016","Poverty headcount ratio at urban poverty line (% of population)","SI.POV.URHC","","","","","","","","","","","","","","","","","","",
"Cameroon, Adamaoua","CMR_Adamaoua_CM.AD_815_CMR001","Poverty headcount ratio at national poverty line (% of population)","SI.POV.NAHC","","","","","","48.4","","","","","","52.9","","","","","","",
"Cameroon, Adamaoua","CMR_Adamaoua_CM.AD_815_CMR001","Poverty headcount ratio at rural poverty line (% of population)","SI.POV.RUHC","","","","","","","","","","","","","","","","","","",
"Cameroon, Adamaoua","CMR_Adamaoua_CM.AD_815_CMR001","Poverty headcount ratio at urban poverty line (% of population)","SI.POV.URHC","","","","","","","","","","","","","","","","","","",
"Cameroon, Centre","CMR_Centre_CM.CT_816_CMR002","Poverty headcount ratio at national poverty line (% of population)","SI.POV.NAHC","","","","","","48.2","","","","","","41.2","","","","","","",
"Cameroon, Centre","CMR_Centre_CM.CT_816_CMR002","Poverty headcount ratio at rural poverty line (% of population)","SI.POV.RUHC","","","","","","","","","","","","","","","","","","",
"Cameroon, Centre","CMR_Centre_CM.CT_816_CMR002","Poverty headcount ratio at urban poverty line (% of population)","SI.POV.URHC","","","","","","","","","","","","","","","","","","",
"Cameroon, Est","CMR_Est_CM.ES_817_CMR053","Poverty headcount ratio at national poverty line (% of population)","SI.POV.NAHC","","","","","","44","","","","","","50.4","","","","","","",
"Cameroon, Est","CMR_Est_CM.ES_817_CMR053","Poverty headcount ratio at rural poverty line (% of population)","SI.POV.RUHC","","","","","","","","","","","","","","","","","","",
"Cameroon, Est","CMR_Est_CM.ES_817_CMR053","Poverty headcount ratio at urban poverty line (% of population)","SI.POV.URHC","","","","","","","","","","","","","","","","","","",
"Cameroon, Extreme-Nord","CMR_Extreme-Nord_CM.EN_818_CMR004","Poverty headcount ratio at national poverty line (% of population)","SI.POV.NAHC","","","","","","56.3","","","","","","65.9","","","","","","",
"Cameroon, Extreme-Nord","CMR_Extreme-Nord_CM.EN_818_CMR004","Poverty headcount ratio at rural poverty line (% of population)","SI.POV.RUHC","","","","","","","","","","","","","","","","","","",
"Cameroon, Extreme-Nord","CMR_Extreme-Nord_CM.EN_818_CMR004","Poverty headcount ratio at urban poverty line (% of population)","SI.POV.URHC","","","","","","","","","","","","","","","","","","",
"Cameroon, Littoral","CMR_Littoral_CM.LI_819_CMR008","Poverty headcount ratio at national poverty line (% of population)","SI.POV.NAHC","","","","","","35.5","","","","","","30.8","","","","","","",
"Cameroon, Littoral","CMR_Littoral_CM.LI_819_CMR008","Poverty headcount ratio at rural poverty line (% of population)","SI.POV.RUHC","","","","","","","","","","","","","","","","","","",
"Cameroon, Littoral","CMR_Littoral_CM.LI_819_CMR008","Poverty headcount ratio at urban poverty line (% of population)","SI.POV.URHC","","","","","","","","","","","","","","","","","","",
"Cameroon, Nord","CMR_Nord_CM.NO_820_CMR006","Poverty headcount ratio at national poverty line (% of population)","SI.POV.NAHC","","","","","","50.1","","","","","","63.7","","","","","","",
"Cameroon, Nord","CMR_Nord_CM.NO_820_CMR006","Poverty headcount ratio at rural poverty line (% of population)","SI.POV.RUHC","","","","","","","","","","","","","","","","","","",
"Cameroon, Nord","CMR_Nord_CM.NO_820_CMR006","Poverty headcount ratio at urban poverty line (% of population)","SI.POV.URHC","","","","","","","","","","","","","","","","","","",
"Cameroon, Nord-Ouest","CMR_Nord-Ouest_CM.NW_821_CMR007","Poverty headcount ratio at national poverty line (% of population)","SI.POV.NAHC","","","","","","52.5","","","","","","51","","","","","","",
"Cameroon, Nord-Ouest","CMR_Nord-Ouest_CM.NW_821_CMR007","Poverty headcount ratio at rural poverty line (% of population)","SI.POV.RUHC","","","","","","","","","","","","","","","","","","",
"Cameroon, Nord-Ouest","CMR_Nord-Ouest_CM.NW_821_CMR007","Poverty headcount ratio at urban poverty line (% of population)","SI.POV.URHC","","","","","","","","","","","","","","","","","","",
"Cameroon, Ouest","CMR_Ouest_CM.OU_822_CMR005","Poverty headcount ratio at national poverty line (% of population)","SI.POV.NAHC","","","","","","40.3","","","","","","28.9","","","","","","",
"Cameroon, Ouest","CMR_Ouest_CM.OU_822_CMR005","Poverty headcount ratio at rural poverty line (% of population)","SI.POV.RUHC","","","","","","","","","","","","","","","","","","",
"Cameroon, Ouest","CMR_Ouest_CM.OU_822_CMR005","Poverty headcount ratio at urban poverty line (% of population)","SI.POV.URHC","","","","","","","","","","","","","","","","","","",
"Cameroon, Sud","CMR_Sud_CM.SU_823_CMR009","Poverty headcount ratio at national poverty line (% of population)","SI.POV.NAHC","","","","","","31.5","","","","","","29.3","","","","","","",
"Cameroon, Sud","CMR_Sud_CM.SU_823_CMR009","Poverty headcount ratio at rural poverty line (% of population)","SI.POV.RUHC","","","","","","","","","","","","","","","","","","",
"Cameroon, Sud","CMR_Sud_CM.SU_823_CMR009","Poverty headcount ratio at urban poverty line (% of population)","SI.POV.URHC","","","","","","","","","","","","","","","","","","",
"Cameroon, Sud-Ouest","CMR_Sud-Ouest_CM.SW_824_CMR010","Poverty headcount ratio at national poverty line (% of population)","SI.POV.NAHC","","","","","","33.8","","","","","","27.5","","","","","","",
"Cameroon, Sud-Ouest","CMR_Sud-Ouest_CM.SW_824_CMR010","Poverty headcount ratio at rural poverty line (% of population)","SI.POV.RUHC","","","","","","","","","","","","","","","","","","",
"Cameroon, Sud-Ouest","CMR_Sud-Ouest_CM.SW_824_CMR010","Poverty headcount ratio at urban poverty line (% of population)","SI.POV.URHC","","","","","","","","","","","","","","","","","","",
"Congo, Dem. Rep., Bandundu","COD_Bandundu_ZR.BN_1066_ZAR001","Poverty headcount ratio at national poverty line (% of population)","SI.POV.NAHC","","","","","","","","","","89.1","","","","","","","","",
"Congo, Dem. Rep., Bandundu","COD_Bandundu_ZR.BN_1066_ZAR001","Poverty headcount ratio at rural poverty line (% of population)","SI.POV.RUHC","","","","","","","","","","","","","","","","","","",
"Congo, Dem. Rep., Bandundu","COD_Bandundu_ZR.BN_1066_ZAR001","Poverty headcount ratio at urban poverty line (% of population)","SI.POV.URHC","","","","","","","","","","","","","","","","","","",
"Congo, Dem. Rep., Bas-Congo","COD_Bas-Congo_ZR.BC_1067_ZAR002","Poverty headcount ratio at national poverty line (% of population)","SI.POV.NAHC","","","","","","","","","","69.8","","","","","","","","",
"Congo, Dem. Rep., Bas-Congo","COD_Bas-Congo_ZR.BC_1067_ZAR002","Poverty headcount ratio at rural poverty line (% of population)","SI.POV.RUHC","","","","","","","","","","","","","","","","","","",
"Congo, Dem. Rep., Bas-Congo","COD_Bas-Congo_ZR.BC_1067_ZAR002","Poverty headcount ratio at urban poverty line (% of population)","SI.POV.URHC","","","","","","","","","","","","","","","","","","",
"Congo, Dem. Rep., Equateur","COD_Equateur_ZR.EQ_1068_ZAR003","Poverty headcount ratio at national poverty line (% of population)","SI.POV.NAHC","","","","","","","","","","93.6","","","","","","","","",
"Congo, Dem. Rep., Equateur","COD_Equateur_ZR.EQ_1068_ZAR003","Poverty headcount ratio at rural poverty line (% of population)","SI.POV.RUHC","","","","","","","","","","","","","","","","","","",
"Congo, Dem. Rep., Equateur","COD_Equateur_ZR.EQ_1068_ZAR003","Poverty headcount ratio at urban poverty line (% of population)","SI.POV.URHC","","","","","","","","","","","","","","","","","","",
"Congo, Dem. Rep., Kasai-Occidental","COD_Kasai-Occidental_ZR.KO_1069_ZAR004","Poverty headcount ratio at national poverty line (% of population)","SI.POV.NAHC","","","","","","","","","","55.8","","","","","","","","",
"Congo, Dem. Rep., Kasai-Occidental","COD_Kasai-Occidental_ZR.KO_1069_ZAR004","Poverty headcount ratio at rural poverty line (% of population)","SI.POV.RUHC","","","","","","","","","","","","","","","","","","",
"Congo, Dem. Rep., Kasai-Occidental","COD_Kasai-Occidental_ZR.KO_1069_ZAR004","Poverty headcount ratio at urban poverty line (% of population)","SI.POV.URHC","","","","","","","","","","","","","","","","","","",
"Congo, Dem. Rep., Kasai-Oriental","COD_Kasai-Oriental_ZR.KA_1070_ZAR005","Poverty headcount ratio at national poverty line (% of population)","SI.POV.NAHC","","","","","","","","","","62.3","","","","","","","","",
"Congo, Dem. Rep., Kasai-Oriental","COD_Kasai-Oriental_ZR.KA_1070_ZAR005","Poverty headcount ratio at rural poverty line (% of population)","SI.POV.RUHC","","","","","","","","","","","","","","","","","","",
"Congo, Dem. Rep., Kasai-Oriental","COD_Kasai-Oriental_ZR.KA_1070_ZAR005","Poverty headcount ratio at urban poverty line (% of population)","SI.POV.URHC","","","","","","","","","","","","","","","","","","",
"Congo, Dem. Rep., Katanga","COD_Katanga_ZR.KT_1071_ZAR006","Poverty headcount ratio at national poverty line (% of population)","SI.POV.NAHC","","","","","","","","","","69.1","","","","","","","","",
"Congo, Dem. Rep., Katanga","COD_Katanga_ZR.KT_1071_ZAR006","Poverty headcount ratio at rural poverty line (% of population)","SI.POV.RUHC","","","","","","","","","","","","","","","","","","",
"Congo, Dem. Rep., Katanga","COD_Katanga_ZR.KT_1071_ZAR006","Poverty headcount ratio at urban poverty line (% of population)","SI.POV.URHC","","","","","","","","","","","","","","","","","","",
"Congo, Dem. Rep., Kinshasa","COD_Kinshasa_ZR.KN_1072_ZAR007","Poverty headcount ratio at national poverty line (% of population)","SI.POV.NAHC","","","","","","","","","","41.6","","","","","","","","",
"Congo, Dem. Rep., Kinshasa","COD_Kinshasa_ZR.KN_1072_ZAR007","Poverty headcount ratio at rural poverty line (% of population)","SI.POV.RUHC","","","","","","","","","","","","","","","","","","",
"Congo, Dem. Rep., Kinshasa","COD_Kinshasa_ZR.KN_1072_ZAR007","Poverty headcount ratio at urban poverty line (% of population)","SI.POV.URHC","","","","","","","","","","","","","","","","","","",
"Congo, Dem. Rep., Maniema","COD_Maniema_ZR.MA_1073_ZAR008","Poverty headcount ratio at national poverty line (% of population)","SI.POV.NAHC","","","","","","","","","","58.5","","","","","","","","",
"Congo, Dem. Rep., Maniema","COD_Maniema_ZR.MA_1073_ZAR008","Poverty headcount ratio at rural poverty line (% of population)","SI.POV.RUHC","","","","","","","","","","","","","","","","","","",
"Congo, Dem. Rep., Maniema","COD_Maniema_ZR.MA_1073_ZAR008","Poverty headcount ratio at urban poverty line (% of population)","SI.POV.URHC","","","","","","","","","","","","","","","","","","",
"Congo, Dem. Rep., Nord-Kivu","COD_Nord-Kivu_ZR.NK_1074_ZAR009","Poverty headcount ratio at national poverty line (% of population)","SI.POV.NAHC","","","","","","","","","","72.9","","","","","","","","",
"Congo, Dem. Rep., Nord-Kivu","COD_Nord-Kivu_ZR.NK_1074_ZAR009","Poverty headcount ratio at rural poverty line (% of population)","SI.POV.RUHC","","","","","","","","","","","","","","","","","","",
"Congo, Dem. Rep., Nord-Kivu","COD_Nord-Kivu_ZR.NK_1074_ZAR009","Poverty headcount ratio at urban poverty line (% of population)","SI.POV.URHC","","","","","","","","","","","","","","","","","","",
"Congo, Dem. Rep., Orientale","COD_Orientale_ZR.PO_1075_ZAR010","Poverty headcount ratio at national poverty line (% of population)","SI.POV.NAHC","","","","","","","","","","75.5","","","","","","","","",
"Congo, Dem. Rep., Orientale","COD_Orientale_ZR.PO_1075_ZAR010","Poverty headcount ratio at rural poverty line (% of population)","SI.POV.RUHC","","","","","","","","","","","","","","","","","","",
"Congo, Dem. Rep., Orientale","COD_Orientale_ZR.PO_1075_ZAR010","Poverty headcount ratio at urban poverty line (% of population)","SI.POV.URHC","","","","","","","","","","","","","","","","","","",
"Congo, Dem. Rep., Sud-Kivu","COD_Sud-Kivu_ZR.SK_1076_ZAR011","Poverty headcount ratio at national poverty line (% of population)","SI.POV.NAHC","","","","","","","","","","84.7","","","","","","","","",
"Congo, Dem. Rep., Sud-Kivu","COD_Sud-Kivu_ZR.SK_1076_ZAR011","Poverty headcount ratio at rural poverty line (% of population)","SI.POV.RUHC","","","","","","","","","","","","","","","","","","",
"Congo, Dem. Rep., Sud-Kivu","COD_Sud-Kivu_ZR.SK_1076_ZAR011","Poverty headcount ratio at urban poverty line (% of population)","SI.POV.URHC","","","","","","","","","","","","","","","","","","",
"Colombia, Antioquia","COL_Antioquia_CO.AN_935_COL002","Poverty headcount ratio at national poverty line (% of population)","SI.POV.NAHC","","","","","","","47.9","46.2","44.4","41.8","","","38.3","35.1","31.3","29.3","26.8","",
"Colombia, Antioquia","COL_Antioquia_CO.AN_935_COL002","Poverty headcount ratio at rural poverty line (% of population)","SI.POV.RUHC","","","","","","","","","","","","","","","","","","",
"Colombia, Antioquia","COL_Antioquia_CO.AN_935_COL002","Poverty headcount ratio at urban poverty line (% of population)","SI.POV.URHC","","","","","","","","","","","","","","","","","","",
"Colombia, Atlantico","COL_Atlantico_CO.AT_937_COL004","Poverty headcount ratio at national poverty line (% of population)","SI.POV.NAHC","","","","","","","50.1","52.4","49.9","48.8","","","48","47.9","43.9","37.8","33.9","",
"Colombia, Atlantico","COL_Atlantico_CO.AT_937_COL004","Poverty headcount ratio at rural poverty line (% of population)","SI.POV.RUHC","","","","","","","","","","","","","","","","","","",
"Colombia, Atlantico","COL_Atlantico_CO.AT_937_COL004","Poverty headcount ratio at urban poverty line (% of population)","SI.POV.URHC","","","","","","","","","","","","","","","","","","",
"Colombia, Bogota","COL_Bogota_13914","Poverty headcount ratio at national poverty line (% of population)","SI.POV.NAHC","","","","","","","31.8","32.1","28.8","26.6","","","19.7","18.3","15.4","13.1","11.6","",
"Colombia, Bogota","COL_Bogota_13914","Poverty headcount ratio at rural poverty line (% of population)","SI.POV.RUHC","","","","","","","","","","","","","","","","","","",
"Colombia, Bogota","COL_Bogota_13914","Poverty headcount ratio at urban poverty line (% of population)","SI.POV.URHC","","","","","","","","","","","","","","","","","","",
"Colombia, Bolivar","COL_Bolivar_CO.BO_938_COL005","Poverty headcount ratio at national poverty line (% of population)","SI.POV.NAHC","","","","","","","64.9","53.9","54.8","51.9","","","58.3","57.1","49.4","43.7","44.2","",
"Colombia, Bolivar","COL_Bolivar_CO.BO_938_COL005","Poverty headcount ratio at rural poverty line (% of population)","SI.POV.RUHC","","","","","","","","","","","","","","","","","","",
"Colombia, Bolivar","COL_Bolivar_CO.BO_938_COL005","Poverty headcount ratio at urban poverty line (% of population)","SI.POV.URHC","","","","","","","","","","","","","","","","","","",
"Colombia, Boyaca","COL_Boyaca_CO.BY_939_COL006","Poverty headcount ratio at national poverty line (% of population)","SI.POV.NAHC","","","","","","","67.1","64.6","63.6","58.3","","","58","48","47.1","39.9","35.6","",
"Colombia, Boyaca","COL_Boyaca_CO.BY_939_COL006","Poverty headcount ratio at rural poverty line (% of population)","SI.POV.RUHC","","","","","","","","","","","","","","","","","","",
"Colombia, Boyaca","COL_Boyaca_CO.BY_939_COL006","Poverty headcount ratio at urban poverty line (% of population)","SI.POV.URHC","","","","","","","","","","","","","","","","","","",
"Colombia, Caldas","COL_Caldas_CO.CL_941_COL008","Poverty headcount ratio at national poverty line (% of population)","SI.POV.NAHC","","","","","","","46.1","47.3","47.9","43.8","","","42.8","41.7","39.6","36.6","35.4","",
"Colombia, Caldas","COL_Caldas_CO.CL_941_COL008","Poverty headcount ratio at rural poverty line (% of population)","SI.POV.RUHC","","","","","","","","","","","","","","","","","","",
"Colombia, Caldas","COL_Caldas_CO.CL_941_COL008","Poverty headcount ratio at urban poverty line (% of population)","SI.POV.URHC","","","","","","","","","","","","","","","","","","",
"Colombia, Caqueta","COL_Caqueta_CO.CQ_942_COL009","Poverty headcount ratio at national poverty line (% of population)","SI.POV.NAHC","","","","","","","53","53.6","55.7","53.7","","","47.7","51.6","44.3","40.8","42.1","",
"Colombia, Caqueta","COL_Caqueta_CO.CQ_942_COL009","Poverty headcount ratio at rural poverty line (% of population)","SI.POV.RUHC","","","","","","","","","","","","","","","","","","",
"Colombia, Caqueta","COL_Caqueta_CO.CQ_942_COL009","Poverty headcount ratio at urban poverty line (% of population)","SI.POV.URHC","","","","","","","","","","","","","","","","","","",
"Colombia, Cauca","COL_Cauca_CO.CA_944_COL011","Poverty headcount ratio at national poverty line (% of population)","SI.POV.NAHC","","","","","","","57.8","62","60","56.1","","","66.4","66.1","64.7","62","62.1","",
"Colombia, Cauca","COL_Cauca_CO.CA_944_COL011","Poverty headcount ratio at rural poverty line (% of population)","SI.POV.RUHC","","","","","","","","","","","","","","","","","","",
"Colombia, Cauca","COL_Cauca_CO.CA_944_COL011","Poverty headcount ratio at urban poverty line (% of population)","SI.POV.URHC","","","","","","","","","","","","","","","","","","",
"Colombia, Cesar","COL_Cesar_CO.CE_945_COL012","Poverty headcount ratio at national poverty line (% of population)","SI.POV.NAHC","","","","","","","61.9","60.1","59.2","56.2","","","63.2","58.6","53.6","47.2","46.8","",
"Colombia, Cesar","COL_Cesar_CO.CE_945_COL012","Poverty headcount ratio at rural poverty line (% of population)","SI.POV.RUHC","","","","","","","","","","","","","","","","","","",
"Colombia, Cesar","COL_Cesar_CO.CE_945_COL012","Poverty headcount ratio at urban poverty line (% of population)","SI.POV.URHC","","","","","","","","","","","","","","","","","","",
"Colombia, Choco","COL_Choco_CO.CH_946_COL013","Poverty headcount ratio at national poverty line (% of population)","SI.POV.NAHC","","","","","","","67.6","69.2","72.7","74.7","","","73.1","68.3","64.9","64","68","",
"Colombia, Choco","COL_Choco_CO.CH_946_COL013","Poverty headcount ratio at rural poverty line (% of population)","SI.POV.RUHC","","","","","","","","","","","","","","","","","","",
"Colombia, Choco","COL_Choco_CO.CH_946_COL013","Poverty headcount ratio at urban poverty line (% of population)","SI.POV.URHC","","","","","","","","","","","","","","","","","","",
"Colombia, Cordoba","COL_Cordoba_CO.CR_947_COL014","Poverty headcount ratio at national poverty line (% of population)","SI.POV.NAHC","","","","","","","65.6","64","67.6","63.7","","","62","61.8","63.6","61.5","60.2","",
"Colombia, Cordoba","COL_Cordoba_CO.CR_947_COL014","Poverty headcount ratio at rural poverty line (% of population)","SI.POV.RUHC","","","","","","","","","","","","","","","","","","",
"Colombia, Cordoba","COL_Cordoba_CO.CR_947_COL014","Poverty headcount ratio at urban poverty line (% of population)","SI.POV.URHC","","","","","","","","","","","","","","","","","","",
"Colombia, Cundinamarca","COL_Cundinamarca_CO.CU_948_COL015","Poverty headcount ratio at national poverty line (% of population)","SI.POV.NAHC","","","","","","","51.4","50.7","50.2","44.6","","","30.8","26.2","25.4","21.3","23.3","",
"Colombia, Cundinamarca","COL_Cundinamarca_CO.CU_948_COL015","Poverty headcount ratio at rural poverty line (% of population)","SI.POV.RUHC","","","","","","","","","","","","","","","","","","",
"Colombia, Cundinamarca","COL_Cundinamarca_CO.CU_948_COL015","Poverty headcount ratio at urban poverty line (% of population)","SI.POV.URHC","","","","","","","","","","","","","","","","","","",
"Colombia, Guajira","COL_Guajira_CO.GU_950_COL017","Poverty headcount ratio at national poverty line (% of population)","SI.POV.NAHC","","","","","","","67.2","58.3","57.7","57.8","","","69.9","66.7","64.6","57.4","58.4","",
"Colombia, Guajira","COL_Guajira_CO.GU_950_COL017","Poverty headcount ratio at rural poverty line (% of population)","SI.POV.RUHC","","","","","","","","","","","","","","","","","","",
"Colombia, Guajira","COL_Guajira_CO.GU_950_COL017","Poverty headcount ratio at urban poverty line (% of population)","SI.POV.URHC","","","","","","","","","","","","","","","","","","",
"Colombia, Huila","COL_Huila_CO.HU_952_COL019","Poverty headcount ratio at national poverty line (% of population)","SI.POV.NAHC","","","","","","","69.6","66.8","64.6","56.1","","","58.5","57.5","53.3","48.2","45.4","",
"Colombia, Huila","COL_Huila_CO.HU_952_COL019","Poverty headcount ratio at rural poverty line (% of population)","SI.POV.RUHC","","","","","","","","","","","","","","","","","","",
"Colombia, Huila","COL_Huila_CO.HU_952_COL019","Poverty headcount ratio at urban poverty line (% of population)","SI.POV.URHC","","","","","","","","","","","","","","","","","","",
"Colombia, Magdalena","COL_Magdalena_CO.MA_953_COL020","Poverty headcount ratio at national poverty line (% of population)","SI.POV.NAHC","","","","","","","65.5","59.5","54.8","57.5","","","64.5","58.3","58","57.5","52.3","",
"Colombia, Magdalena","COL_Magdalena_CO.MA_953_COL020","Poverty headcount ratio at rural poverty line (% of population)","SI.POV.RUHC","","","","","","","","","","","","","","","","","","",
"Colombia, Magdalena","COL_Magdalena_CO.MA_953_COL020","Poverty headcount ratio at urban poverty line (% of population)","SI.POV.URHC","","","","","","","","","","","","","","","","","","",
"Colombia, Meta","COL_Meta_CO.ME_954_COL021","Poverty headcount ratio at national poverty line (% of population)","SI.POV.NAHC","","","","","","","39.8","41.1","36.7","38.3","","","32.2","36","32.4","30","29.5","",
"Colombia, Meta","COL_Meta_CO.ME_954_COL021","Poverty headcount ratio at rural poverty line (% of population)","SI.POV.RUHC","","","","","","","","","","","","","","","","","","",
"Colombia, Meta","COL_Meta_CO.ME_954_COL021","Poverty headcount ratio at urban poverty line (% of population)","SI.POV.URHC","","","","","","","","","","","","","","","","","","",
"Colombia, NariNo","COL_Narino_CO.NA_955_COL022","Poverty headcount ratio at national poverty line (% of population)","SI.POV.NAHC","","","","","","","65.7","70","65.2","58.7","","","56.1","55.1","56.4","50.6","50.8","",
"Colombia, NariNo","COL_Narino_CO.NA_955_COL022","Poverty headcount ratio at rural poverty line (% of population)","SI.POV.RUHC","","","","","","","","","","","","","","","","","","",
"Colombia, NariNo","COL_Narino_CO.NA_955_COL022","Poverty headcount ratio at urban poverty line (% of population)","SI.POV.URHC","","","","","","","","","","","","","","","","","","",
"Colombia, Norte De Santander","COL_Norte_De_Santander_CO.NS_956_COL023","Poverty headcount ratio at national poverty line (% of population)","SI.POV.NAHC","","","","","","","56.6","58.9","61","59.4","","","50.7","47.5","43.1","40.6","40.4","",
"Colombia, Norte De Santander","COL_Norte_De_Santander_CO.NS_956_COL023","Poverty headcount ratio at rural poverty line (% of population)","SI.POV.RUHC","","","","","","","","","","","","","","","","","","",
"Colombia, Norte De Santander","COL_Norte_De_Santander_CO.NS_956_COL023","Poverty headcount ratio at urban poverty line (% of population)","SI.POV.URHC","","","","","","","","","","","","","","","","","","",
"Colombia, Quindio","COL_Quindio_CO.QU_958_COL025","Poverty headcount ratio at national poverty line (% of population)","SI.POV.NAHC","","","","","","","47.1","38.8","46.8","45.6","","","43.3","49.9","43.4","40.2","38.9","",
"Colombia, Quindio","COL_Quindio_CO.QU_958_COL025","Poverty headcount ratio at rural poverty line (% of population)","SI.POV.RUHC","","","","","","","","","","","","","","","","","","",
"Colombia, Quindio","COL_Quindio_CO.QU_958_COL025","Poverty headcount ratio at urban poverty line (% of population)","SI.POV.URHC","","","","","","","","","","","","","","","","","","",
"Colombia, Risaralda","COL_Risaralda_CO.RI_959_COL026","Poverty headcount ratio at national poverty line (% of population)","SI.POV.NAHC","","","","","","","37.6","34.6","36","35.5","","","35.1","32.3","33.3","27","28.4","",
"Colombia, Risaralda","COL_Risaralda_CO.RI_959_COL026","Poverty headcount ratio at rural poverty line (% of population)","SI.POV.RUHC","","","","","","","","","","","","","","","","","","",
"Colombia, Risaralda","COL_Risaralda_CO.RI_959_COL026","Poverty headcount ratio at urban poverty line (% of population)","SI.POV.URHC","","","","","","","","","","","","","","","","","","",
"Colombia, Sucre","COL_Sucre_CO.SU_962_COL029","Poverty headcount ratio at national poverty line (% of population)","SI.POV.NAHC","","","","","","","69.2","58.2","64","63.8","","","66.6","66.2","63.7","53","51.5","",
"Colombia, Sucre","COL_Sucre_CO.SU_962_COL029","Poverty headcount ratio at rural poverty line (% of population)","SI.POV.RUHC","","","","","","","","","","","","","","","","","","",
"Colombia, Sucre","COL_Sucre_CO.SU_962_COL029","Poverty headcount ratio at urban poverty line (% of population)","SI.POV.URHC","","","","","","","","","","","","","","","","","","",
"Colombia, Tolima","COL_Tolima_CO.TO_963_COL030","Poverty headcount ratio at national poverty line (% of population)","SI.POV.NAHC","","","","","","","54.3","51.9","55.8","50.7","","","46.4","48.4","45.1","43.1","42.3","",
"Colombia, Tolima","COL_Tolima_CO.TO_963_COL030","Poverty headcount ratio at rural poverty line (% of population)","SI.POV.RUHC","","","","","","","","","","","","","","","","","","",
"Colombia, Tolima","COL_Tolima_CO.TO_963_COL030","Poverty headcount ratio at urban poverty line (% of population)","SI.POV.URHC","","","","","","","","","","","","","","","","","","",
"Colombia, Valle del Cauca","COL_Valle_Del_Cauca_CO.VC_964_COL031","Poverty headcount ratio at national poverty line (% of population)","SI.POV.NAHC","","","","","","","38.9","41","38","36.6","","","33.4","33.3","30.7","30","26.9","",
"Colombia, Valle del Cauca","COL_Valle_Del_Cauca_CO.VC_964_COL031","Poverty headcount ratio at rural poverty line (% of population)","SI.POV.RUHC","","","","","","","","","","","","","","","","","","",
"Colombia, Valle del Cauca","COL_Valle_Del_Cauca_CO.VC_964_COL031","Poverty headcount ratio at urban poverty line (% of population)","SI.POV.URHC","","","","","","","","","","","","","","","","","","",
"Costa Rica, Brunca Region","CRI_Brunca_Region_AGG015","Poverty headcount ratio at national poverty line (% of population)","SI.POV.NAHC","","","","","","","","","","","","","","","34.9","32.7","34.6","35.3",
"Costa Rica, Brunca Region","CRI_Brunca_Region_AGG015","Poverty headcount ratio at rural poverty line (% of population)","SI.POV.RUHC","","","","","","","","","","","","","","","","","","",
"Costa Rica, Brunca Region","CRI_Brunca_Region_AGG015","Poverty headcount ratio at urban poverty line (% of population)","SI.POV.URHC","","","","","","","","","","","","","","","","","","",
"Costa Rica, Central Region","CRI_Central_Region_AGG016","Poverty headcount ratio at national poverty line (% of population)","SI.POV.NAHC","","","","","","","","","","","","","","","17.1","17.7","16.3","16.1",
"Costa Rica, Central Region","CRI_Central_Region_AGG016","Poverty headcount ratio at rural poverty line (% of population)","SI.POV.RUHC","","","","","","","","","","","","","","","","","","",
"Costa Rica, Central Region","CRI_Central_Region_AGG016","Poverty headcount ratio at urban poverty line (% of population)","SI.POV.URHC","","","","","","","","","","","","","","","","","","",
"Costa Rica, Guanacaste","CRI_Guanacaste_CR.GU_983_CRI003","Poverty headcount ratio at national poverty line (% of population)","SI.POV.NAHC","","","","","","","","","","","","","","","32.6","31.6","34.5","34.1",
"Costa Rica, Guanacaste","CRI_Guanacaste_CR.GU_983_CRI003","Poverty headcount ratio at rural poverty line (% of population)","SI.POV.RUHC","","","","","","","","","","","","","","","","","","",
"Costa Rica, Guanacaste","CRI_Guanacaste_CR.GU_983_CRI003","Poverty headcount ratio at urban poverty line (% of population)","SI.POV.URHC","","","","","","","","","","","","","","","","","","",
"Costa Rica, Huetar Atlántica Region","CRI_Huetar_Atlantica_Region_AGG282_66","Poverty headcount ratio at national poverty line (% of population)","SI.POV.NAHC","","","","","","","","","","","","","","","28.1","29.3","26.2","27.1",
"Costa Rica, Huetar Atlántica Region","CRI_Huetar_Atlantica_Region_AGG282_66","Poverty headcount ratio at rural poverty line (% of population)","SI.POV.RUHC","","","","","","","","","","","","","","","","","","",
"Costa Rica, Huetar Atlántica Region","CRI_Huetar_Atlantica_Region_AGG282_66","Poverty headcount ratio at urban poverty line (% of population)","SI.POV.URHC","","","","","","","","","","","","","","","","","","",
"Costa Rica, North Huetar Region","CRI_North_Huetar_region_AGG282_77","Poverty headcount ratio at national poverty line (% of population)","SI.POV.NAHC","","","","","","","","","","","","","","","25.3","27.8","24.6","24.7",
"Costa Rica, North Huetar Region","CRI_North_Huetar_region_AGG282_77","Poverty headcount ratio at rural poverty line (% of population)","SI.POV.RUHC","","","","","","","","","","","","","","","","","","",
"Costa Rica, North Huetar Region","CRI_North_Huetar_region_AGG282_77","Poverty headcount ratio at urban poverty line (% of population)","SI.POV.URHC","","","","","","","","","","","","","","","","","","",
"Costa Rica, Pacífico Central Region","CRI_Pacífico_Central_Region_AGG282_88","Poverty headcount ratio at national poverty line (% of population)","SI.POV.NAHC","","","","","","","","","","","","","","","25.9","23.6","26.6","30.6",
"Costa Rica, Pacífico Central Region","CRI_Pacífico_Central_Region_AGG282_88","Poverty headcount ratio at rural poverty line (% of population)","SI.POV.RUHC","","","","","","","","","","","","","","","","","","",
"Costa Rica, Pacífico Central Region","CRI_Pacífico_Central_Region_AGG282_88","Poverty headcount ratio at urban poverty line (% of population)","SI.POV.URHC","","","","","","","","","","","","","","","","","","",
"Czech Republic, Jihovýchod","CZE_Jihovychod_AGG021","Poverty headcount ratio at national poverty line (% of population)","SI.POV.NAHC","","","","","","","","","","","","","","","10","9.1","","",
"Czech Republic, Jihovýchod","CZE_Jihovychod_AGG021","Poverty headcount ratio at rural poverty line (% of population)","SI.POV.RUHC","","","","","","","","","","","","","","","","","","",
"Czech Republic, Jihovýchod","CZE_Jihovychod_AGG021","Poverty headcount ratio at urban poverty line (% of population)","SI.POV.URHC","","","","","","","","","","","","","","","","","","",
"Czech Republic, Jihozápad","CZE_Jihozapad_AGG022","Poverty headcount ratio at national poverty line (% of population)","SI.POV.NAHC","","","","","","","","","","","","","","","7.3","7","","",
"Czech Republic, Jihozápad","CZE_Jihozapad_AGG022","Poverty headcount ratio at rural poverty line (% of population)","SI.POV.RUHC","","","","","","","","","","","","","","","","","","",
"Czech Republic, Jihozápad","CZE_Jihozapad_AGG022","Poverty headcount ratio at urban poverty line (% of population)","SI.POV.URHC","","","","","","","","","","","","","","","","","","",
"Czech Republic, Moravskoslezsko","CZE_Moravskoslezsko_AGG283","Poverty headcount ratio at national poverty line (% of population)","SI.POV.NAHC","","","","","","","","","","","","","","","15.1","14.7","","",
"Czech Republic, Moravskoslezsko","CZE_Moravskoslezsko_AGG283","Poverty headcount ratio at rural poverty line (% of population)","SI.POV.RUHC","","","","","","","","","","","","","","","","","","",
"Czech Republic, Moravskoslezsko","CZE_Moravskoslezsko_AGG283","Poverty headcount ratio at urban poverty line (% of population)","SI.POV.URHC","","","","","","","","","","","","","","","","","","",
"Czech Republic, Prague","CZE_Praha_CZ.PR_1032_CZE010","Poverty headcount ratio at national poverty line (% of population)","SI.POV.NAHC","","","","","","","","","","","","","","","4.6","6.2","","",
"Czech Republic, Prague","CZE_Praha_CZ.PR_1032_CZE010","Poverty headcount ratio at rural poverty line (% of population)","SI.POV.RUHC","","","","","","","","","","","","","","","","","","",
"Czech Republic, Prague","CZE_Praha_CZ.PR_1032_CZE010","Poverty headcount ratio at urban poverty line (% of population)","SI.POV.URHC","","","","","","","","","","","","","","","","","","",
"Czech Republic, Severovýchod","CZE_Severovychod_AGG028","Poverty headcount ratio at national poverty line (% of population)","SI.POV.NAHC","","","","","","","","","","","","","","","7.9","8.2","","",
"Czech Republic, Severovýchod","CZE_Severovychod_AGG028","Poverty headcount ratio at rural poverty line (% of population)","SI.POV.RUHC","","","","","","","","","","","","","","","","","","",
"Czech Republic, Severovýchod","CZE_Severovychod_AGG028","Poverty headcount ratio at urban poverty line (% of population)","SI.POV.URHC","","","","","","","","","","","","","","","","","","",
"Czech Republic, Severozápad","CZE_Severozapad _AGG027_66","Poverty headcount ratio at national poverty line (% of population)","SI.POV.NAHC","","","","","","","","","","","","","","","17.1","14.5","","",
"Czech Republic, Severozápad","CZE_Severozapad _AGG027_66","Poverty headcount ratio at rural poverty line (% of population)","SI.POV.RUHC","","","","","","","","","","","","","","","","","","",
"Czech Republic, Severozápad","CZE_Severozapad _AGG027_66","Poverty headcount ratio at urban poverty line (% of population)","SI.POV.URHC","","","","","","","","","","","","","","","","","","",
"Czech Republic, Střední Čechy","CZE_Stredni_Cechy_AGG027","Poverty headcount ratio at national poverty line (% of population)","SI.POV.NAHC","","","","","","","","","","","","","","","6.1","7.3","","",
"Czech Republic, Střední Čechy","CZE_Stredni_Cechy_AGG027","Poverty headcount ratio at rural poverty line (% of population)","SI.POV.RUHC","","","","","","","","","","","","","","","","","","",
"Czech Republic, Střední Čechy","CZE_Stredni_Cechy_AGG027","Poverty headcount ratio at urban poverty line (% of population)","SI.POV.URHC","","","","","","","","","","","","","","","","","","",
"Czech Republic, Střední Morava","CZE_Stredni_Morava_AGG027_88","Poverty headcount ratio at national poverty line (% of population)","SI.POV.NAHC","","","","","","","","","","","","","","","11.3","11","","",
"Czech Republic, Střední Morava","CZE_Stredni_Morava_AGG027_88","Poverty headcount ratio at rural poverty line (% of population)","SI.POV.RUHC","","","","","","","","","","","","","","","","","","",
"Czech Republic, Střední Morava","CZE_Stredni_Morava_AGG027_88","Poverty headcount ratio at urban poverty line (% of population)","SI.POV.URHC","","","","","","","","","","","","","","","","","","",
"Dominican Republic, Cibao Nordeste","DOM_Cibao_Nordeste_AGG029","Poverty headcount ratio at national poverty line (% of population)","SI.POV.NAHC","","","","","35.9","37","38.2","45.3","51.1","51.3","49.1","48.9","52.7","45.9","44.4","43.5","","",
"Dominican Republic, Cibao Nordeste","DOM_Cibao_Nordeste_AGG029","Poverty headcount ratio at rural poverty line (% of population)","SI.POV.RUHC","","","","","","","","","","","","","","","","","","",
"Dominican Republic, Cibao Nordeste","DOM_Cibao_Nordeste_AGG029","Poverty headcount ratio at urban poverty line (% of population)","SI.POV.URHC","","","","","","","","","","","","","","","","","","",
"Dominican Republic, Cibao Noroeste","DOM_Cibao_Noroeste_AGG230.1","Poverty headcount ratio at national poverty line (% of population)","SI.POV.NAHC","","","","","45.6","43.3","37.7","54.2","59.8","65.6","59.8","58.3","59.5","58.1","56.6","59.3","","",
"Dominican Republic, Cibao Noroeste","DOM_Cibao_Noroeste_AGG230.1","Poverty headcount ratio at rural poverty line (% of population)","SI.POV.RUHC","","","","","","","","","","","","","","","","","","",
"Dominican Republic, Cibao Noroeste","DOM_Cibao_Noroeste_AGG230.1","Poverty headcount ratio at urban poverty line (% of population)","SI.POV.URHC","","","","","","","","","","","","","","","","","","",
"Dominican Republic, Cibao Norte","DOM_Cibao_Norte_AGG030","Poverty headcount ratio at national poverty line (% of population)","SI.POV.NAHC","","","","","21.1","25.4","25.2","35.9","46.4","43.5","41.3","40.4","37.6","37.6","36.8","34.4","","",
"Dominican Republic, Cibao Norte","DOM_Cibao_Norte_AGG030","Poverty headcount ratio at rural poverty line (% of population)","SI.POV.RUHC","","","","","","","","","","","","","","","","","","",
"Dominican Republic, Cibao Norte","DOM_Cibao_Norte_AGG030","Poverty headcount ratio at urban poverty line (% of population)","SI.POV.URHC","","","","","","","","","","","","","","","","","","",
"Dominican Republic, Cibao Sur","DOM_Cibao_Sur_AGG031","Poverty headcount ratio at national poverty line (% of population)","SI.POV.NAHC","","","","","36.5","38","36.1","46.7","54.1","52.7","45.1","45.4","49.2","41.1","41.9","38","","",
"Dominican Republic, Cibao Sur","DOM_Cibao_Sur_AGG031","Poverty headcount ratio at rural poverty line (% of population)","SI.POV.RUHC","","","","","","","","","","","","","","","","","","",
"Dominican Republic, Cibao Sur","DOM_Cibao_Sur_AGG031","Poverty headcount ratio at urban poverty line (% of population)","SI.POV.URHC","","","","","","","","","","","","","","","","","","",
"Dominican Republic, El Valle","DOM_El_Valle_36914","Poverty headcount ratio at national poverty line (% of population)","SI.POV.NAHC","","","","","71.7","62.6","72.6","73.3","72.6","70","68.7","71.2","70.4","62.4","65.1","59.1","","",
"Dominican Republic, El Valle","DOM_El_Valle_36914","Poverty headcount ratio at rural poverty line (% of population)","SI.POV.RUHC","","","","","","","","","","","","","","","","","","",
"Dominican Republic, El Valle","DOM_El_Valle_36914","Poverty headcount ratio at urban poverty line (% of population)","SI.POV.URHC","","","","","","","","","","","","","","","","","","",
"Dominican Republic, Enriquillo","DOM_Enriquillo_36879","Poverty headcount ratio at national poverty line (% of population)","SI.POV.NAHC","","","","","54.5","56.7","55.4","62","75.8","78.3","75.2","74.3","67.7","64.7","61.6","61.4","","",
"Dominican Republic, Enriquillo","DOM_Enriquillo_36879","Poverty headcount ratio at rural poverty line (% of population)","SI.POV.RUHC","","","","","","","","","","","","","","","","","","",
"Dominican Republic, Enriquillo","DOM_Enriquillo_36879","Poverty headcount ratio at urban poverty line (% of population)","SI.POV.URHC","","","","","","","","","","","","","","","","","","",
"Dominican Republic, Higuamo","DOM_Higuamo_AGG034","Poverty headcount ratio at national poverty line (% of population)","SI.POV.NAHC","","","","","47","45.2","42.9","55.4","61.1","64.8","58.5","51.9","57.5","54.1","53.6","48.6","","",
"Dominican Republic, Higuamo","DOM_Higuamo_AGG034","Poverty headcount ratio at rural poverty line (% of population)","SI.POV.RUHC","","","","","","","","","","","","","","","","","","",
"Dominican Republic, Higuamo","DOM_Higuamo_AGG034","Poverty headcount ratio at urban poverty line (% of population)","SI.POV.URHC","","","","","","","","","","","","","","","","","","",
"Dominican Republic, Ozama","DOM_Ozama_AGG035","Poverty headcount ratio at national poverty line (% of population)","SI.POV.NAHC","","","","","16.4","17.4","17.8","26.8","36.5","33.8","30.7","29.9","30.2","30.9","30.9","32","","",
"Dominican Republic, Ozama","DOM_Ozama_AGG035","Poverty headcount ratio at rural poverty line (% of population)","SI.POV.RUHC","","","","","","","","","","","","","","","","","","",
"Dominican Republic, Ozama","DOM_Ozama_AGG035","Poverty headcount ratio at urban poverty line (% of population)","SI.POV.URHC","","","","","","","","","","","","","","","","","","",
"Dominican Republic, Valdesia","DOM_Valdesia_AGG036","Poverty headcount ratio at national poverty line (% of population)","SI.POV.NAHC","","","","","47.2","43.8","44.6","52.4","60","54.4","51.2","52.7","54.4","52.2","50.2","49.1","","",
"Dominican Republic, Valdesia","DOM_Valdesia_AGG036","Poverty headcount ratio at rural poverty line (% of population)","SI.POV.RUHC","","","","","","","","","","","","","","","","","","",
"Dominican Republic, Valdesia","DOM_Valdesia_AGG036","Poverty headcount ratio at urban poverty line (% of population)","SI.POV.URHC","","","","","","","","","","","","","","","","","","",
"Dominican Republic, Yuma","DOM_Yuma_AGG037","Poverty headcount ratio at national poverty line (% of population)","SI.POV.NAHC","","","","","30.6","39.8","38.6","41.7","52.6","45.8","39.9","42.4","42.9","39.8","40.3","36.7","","",
"Dominican Republic, Yuma","DOM_Yuma_AGG037","Poverty headcount ratio at rural poverty line (% of population)","SI.POV.RUHC","","","","","","","","","","","","","","","","","","",
"Dominican Republic, Yuma","DOM_Yuma_AGG037","Poverty headcount ratio at urban poverty line (% of population)","SI.POV.URHC","","","","","","","","","","","","","","","","","","",
"Ecuador, Ambato","ECU_Ambato_15522","Poverty headcount ratio at national poverty line (% of population)","SI.POV.NAHC","","","","","","","","","","","","17.8","13.6","17.1","14.9","9.8","8","7.4",
"Ecuador, Ambato","ECU_Ambato_15522","Poverty headcount ratio at rural poverty line (% of population)","SI.POV.RUHC","","","","","","","","","","","","","","","","","","",
"Ecuador, Ambato","ECU_Ambato_15522","Poverty headcount ratio at urban poverty line (% of population)","SI.POV.URHC","","","","","","","","","","","","","","","","","","",
"Ecuador, Azuay","ECU_Azuay_EC.AZ_1135_ECU001","Poverty headcount ratio at national poverty line (% of population)","SI.POV.NAHC","","","","","","","","","","","","31.2","28.2","29.9","23.9","23.4","23.6","18.8",
"Ecuador, Azuay","ECU_Azuay_EC.AZ_1135_ECU001","Poverty headcount ratio at rural poverty line (% of population)","SI.POV.RUHC","","","","","","","","","","","","","","","","","","",
"Ecuador, Azuay","ECU_Azuay_EC.AZ_1135_ECU001","Poverty headcount ratio at urban poverty line (% of population)","SI.POV.URHC","","","","","","","","","","","","","","","","","","",
"Ecuador, Bolivar","ECU_Bolivar_EC.BO_1136_ECU002","Poverty headcount ratio at national poverty line (% of population)","SI.POV.NAHC","","","","","","","","","","","","64.7","65.5","64.9","63.3","57.5","61.8","49.1",
"Ecuador, Bolivar","ECU_Bolivar_EC.BO_1136_ECU002","Poverty headcount ratio at rural poverty line (% of population)","SI.POV.RUHC","","","","","","","","","","","","","","","","","","",
"Ecuador, Bolivar","ECU_Bolivar_EC.BO_1136_ECU002","Poverty headcount ratio at urban poverty line (% of population)","SI.POV.URHC","","","","","","","","","","","","","","","","","","",
"Ecuador, Canar","ECU_Canar_EC.CA_1137_ECU003","Poverty headcount ratio at national poverty line (% of population)","SI.POV.NAHC","","","","","","","","","","","","44.5","49.2","42.5","39.1","46.4","42.1","31.1",
"Ecuador, Canar","ECU_Canar_EC.CA_1137_ECU003","Poverty headcount ratio at rural poverty line (% of population)","SI.POV.RUHC","","","","","","","","","","","","","","","","","","",
"Ecuador, Canar","ECU_Canar_EC.CA_1137_ECU003","Poverty headcount ratio at urban poverty line (% of population)","SI.POV.URHC","","","","","","","","","","","","","","","","","","",
"Ecuador, Carchi","ECU_Carchi_EC.CR_1138_ECU004","Poverty headcount ratio at national poverty line (% of population)","SI.POV.NAHC","","","","","","","","","","","","46.2","46.3","52.9","45.1","44.4","37.3","29",
"Ecuador, Carchi","ECU_Carchi_EC.CR_1138_ECU004","Poverty headcount ratio at rural poverty line (% of population)","SI.POV.RUHC","","","","","","","","","","","","","","","","","","",
"Ecuador, Carchi","ECU_Carchi_EC.CR_1138_ECU004","Poverty headcount ratio at urban poverty line (% of population)","SI.POV.URHC","","","","","","","","","","","","","","","","","","",
"Ecuador, Chimborazo","ECU_Chimborazo_EC.CB_1139_ECU005","Poverty headcount ratio at national poverty line (% of population)","SI.POV.NAHC","","","","","","","","","","","","51.5","51.2","54.9","53.1","51.9","55.1","41.4",
"Ecuador, Chimborazo","ECU_Chimborazo_EC.CB_1139_ECU005","Poverty headcount ratio at rural poverty line (% of population)","SI.POV.RUHC","","","","","","","","","","","","","","","","","","",
"Ecuador, Chimborazo","ECU_Chimborazo_EC.CB_1139_ECU005","Poverty headcount ratio at urban poverty line (% of population)","SI.POV.URHC","","","","","","","","","","","","","","","","","","",
"Ecuador, Cotopaxi","ECU_Cotopaxi_EC.CT_1140_ECU006","Poverty headcount ratio at national poverty line (% of population)","SI.POV.NAHC","","","","","","","","","","","","49.2","41.6","48.3","47.8","44.3","44","28.1",
"Ecuador, Cotopaxi","ECU_Cotopaxi_EC.CT_1140_ECU006","Poverty headcount ratio at rural poverty line (% of population)","SI.POV.RUHC","","","","","","","","","","","","","","","","","","",
"Ecuador, Cotopaxi","ECU_Cotopaxi_EC.CT_1140_ECU006","Poverty headcount ratio at urban poverty line (% of population)","SI.POV.URHC","","","","","","","","","","","","","","","","","","",
"Ecuador, Cuenca","ECU_Cuenca_15321","Poverty headcount ratio at national poverty line (% of population)","SI.POV.NAHC","","","","","","","","","","","","10.1","8.1","11.4","9.7","5.2","10.1","5",
"Ecuador, Cuenca","ECU_Cuenca_15321","Poverty headcount ratio at rural poverty line (% of population)","SI.POV.RUHC","","","","","","","","","","","","","","","","","","",
"Ecuador, Cuenca","ECU_Cuenca_15321","Poverty headcount ratio at urban poverty line (% of population)","SI.POV.URHC","","","","","","","","","","","","","","","","","","",
"Ecuador, El Oro","ECU_El_Oro_EC.EO_1141_ECU007","Poverty headcount ratio at national poverty line (% of population)","SI.POV.NAHC","","","","","","","","","","","","29.2","27.9","30.3","24.6","21.7","15.7","17.5",
"Ecuador, El Oro","ECU_El_Oro_EC.EO_1141_ECU007","Poverty headcount ratio at rural poverty line (% of population)","SI.POV.RUHC","","","","","","","","","","","","","","","","","","",
"Ecuador, El Oro","ECU_El_Oro_EC.EO_1141_ECU007","Poverty headcount ratio at urban poverty line (% of population)","SI.POV.URHC","","","","","","","","","","","","","","","","","","",
"Ecuador, Esmeraldas","ECU_Esmeraldas_EC.ES_1142_ECU008","Poverty headcount ratio at national poverty line (% of population)","SI.POV.NAHC","","","","","","","","","","","","52.1","56.3","53.9","51.3","43.7","46.2","46.1",
"Ecuador, Esmeraldas","ECU_Esmeraldas_EC.ES_1142_ECU008","Poverty headcount ratio at rural poverty line (% of population)","SI.POV.RUHC","","","","","","","","","","","","","","","","","","",
"Ecuador, Esmeraldas","ECU_Esmeraldas_EC.ES_1142_ECU008","Poverty headcount ratio at urban poverty line (% of population)","SI.POV.URHC","","","","","","","","","","","","","","","","","","",
"Ecuador, Guayaquil","ECU_Guayaquil_15423","Poverty headcount ratio at national poverty line (% of population)","SI.POV.NAHC","","","","","","","","","","","","22.5","13.1","20.1","20.1","9.1","7.2","16.7",
"Ecuador, Guayaquil","ECU_Guayaquil_15423","Poverty headcount ratio at rural poverty line (% of population)","SI.POV.RUHC","","","","","","","","","","","","","","","","","","",
"Ecuador, Guayaquil","ECU_Guayaquil_15423","Poverty headcount ratio at urban poverty line (% of population)","SI.POV.URHC","","","","","","","","","","","","","","","","","","",
"Ecuador, Guayas","ECU_Guayas_EC.GU_22005_ECU023","Poverty headcount ratio at national poverty line (% of population)","SI.POV.NAHC","","","","","","","","","","","","31.3","26.7","25.6","26.2","18.4","16.1","23.2",
"Ecuador, Guayas","ECU_Guayas_EC.GU_22005_ECU023","Poverty headcount ratio at rural poverty line (% of population)","SI.POV.RUHC","","","","","","","","","","","","","","","","","","",
"Ecuador, Guayas","ECU_Guayas_EC.GU_22005_ECU023","Poverty headcount ratio at urban poverty line (% of population)","SI.POV.URHC","","","","","","","","","","","","","","","","","","",
"Ecuador, Imbabura","ECU_Imbabura_EC.IM_1145_ECU011","Poverty headcount ratio at national poverty line (% of population)","SI.POV.NAHC","","","","","","","","","","","","43.5","46.8","44.4","37.3","35.9","34.7","28.5",
"Ecuador, Imbabura","ECU_Imbabura_EC.IM_1145_ECU011","Poverty headcount ratio at rural poverty line (% of population)","SI.POV.RUHC","","","","","","","","","","","","","","","","","","",
"Ecuador, Imbabura","ECU_Imbabura_EC.IM_1145_ECU011","Poverty headcount ratio at urban poverty line (% of population)","SI.POV.URHC","","","","","","","","","","","","","","","","","","",
"Ecuador, La Amazonía","ECU_La_Amazonia_AGG087","Poverty headcount ratio at national poverty line (% of population)","SI.POV.NAHC","","","","","","","","","","","","54.6","49.3","59","48.6","47.8","47.1","35.6",
"Ecuador, La Amazonía","ECU_La_Amazonia_AGG087","Poverty headcount ratio at rural poverty line (% of population)","SI.POV.RUHC","","","","","","","","","","","","69.7","63.7","72.2","60.6","59.8","57.8","45.7",
"Ecuador, La Amazonía","ECU_La_Amazonia_AGG087","Poverty headcount ratio at urban poverty line (% of population)","SI.POV.URHC","","","","","","","","","","","","23.6","19","34.2","23.6","22.3","24","15.6",
"Ecuador, La Costa","ECU_La_Costa_AGG086","Poverty headcount ratio at national poverty line (% of population)","SI.POV.NAHC","","","","","","","","","","","","","","","","","","",
"Ecuador, La Costa","ECU_La_Costa_AGG086","Poverty headcount ratio at rural poverty line (% of population)","SI.POV.RUHC","","","","","","","","","","","","64.1","62.6","54.9","52","48.1","46.5","47.6",
"Ecuador, La Costa","ECU_La_Costa_AGG086","Poverty headcount ratio at urban poverty line (% of population)","SI.POV.URHC","","","","","","","","","","","","29.3","26.7","29.2","26.5","18.9","17.1","22.4",
"Ecuador, La Sierra","ECU_La_Sierra_AGG085","Poverty headcount ratio at national poverty line (% of population)","SI.POV.NAHC","","","","","","","","","","","","","","","","","","",
"Ecuador, La Sierra","ECU_La_Sierra_AGG085","Poverty headcount ratio at rural poverty line (% of population)","SI.POV.RUHC","","","","","","","","","","","","57.6","56.7","56.7","52.2","51.3","49.4","37.2",
"Ecuador, La Sierra","ECU_La_Sierra_AGG085","Poverty headcount ratio at urban poverty line (% of population)","SI.POV.URHC","","","","","","","","","","","","17.7","17.4","18.7","17","15","14.3","11.3",
"Ecuador, Loja","ECU_Loja_EC.LJ_1146_ECU012","Poverty headcount ratio at national poverty line (% of population)","SI.POV.NAHC","","","","","","","","","","","","50.1","51.6","42.5","41.5","40.7","38.7","32",
"Ecuador, Loja","ECU_Loja_EC.LJ_1146_ECU012","Poverty headcount ratio at rural poverty line (% of population)","SI.POV.RUHC","","","","","","","","","","","","","","","","","","",
"Ecuador, Loja","ECU_Loja_EC.LJ_1146_ECU012","Poverty headcount ratio at urban poverty line (% of population)","SI.POV.URHC","","","","","","","","","","","","","","","","","","",
"Ecuador, Los Rios","ECU_Los_Rios_EC.LR_1147_ECU013","Poverty headcount ratio at national poverty line (% of population)","SI.POV.NAHC","","","","","","","","","","","","45","40.9","40.8","36.9","34.7","33.7","34.4",
"Ecuador, Los Rios","ECU_Los_Rios_EC.LR_1147_ECU013","Poverty headcount ratio at rural poverty line (% of population)","SI.POV.RUHC","","","","","","","","","","","","","","","","","","",
"Ecuador, Los Rios","ECU_Los_Rios_EC.LR_1147_ECU013","Poverty headcount ratio at urban poverty line (% of population)","SI.POV.URHC","","","","","","","","","","","","","","","","","","",
"Ecuador, Machala","ECU_Machala_15376","Poverty headcount ratio at national poverty line (% of population)","SI.POV.NAHC","","","","","","","","","","","","26.2","17.7","16","22","12","9.5","12.3",
"Ecuador, Machala","ECU_Machala_15376","Poverty headcount ratio at rural poverty line (% of population)","SI.POV.RUHC","","","","","","","","","","","","","","","","","","",
"Ecuador, Machala","ECU_Machala_15376","Poverty headcount ratio at urban poverty line (% of population)","SI.POV.URHC","","","","","","","","","","","","","","","","","","",
"Ecuador, Manabi","ECU_Manabi_EC.MN_1148_ECU014","Poverty headcount ratio at national poverty line (% of population)","SI.POV.NAHC","","","","","","","","","","","","52.7","55","42.8","44.3","35.4","35","36.6",
"Ecuador, Manabi","ECU_Manabi_EC.MN_1148_ECU014","Poverty headcount ratio at rural poverty line (% of population)","SI.POV.RUHC","","","","","","","","","","","","","","","","","","",
"Ecuador, Manabi","ECU_Manabi_EC.MN_1148_ECU014","Poverty headcount ratio at urban poverty line (% of population)","SI.POV.URHC","","","","","","","","","","","","","","","","","","",
"Ecuador, Pichincha","ECU_Pichincha_EC.PI_22006_ECU019","Poverty headcount ratio at national poverty line (% of population)","SI.POV.NAHC","","","","","","","","","","","","19.3","18.9","14.7","16.5","14.2","12.5","9.1",
"Ecuador, Pichincha","ECU_Pichincha_EC.PI_22006_ECU019","Poverty headcount ratio at rural poverty line (% of population)","SI.POV.RUHC","","","","","","","","","","","","","","","","","","",
"Ecuador, Pichincha","ECU_Pichincha_EC.PI_22006_ECU019","Poverty headcount ratio at urban poverty line (% of population)","SI.POV.URHC","","","","","","","","","","","","","","","","","","",
"Ecuador, Quito","ECU_Quito_15512","Poverty headcount ratio at national poverty line (% of population)","SI.POV.NAHC","","","","","","","","","","","","10.1","10","12.1","10.5","9.1","8","6.1",
"Ecuador, Quito","ECU_Quito_15512","Poverty headcount ratio at rural poverty line (% of population)","SI.POV.RUHC","","","","","","","","","","","","","","","","","","",
"Ecuador, Quito","ECU_Quito_15512","Poverty headcount ratio at urban poverty line (% of population)","SI.POV.URHC","","","","","","","","","","","","","","","","","","",
"Ecuador, Santa Elena","ECU_Santa_Elena_EC.SE_22007_ECU024","Poverty headcount ratio at national poverty line (% of population)","SI.POV.NAHC","","","","","","","","","","","","","","57","43.4","38.9","39","34.3",
"Ecuador, Santa Elena","ECU_Santa_Elena_EC.SE_22007_ECU024","Poverty headcount ratio at rural poverty line (% of population)","SI.POV.RUHC","","","","","","","","","","","","","","","","","","",
"Ecuador, Santa Elena","ECU_Santa_Elena_EC.SE_22007_ECU024","Poverty headcount ratio at urban poverty line (% of population)","SI.POV.URHC","","","","","","","","","","","","","","","","","","",
"Ecuador, Santo Domingo","ECU_Santo_Domingo_15514","Poverty headcount ratio at national poverty line (% of population)","SI.POV.NAHC","","","","","","","","","","","","","","48.2","39.2","30.8","32","33.3",
"Ecuador, Santo Domingo","ECU_Santo_Domingo_15514","Poverty headcount ratio at rural poverty line (% of population)","SI.POV.RUHC","","","","","","","","","","","","","","","","","","",
"Ecuador, Santo Domingo","ECU_Santo_Domingo_15514","Poverty headcount ratio at urban poverty line (% of population)","SI.POV.URHC","","","","","","","","","","","","","","","","","","",
"Ecuador, Tungurahua","ECU_Tungurahua_EC.TU_1155_ECU021","Poverty headcount ratio at national poverty line (% of population)","SI.POV.NAHC","","","","","","","","","","","","34.8","33.6","33.3","29.5","31.8","27.9","20",
"Ecuador, Tungurahua","ECU_Tungurahua_EC.TU_1155_ECU021","Poverty headcount ratio at rural poverty line (% of population)","SI.POV.RUHC","","","","","","","","","","","","","","","","","","",
"Ecuador, Tungurahua","ECU_Tungurahua_EC.TU_1155_ECU021","Poverty headcount ratio at urban poverty line (% of population)","SI.POV.URHC","","","","","","","","","","","","","","","","","","",
"Egypt, Arab Rep., Lower","EGY_Lower_AGG087_66","Poverty headcount ratio at national poverty line (% of population)","SI.POV.NAHC","","","","","","","","","","","","","","","","","","",
"Egypt, Arab Rep., Lower","EGY_Lower_AGG087_66","Poverty headcount ratio at rural poverty line (% of population)","SI.POV.RUHC","","","","","11.8","","","","","16.7","","","","","","","","",
"Egypt, Arab Rep., Lower","EGY_Lower_AGG087_66","Poverty headcount ratio at urban poverty line (% of population)","SI.POV.URHC","","","","","6.2","","","","","9","","","","","","","","",
"Egypt, Arab Rep., Metropolitan","EGY_Metropolitan_AGG094","Poverty headcount ratio at national poverty line (% of population)","SI.POV.NAHC","","","","","","","","","","","","","","","","","","",
"Egypt, Arab Rep., Metropolitan","EGY_Metropolitan_AGG094","Poverty headcount ratio at rural poverty line (% of population)","SI.POV.RUHC","","","","","","","","","","","","","","","","","","",
"Egypt, Arab Rep., Metropolitan","EGY_Metropolitan_AGG094","Poverty headcount ratio at urban poverty line (% of population)","SI.POV.URHC","","","","","5.1","","","","","5.7","","","","","","","","",
"Egypt, Arab Rep., Upper","EGY_Upper_AGG088","Poverty headcount ratio at national poverty line (% of population)","SI.POV.NAHC","","","","","","","","","","","","","","","","","","",
"Egypt, Arab Rep., Upper","EGY_Upper_AGG088","Poverty headcount ratio at rural poverty line (% of population)","SI.POV.RUHC","","","","","34.2","","","","","39.1","","","","","","","","",
"Egypt, Arab Rep., Upper","EGY_Upper_AGG088","Poverty headcount ratio at urban poverty line (% of population)","SI.POV.URHC","","","","","19.3","","","","","18.6","","","","","","","","",
"Estonia, Harju","EST_Harju_EE.HA_1212_EST001","Poverty headcount ratio at national poverty line (% of population)","SI.POV.NAHC","","","","","","","","","10.9","","","","","","","10.6","","",
"Estonia, Harju","EST_Harju_EE.HA_1212_EST001","Poverty headcount ratio at rural poverty line (% of population)","SI.POV.RUHC","","","","","","","","","","","","","","","","","","",
"Estonia, Harju","EST_Harju_EE.HA_1212_EST001","Poverty headcount ratio at urban poverty line (% of population)","SI.POV.URHC","","","","","","","","","","","","","","","","","","",
"Estonia, Hiiu","EST_Hiiu_EE.HI_1213_EST002","Poverty headcount ratio at national poverty line (% of population)","SI.POV.NAHC","","","","","","","","","22.4","","","","","","","25","","",
"Estonia, Hiiu","EST_Hiiu_EE.HI_1213_EST002","Poverty headcount ratio at rural poverty line (% of population)","SI.POV.RUHC","","","","","","","","","","","","","","","","","","",
"Estonia, Hiiu","EST_Hiiu_EE.HI_1213_EST002","Poverty headcount ratio at urban poverty line (% of population)","SI.POV.URHC","","","","","","","","","","","","","","","","","","",
"Estonia, Ida-Viru","EST_Ida-Viru_EE.IV_1214_EST003","Poverty headcount ratio at national poverty line (% of population)","SI.POV.NAHC","","","","","","","","","25.2","","","","","","","29.4","","",
"Estonia, Ida-Viru","EST_Ida-Viru_EE.IV_1214_EST003","Poverty headcount ratio at rural poverty line (% of population)","SI.POV.RUHC","","","","","","","","","","","","","","","","","","",
"Estonia, Ida-Viru","EST_Ida-Viru_EE.IV_1214_EST003","Poverty headcount ratio at urban poverty line (% of population)","SI.POV.URHC","","","","","","","","","","","","","","","","","","",
"Estonia, Jarva","EST_Jarva_EE.JA_1215_EST016","Poverty headcount ratio at national poverty line (% of population)","SI.POV.NAHC","","","","","","","","","26","","","","","","","18.1","","",
"Estonia, Jarva","EST_Jarva_EE.JA_1215_EST016","Poverty headcount ratio at rural poverty line (% of population)","SI.POV.RUHC","","","","","","","","","","","","","","","","","","",
"Estonia, Jarva","EST_Jarva_EE.JA_1215_EST016","Poverty headcount ratio at urban poverty line (% of population)","SI.POV.URHC","","","","","","","","","","","","","","","","","","",
"Estonia, Jogeva","EST_Jogeva_EE.JO_1216_EST005","Poverty headcount ratio at national poverty line (% of population)","SI.POV.NAHC","","","","","","","","","36.2","","","","","","","26.1","","",
"Estonia, Jogeva","EST_Jogeva_EE.JO_1216_EST005","Poverty headcount ratio at rural poverty line (% of population)","SI.POV.RUHC","","","","","","","","","","","","","","","","","","",
"Estonia, Jogeva","EST_Jogeva_EE.JO_1216_EST005","Poverty headcount ratio at urban poverty line (% of population)","SI.POV.URHC","","","","","","","","","","","","","","","","","","",
"Estonia, Laane","EST_Laane_EE.LA_1218_EST006","Poverty headcount ratio at national poverty line (% of population)","SI.POV.NAHC","","","","","","","","","22.9","","","","","","","21","","",
"Estonia, Laane","EST_Laane_EE.LA_1218_EST006","Poverty headcount ratio at rural poverty line (% of population)","SI.POV.RUHC","","","","","","","","","","","","","","","","","","",
"Estonia, Laane","EST_Laane_EE.LA_1218_EST006","Poverty headcount ratio at urban poverty line (% of population)","SI.POV.URHC","","","","","","","","","","","","","","","","","","",
"Estonia, Laane-Viru","EST_Laane-Viru_EE.LV_1217_EST007","Poverty headcount ratio at national poverty line (% of population)","SI.POV.NAHC","","","","","","","","","23.1","","","","","","","22.9","","",
"Estonia, Laane-Viru","EST_Laane-Viru_EE.LV_1217_EST007","Poverty headcount ratio at rural poverty line (% of population)","SI.POV.RUHC","","","","","","","","","","","","","","","","","","",
"Estonia, Laane-Viru","EST_Laane-Viru_EE.LV_1217_EST007","Poverty headcount ratio at urban poverty line (% of population)","SI.POV.URHC","","","","","","","","","","","","","","","","","","",
"Estonia, Pärnu","EST_Parnu_EE.PA_1219_EST008","Poverty headcount ratio at national poverty line (% of population)","SI.POV.NAHC","","","","","","","","","18.7","","","","","","","21.6","","",
"Estonia, Pärnu","EST_Parnu_EE.PA_1219_EST008","Poverty headcount ratio at rural poverty line (% of population)","SI.POV.RUHC","","","","","","","","","","","","","","","","","","",
"Estonia, Pärnu","EST_Parnu_EE.PA_1219_EST008","Poverty headcount ratio at urban poverty line (% of population)","SI.POV.URHC","","","","","","","","","","","","","","","","","","",
"Estonia, Polva","EST_Polva_EE.PO_1220_EST009","Poverty headcount ratio at national poverty line (% of population)","SI.POV.NAHC","","","","","","","","","27","","","","","","","21.8","","",
"Estonia, Polva","EST_Polva_EE.PO_1220_EST009","Poverty headcount ratio at rural poverty line (% of population)","SI.POV.RUHC","","","","","","","","","","","","","","","","","","",
"Estonia, Polva","EST_Polva_EE.PO_1220_EST009","Poverty headcount ratio at urban poverty line (% of population)","SI.POV.URHC","","","","","","","","","","","","","","","","","","",
"Estonia, Rapla","EST_Rapla_EE.RA_1221_EST010","Poverty headcount ratio at national poverty line (% of population)","SI.POV.NAHC","","","","","","","","","23.2","","","","","","","17.5","","",
"Estonia, Rapla","EST_Rapla_EE.RA_1221_EST010","Poverty headcount ratio at rural poverty line (% of population)","SI.POV.RUHC","","","","","","","","","","","","","","","","","","",
"Estonia, Rapla","EST_Rapla_EE.RA_1221_EST010","Poverty headcount ratio at urban poverty line (% of population)","SI.POV.URHC","","","","","","","","","","","","","","","","","","",
"Estonia, Saare","EST_Saare_EE.SA_1222_EST011","Poverty headcount ratio at national poverty line (% of population)","SI.POV.NAHC","","","","","","","","","20.5","","","","","","","14","","",
"Estonia, Saare","EST_Saare_EE.SA_1222_EST011","Poverty headcount ratio at rural poverty line (% of population)","SI.POV.RUHC","","","","","","","","","","","","","","","","","","",
"Estonia, Saare","EST_Saare_EE.SA_1222_EST011","Poverty headcount ratio at urban poverty line (% of population)","SI.POV.URHC","","","","","","","","","","","","","","","","","","",
"Estonia, Tartu","EST_Tartu_EE.TA_1223_EST012","Poverty headcount ratio at national poverty line (% of population)","SI.POV.NAHC","","","","","","","","","17.4","","","","","","","16.7","","",
"Estonia, Tartu","EST_Tartu_EE.TA_1223_EST012","Poverty headcount ratio at rural poverty line (% of population)","SI.POV.RUHC","","","","","","","","","","","","","","","","","","",
"Estonia, Tartu","EST_Tartu_EE.TA_1223_EST012","Poverty headcount ratio at urban poverty line (% of population)","SI.POV.URHC","","","","","","","","","","","","","","","","","","",
"Estonia, Valga","EST_Valga_EE.VA_1224_EST013","Poverty headcount ratio at national poverty line (% of population)","SI.POV.NAHC","","","","","","","","","26.4","","","","","","","25.8","","",
"Estonia, Valga","EST_Valga_EE.VA_1224_EST013","Poverty headcount ratio at rural poverty line (% of population)","SI.POV.RUHC","","","","","","","","","","","","","","","","","","",
"Estonia, Valga","EST_Valga_EE.VA_1224_EST013","Poverty headcount ratio at urban poverty line (% of population)","SI.POV.URHC","","","","","","","","","","","","","","","","","","",
"Estonia, Viljandi","EST_Viljandi_EE.VI_1225_EST014","Poverty headcount ratio at national poverty line (% of population)","SI.POV.NAHC","","","","","","","","","23.9","","","","","","","19.9","","",
"Estonia, Viljandi","EST_Viljandi_EE.VI_1225_EST014","Poverty headcount ratio at rural poverty line (% of population)","SI.POV.RUHC","","","","","","","","","","","","","","","","","","",
"Estonia, Viljandi","EST_Viljandi_EE.VI_1225_EST014","Poverty headcount ratio at urban poverty line (% of population)","SI.POV.URHC","","","","","","","","","","","","","","","","","","",
"Estonia, Voru","EST_Voru_EE.VO_1226_EST015","Poverty headcount ratio at national poverty line (% of population)","SI.POV.NAHC","","","","","","","","","23.7","","","","","","","22.7","","",
"Estonia, Voru","EST_Voru_EE.VO_1226_EST015","Poverty headcount ratio at rural poverty line (% of population)","SI.POV.RUHC","","","","","","","","","","","","","","","","","","",
"Estonia, Voru","EST_Voru_EE.VO_1226_EST015","Poverty headcount ratio at urban poverty line (% of population)","SI.POV.URHC","","","","","","","","","","","","","","","","","","",
"Georgia, Abkhazia Aut. Rep.","GEO_Abkhazia_Aut._Rep._GE.AA_1296_GEO001","Poverty headcount ratio at national poverty line (% of population)","SI.POV.NAHC","","","","","","","","","","","","","","","","","","",
"Georgia, Abkhazia Aut. Rep.","GEO_Abkhazia_Aut._Rep._GE.AA_1296_GEO001","Poverty headcount ratio at rural poverty line (% of population)","SI.POV.RUHC","","","","","","","","","","","","","","","","","","",
"Georgia, Abkhazia Aut. Rep.","GEO_Abkhazia_Aut._Rep._GE.AA_1296_GEO001","Poverty headcount ratio at urban poverty line (% of population)","SI.POV.URHC","","","","","","","","","","","","","","","","","","",
"Georgia, Adjara Aut. Rep.","GEO_Adjara_Aut._Rep._GE.AR_1297_GEO002","Poverty headcount ratio at national poverty line (% of population)","SI.POV.NAHC","","","","","","","","","","","","","","","","13.7","15.105","",
"Georgia, Adjara Aut. Rep.","GEO_Adjara_Aut._Rep._GE.AR_1297_GEO002","Poverty headcount ratio at rural poverty line (% of population)","SI.POV.RUHC","","","","","","","","","","","","","","","","","","",
"Georgia, Adjara Aut. Rep.","GEO_Adjara_Aut._Rep._GE.AR_1297_GEO002","Poverty headcount ratio at urban poverty line (% of population)","SI.POV.URHC","","","","","","","","","","","","","","","","","","",
"Georgia, Guria","GEO_Guria_GE.GU_1298_GEO003","Poverty headcount ratio at national poverty line (% of population)","SI.POV.NAHC","","","","","","","","","","","","","","","","21.2","","",
"Georgia, Guria","GEO_Guria_GE.GU_1298_GEO003","Poverty headcount ratio at rural poverty line (% of population)","SI.POV.RUHC","","","","","","","","","","","","","","","","","","",
"Georgia, Guria","GEO_Guria_GE.GU_1298_GEO003","Poverty headcount ratio at urban poverty line (% of population)","SI.POV.URHC","","","","","","","","","","","","","","","","","","",
"Georgia, Imereti","GEO_Imereti_GE.IM_1299_GEO004","Poverty headcount ratio at national poverty line (% of population)","SI.POV.NAHC","","","","","","","","","","","","","","","","15.7","","",
"Georgia, Imereti","GEO_Imereti_GE.IM_1299_GEO004","Poverty headcount ratio at rural poverty line (% of population)","SI.POV.RUHC","","","","","","","","","","","","","","","","","","",
"Georgia, Imereti","GEO_Imereti_GE.IM_1299_GEO004","Poverty headcount ratio at urban poverty line (% of population)","SI.POV.URHC","","","","","","","","","","","","","","","","","","",
"Georgia, Imereti, Racha-Lechkhumi and Kvemo (lower) Svaneti","GEO_ Imereti_Racha-Lechkhumi_Kvemo_Svaneti_AGG038","Poverty headcount ratio at national poverty line (% of population)","SI.POV.NAHC","","","","","","","","","","","","","","","","","14.275","",
"Georgia, Imereti, Racha-Lechkhumi and Kvemo (lower) Svaneti","GEO_ Imereti_Racha-Lechkhumi_Kvemo_Svaneti_AGG038","Poverty headcount ratio at rural poverty line (% of population)","SI.POV.RUHC","","","","","","","","","","","","","","","","","","",
"Georgia, Imereti, Racha-Lechkhumi and Kvemo (lower) Svaneti","GEO_ Imereti_Racha-Lechkhumi_Kvemo_Svaneti_AGG038","Poverty headcount ratio at urban poverty line (% of population)","SI.POV.URHC","","","","","","","","","","","","","","","","","","",
"Georgia, Kakheti","GEO_Kakheti_GE.KA_1300_GEO005","Poverty headcount ratio at national poverty line (% of population)","SI.POV.NAHC","","","","","","","","","","","","","","","","27.7","20.118","",
"Georgia, Kakheti","GEO_Kakheti_GE.KA_1300_GEO005","Poverty headcount ratio at rural poverty line (% of population)","SI.POV.RUHC","","","","","","","","","","","","","","","","","","",
"Georgia, Kakheti","GEO_Kakheti_GE.KA_1300_GEO005","Poverty headcount ratio at urban poverty line (% of population)","SI.POV.URHC","","","","","","","","","","","","","","","","","","",
"Georgia, Kvemo Kartli","GEO_Kvemo_Kartli_GE.KK_1301_GEO006","Poverty headcount ratio at national poverty line (% of population)","SI.POV.NAHC","","","","","","","","","","","","","","","","27.2","26.447","",
"Georgia, Kvemo Kartli","GEO_Kvemo_Kartli_GE.KK_1301_GEO006","Poverty headcount ratio at rural poverty line (% of population)","SI.POV.RUHC","","","","","","","","","","","","","","","","","","",
"Georgia, Kvemo Kartli","GEO_Kvemo_Kartli_GE.KK_1301_GEO006","Poverty headcount ratio at urban poverty line (% of population)","SI.POV.URHC","","","","","","","","","","","","","","","","","","",
"Georgia, Mtskheta-Mtianeti","GEO_Mtskheta-Mtianeti_GE.MM_1302_GEO007","Poverty headcount ratio at national poverty line (% of population)","SI.POV.NAHC","","","","","","","","","","","","","","","","26.5","","",
"Georgia, Mtskheta-Mtianeti","GEO_Mtskheta-Mtianeti_GE.MM_1302_GEO007","Poverty headcount ratio at rural poverty line (% of population)","SI.POV.RUHC","","","","","","","","","","","","","","","","","","",
"Georgia, Mtskheta-Mtianeti","GEO_Mtskheta-Mtianeti_GE.MM_1302_GEO007","Poverty headcount ratio at urban poverty line (% of population)","SI.POV.URHC","","","","","","","","","","","","","","","","","","",
"Georgia, Samergelo and Zemo (upper) Svaneti","GEO_Samergelo_and_Zemo_upSvaneti_GE.SZ_1304_GEO009","Poverty headcount ratio at national poverty line (% of population)","SI.POV.NAHC","","","","","","","","","","","","","","","","19.5","14.789","",
"Georgia, Samergelo and Zemo (upper) Svaneti","GEO_Samergelo_and_Zemo_upSvaneti_GE.SZ_1304_GEO009","Poverty headcount ratio at rural poverty line (% of population)","SI.POV.RUHC","","","","","","","","","","","","","","","","","","",
"Georgia, Samergelo and Zemo (upper) Svaneti","GEO_Samergelo_and_Zemo_upSvaneti_GE.SZ_1304_GEO009","Poverty headcount ratio at urban poverty line (% of population)","SI.POV.URHC","","","","","","","","","","","","","","","","","","",
"Georgia, Samtskhe-Javakheti","GEO_Samtskhe-Javakheti_GE.SA_1305_GEO008","Poverty headcount ratio at national poverty line (% of population)","SI.POV.NAHC","","","","","","","","","","","","","","","","9.2","","",
"Georgia, Samtskhe-Javakheti","GEO_Samtskhe-Javakheti_GE.SA_1305_GEO008","Poverty headcount ratio at rural poverty line (% of population)","SI.POV.RUHC","","","","","","","","","","","","","","","","","","",
"Georgia, Samtskhe-Javakheti","GEO_Samtskhe-Javakheti_GE.SA_1305_GEO008","Poverty headcount ratio at urban poverty line (% of population)","SI.POV.URHC","","","","","","","","","","","","","","","","","","",
"Georgia, Samtskhe-Javakheti, Guria, and Mtskheta-Mtianeti","GEO_Samtskhe-Javakheti_Guria_MtskhetaMtian_AGG0095","Poverty headcount ratio at national poverty line (% of population)","SI.POV.NAHC","","","","","","","","","","","","","","","","","13.709","",
"Georgia, Samtskhe-Javakheti, Guria, and Mtskheta-Mtianeti","GEO_Samtskhe-Javakheti_Guria_MtskhetaMtian_AGG0095","Poverty headcount ratio at rural poverty line (% of population)","SI.POV.RUHC","","","","","","","","","","","","","","","","","","",
"Georgia, Samtskhe-Javakheti, Guria, and Mtskheta-Mtianeti","GEO_Samtskhe-Javakheti_Guria_MtskhetaMtian_AGG0095","Poverty headcount ratio at urban poverty line (% of population)","SI.POV.URHC","","","","","","","","","","","","","","","","","","",
"Georgia, Shida Kartli","GEO_Shida_Kartli_GE.SD_1306_GEO011","Poverty headcount ratio at national poverty line (% of population)","SI.POV.NAHC","","","","","","","","","","","","","","","","23.8","19.466","",
"Georgia, Shida Kartli","GEO_Shida_Kartli_GE.SD_1306_GEO011","Poverty headcount ratio at rural poverty line (% of population)","SI.POV.RUHC","","","","","","","","","","","","","","","","","","",
"Georgia, Shida Kartli","GEO_Shida_Kartli_GE.SD_1306_GEO011","Poverty headcount ratio at urban poverty line (% of population)","SI.POV.URHC","","","","","","","","","","","","","","","","","","",
"Georgia, Tbilisi","GEO_Tbilisi_GE.TB_1307_GEO012","Poverty headcount ratio at national poverty line (% of population)","SI.POV.NAHC","","","","","","","","","","","","","","","","11.3","7.577","",
"Georgia, Tbilisi","GEO_Tbilisi_GE.TB_1307_GEO012","Poverty headcount ratio at rural poverty line (% of population)","SI.POV.RUHC","","","","","","","","","","","","","","","","","","",
"Georgia, Tbilisi","GEO_Tbilisi_GE.TB_1307_GEO012","Poverty headcount ratio at urban poverty line (% of population)","SI.POV.URHC","","","","","","","","","","","","","","","","","","",
"Guinea, Boke","GIN_Boke_GN.BO_40700_GIN001","Poverty headcount ratio at national poverty line (% of population)","SI.POV.NAHC","","","","","","","","","","","","52","","","","","58.9","",
"Guinea, Boke","GIN_Boke_GN.BO_40700_GIN001","Poverty headcount ratio at rural poverty line (% of population)","SI.POV.RUHC","","","","","","","","","","","","","","","","","","",
"Guinea, Boke","GIN_Boke_GN.BO_40700_GIN001","Poverty headcount ratio at urban poverty line (% of population)","SI.POV.URHC","","","","","","","","","","","","","","","","","","",
"Guinea, Conakry","GIN_Conakry_GN.CO_40701_GIN002","Poverty headcount ratio at national poverty line (% of population)","SI.POV.NAHC","","","","","","","","","","","","26.3","","","","","27.4","",
"Guinea, Conakry","GIN_Conakry_GN.CO_40701_GIN002","Poverty headcount ratio at rural poverty line (% of population)","SI.POV.RUHC","","","","","","","","","","","","","","","","","","",
"Guinea, Conakry","GIN_Conakry_GN.CO_40701_GIN002","Poverty headcount ratio at urban poverty line (% of population)","SI.POV.URHC","","","","","","","","","","","","","","","","","","",
"Guinea, Faranah","GIN_Faranah_GN.FA_40702_GIN003","Poverty headcount ratio at national poverty line (% of population)","SI.POV.NAHC","","","","","","","","","","","","53","","","","","64.8","",
"Guinea, Faranah","GIN_Faranah_GN.FA_40702_GIN003","Poverty headcount ratio at rural poverty line (% of population)","SI.POV.RUHC","","","","","","","","","","","","","","","","","","",
"Guinea, Faranah","GIN_Faranah_GN.FA_40702_GIN003","Poverty headcount ratio at urban poverty line (% of population)","SI.POV.URHC","","","","","","","","","","","","","","","","","","",
"Guinea, Kankan","GIN_Kankan_GN.KA_40703_GIN004","Poverty headcount ratio at national poverty line (% of population)","SI.POV.NAHC","","","","","","","","","","","","58.7","","","","","48.7","",
"Guinea, Kankan","GIN_Kankan_GN.KA_40703_GIN004","Poverty headcount ratio at rural poverty line (% of population)","SI.POV.RUHC","","","","","","","","","","","","","","","","","","",
"Guinea, Kankan","GIN_Kankan_GN.KA_40703_GIN004","Poverty headcount ratio at urban poverty line (% of population)","SI.POV.URHC","","","","","","","","","","","","","","","","","","",
"Guinea, Kindia","GIN_Kindia_GN.KI_40704_GIN005","Poverty headcount ratio at national poverty line (% of population)","SI.POV.NAHC","","","","","","","","","","","","64.1","","","","","62.5","",
"Guinea, Kindia","GIN_Kindia_GN.KI_40704_GIN005","Poverty headcount ratio at rural poverty line (% of population)","SI.POV.RUHC","","","","","","","","","","","","","","","","","","",
"Guinea, Kindia","GIN_Kindia_GN.KI_40704_GIN005","Poverty headcount ratio at urban poverty line (% of population)","SI.POV.URHC","","","","","","","","","","","","","","","","","","",
"Guinea, Labe","GIN_Labe_GN.LA_40705_GIN006","Poverty headcount ratio at national poverty line (% of population)","SI.POV.NAHC","","","","","","","","","","","","59.8","","","","","65","",
"Guinea, Labe","GIN_Labe_GN.LA_40705_GIN006","Poverty headcount ratio at rural poverty line (% of population)","SI.POV.RUHC","","","","","","","","","","","","","","","","","","",
"Guinea, Labe","GIN_Labe_GN.LA_40705_GIN006","Poverty headcount ratio at urban poverty line (% of population)","SI.POV.URHC","","","","","","","","","","","","","","","","","","",
"Guinea, Mamou","GIN_Mamou_GN.MA_40706_GIN007","Poverty headcount ratio at national poverty line (% of population)","SI.POV.NAHC","","","","","","","","","","","","50.1","","","","","60.8","",
"Guinea, Mamou","GIN_Mamou_GN.MA_40706_GIN007","Poverty headcount ratio at rural poverty line (% of population)","SI.POV.RUHC","","","","","","","","","","","","","","","","","","",
"Guinea, Mamou","GIN_Mamou_GN.MA_40706_GIN007","Poverty headcount ratio at urban poverty line (% of population)","SI.POV.URHC","","","","","","","","","","","","","","","","","","",
"Guinea, NZerekore","GIN_Nzerekore_GN.NZ_40707_GIN008","Poverty headcount ratio at national poverty line (% of population)","SI.POV.NAHC","","","","","","","","","","","","64.3","","","","","66.9","",
"Guinea, NZerekore","GIN_Nzerekore_GN.NZ_40707_GIN008","Poverty headcount ratio at rural poverty line (% of population)","SI.POV.RUHC","","","","","","","","","","","","","","","","","","",
"Guinea, NZerekore","GIN_Nzerekore_GN.NZ_40707_GIN008","Poverty headcount ratio at urban poverty line (% of population)","SI.POV.URHC","","","","","","","","","","","","","","","","","","",
"Guatemala, Central","GTM_Central_AGG096","Poverty headcount ratio at national poverty line (% of population)","SI.POV.NAHC","","","","","","","","","","","47.5","","","","","49.6","","",
"Guatemala, Central","GTM_Central_AGG096","Poverty headcount ratio at rural poverty line (% of population)","SI.POV.RUHC","","","","","","","","","","","","","","","","","","",
"Guatemala, Central","GTM_Central_AGG096","Poverty headcount ratio at urban poverty line (% of population)","SI.POV.URHC","","","","","","","","","","","","","","","","","","",
"Guatemala, Metropolitana","GTM_Metropolitana_AGG097","Poverty headcount ratio at national poverty line (% of population)","SI.POV.NAHC","","","","","","","","","","","16.3","","","","","18.6","","",
"Guatemala, Metropolitana","GTM_Metropolitana_AGG097","Poverty headcount ratio at rural poverty line (% of population)","SI.POV.RUHC","","","","","","","","","","","","","","","","","","",
"Guatemala, Metropolitana","GTM_Metropolitana_AGG097","Poverty headcount ratio at urban poverty line (% of population)","SI.POV.URHC","","","","","","","","","","","","","","","","","","",
"Guatemala, Noroccidental","GTM_Noroccidental_AGG098","Poverty headcount ratio at national poverty line (% of population)","SI.POV.NAHC","","","","","","","","","","","75.6","","","","","65.7","","",
"Guatemala, Noroccidental","GTM_Noroccidental_AGG098","Poverty headcount ratio at rural poverty line (% of population)","SI.POV.RUHC","","","","","","","","","","","","","","","","","","",
"Guatemala, Noroccidental","GTM_Noroccidental_AGG098","Poverty headcount ratio at urban poverty line (% of population)","SI.POV.URHC","","","","","","","","","","","","","","","","","","",
"Guatemala, Nororiental","GTM_Nororiental_AGG099","Poverty headcount ratio at national poverty line (% of population)","SI.POV.NAHC","","","","","","","","","","","53.2","","","","","56.8","","",
"Guatemala, Nororiental","GTM_Nororiental_AGG099","Poverty headcount ratio at rural poverty line (% of population)","SI.POV.RUHC","","","","","","","","","","","","","","","","","","",
"Guatemala, Nororiental","GTM_Nororiental_AGG099","Poverty headcount ratio at urban poverty line (% of population)","SI.POV.URHC","","","","","","","","","","","","","","","","","","",
"Guatemala, Norte","GTM_Norte_AGG100","Poverty headcount ratio at national poverty line (% of population)","SI.POV.NAHC","","","","","","","","","","","77.1","","","","","75.5","","",
"Guatemala, Norte","GTM_Norte_AGG100","Poverty headcount ratio at rural poverty line (% of population)","SI.POV.RUHC","","","","","","","","","","","","","","","","","","",
"Guatemala, Norte","GTM_Norte_AGG100","Poverty headcount ratio at urban poverty line (% of population)","SI.POV.URHC","","","","","","","","","","","","","","","","","","",
"Guatemala, Petén","GTM_Peten_AGG101","Poverty headcount ratio at national poverty line (% of population)","SI.POV.NAHC","","","","","","","","","","","57","","","","","65.7","","",
"Guatemala, Petén","GTM_Peten_AGG101","Poverty headcount ratio at rural poverty line (% of population)","SI.POV.RUHC","","","","","","","","","","","","","","","","","","",
"Guatemala, Petén","GTM_Peten_AGG101","Poverty headcount ratio at urban poverty line (% of population)","SI.POV.URHC","","","","","","","","","","","","","","","","","","",
"Guatemala, Suroccidental","GTM_Suroccidental_AGG102","Poverty headcount ratio at national poverty line (% of population)","SI.POV.NAHC","","","","","","","","","","","59.4","","","","","66.4","","",
"Guatemala, Suroccidental","GTM_Suroccidental_AGG102","Poverty headcount ratio at rural poverty line (% of population)","SI.POV.RUHC","","","","","","","","","","","","","","","","","","",
"Guatemala, Suroccidental","GTM_Suroccidental_AGG102","Poverty headcount ratio at urban poverty line (% of population)","SI.POV.URHC","","","","","","","","","","","","","","","","","","",
"Guatemala, Suroriental","GTM_Suroriental_AGG103","Poverty headcount ratio at national poverty line (% of population)","SI.POV.NAHC","","","","","","","","","","","54.4","","","","","58.8","","",
"Guatemala, Suroriental","GTM_Suroriental_AGG103","Poverty headcount ratio at rural poverty line (% of population)","SI.POV.RUHC","","","","","","","","","","","","","","","","","","",
"Guatemala, Suroriental","GTM_Suroriental_AGG103","Poverty headcount ratio at urban poverty line (% of population)","SI.POV.URHC","","","","","","","","","","","","","","","","","","",
"Haiti, Artibonite","HTI_Artibonite_HT.AR_1409_HTI003","Poverty headcount ratio at national poverty line (% of population)","SI.POV.NAHC","","","","","","","","","","","","","","","","","60.8","",
"Haiti, Artibonite","HTI_Artibonite_HT.AR_1409_HTI003","Poverty headcount ratio at rural poverty line (% of population)","SI.POV.RUHC","","","","","","","","","","","","","","","","","","",
"Haiti, Artibonite","HTI_Artibonite_HT.AR_1409_HTI003","Poverty headcount ratio at urban poverty line (% of population)","SI.POV.URHC","","","","","","","","","","","","","","","","","","",
"Haiti, Centre","HTI_Centre_HT.CE_816.66_HTI001","Poverty headcount ratio at national poverty line (% of population)","SI.POV.NAHC","","","","","","","","","","","","","","","","","75","",
"Haiti, Centre","HTI_Centre_HT.CE_816.66_HTI001","Poverty headcount ratio at rural poverty line (% of population)","SI.POV.RUHC","","","","","","","","","","","","","","","","","","",
"Haiti, Centre","HTI_Centre_HT.CE_816.66_HTI001","Poverty headcount ratio at urban poverty line (% of population)","SI.POV.URHC","","","","","","","","","","","","","","","","","","",
"Haiti, Grande Anse","HTI_Grande_Anse_HT.GA_72911_HTI002","Poverty headcount ratio at national poverty line (% of population)","SI.POV.NAHC","","","","","","","","","","","","","","","","","80","",
"Haiti, Grande Anse","HTI_Grande_Anse_HT.GA_72911_HTI002","Poverty headcount ratio at rural poverty line (% of population)","SI.POV.RUHC","","","","","","","","","","","","","","","","","","",
"Haiti, Grande Anse","HTI_Grande_Anse_HT.GA_72911_HTI002","Poverty headcount ratio at urban poverty line (% of population)","SI.POV.URHC","","","","","","","","","","","","","","","","","","",
"Haiti, Nippes","HTI_Nippes_HT.NI_72912_HTI004","Poverty headcount ratio at national poverty line (% of population)","SI.POV.NAHC","","","","","","","","","","","","","","","","","66.6","",
"Haiti, Nippes","HTI_Nippes_HT.NI_72912_HTI004","Poverty headcount ratio at rural poverty line (% of population)","SI.POV.RUHC","","","","","","","","","","","","","","","","","","",
"Haiti, Nippes","HTI_Nippes_HT.NI_72912_HTI004","Poverty headcount ratio at urban poverty line (% of population)","SI.POV.URHC","","","","","","","","","","","","","","","","","","",
"Haiti, Nord","HTI_Nord_HT.NO_1412_HTI005","Poverty headcount ratio at national poverty line (% of population)","SI.POV.NAHC","","","","","","","","","","","","","","","","","68.9","",
"Haiti, Nord","HTI_Nord_HT.NO_1412_HTI005","Poverty headcount ratio at rural poverty line (% of population)","SI.POV.RUHC","","","","","","","","","","","","","","","","","","",
"Haiti, Nord","HTI_Nord_HT.NO_1412_HTI005","Poverty headcount ratio at urban poverty line (% of population)","SI.POV.URHC","","","","","","","","","","","","","","","","","","",
"Haiti, Nord Est","HTI_Nord_Est_HT.NE_1413_HTI006","Poverty headcount ratio at national poverty line (% of population)","SI.POV.NAHC","","","","","","","","","","","","","","","","","79.3","",
"Haiti, Nord Est","HTI_Nord_Est_HT.NE_1413_HTI006","Poverty headcount ratio at rural poverty line (% of population)","SI.POV.RUHC","","","","","","","","","","","","","","","","","","",
"Haiti, Nord Est","HTI_Nord_Est_HT.NE_1413_HTI006","Poverty headcount ratio at urban poverty line (% of population)","SI.POV.URHC","","","","","","","","","","","","","","","","","","",
"Haiti, Nord Ouest","HTI_Nord_Ouest_HT.NR_1414_HTI007","Poverty headcount ratio at national poverty line (% of population)","SI.POV.NAHC","","","","","","","","","","","","","","","","","81.6","",
"Haiti, Nord Ouest","HTI_Nord_Ouest_HT.NR_1414_HTI007","Poverty headcount ratio at rural poverty line (% of population)","SI.POV.RUHC","","","","","","","","","","","","","","","","","","",
"Haiti, Nord Ouest","HTI_Nord_Ouest_HT.NR_1414_HTI007","Poverty headcount ratio at urban poverty line (% of population)","SI.POV.URHC","","","","","","","","","","","","","","","","","","",
"Haiti, Ouest","HTI_Ouest_HT.OU_1415_HTI008","Poverty headcount ratio at national poverty line (% of population)","SI.POV.NAHC","","","","","","","","","","","","","","","","","39.2","",
"Haiti, Ouest","HTI_Ouest_HT.OU_1415_HTI008","Poverty headcount ratio at rural poverty line (% of population)","SI.POV.RUHC","","","","","","","","","","","","","","","","","","",
"Haiti, Ouest","HTI_Ouest_HT.OU_1415_HTI008","Poverty headcount ratio at urban poverty line (% of population)","SI.POV.URHC","","","","","","","","","","","","","","","","","","",
"Haiti, Sud","HTI_Sud_HT.SU_1416_HTI009","Poverty headcount ratio at national poverty line (% of population)","SI.POV.NAHC","","","","","","","","","","","","","","","","","65.5","",
"Haiti, Sud","HTI_Sud_HT.SU_1416_HTI009","Poverty headcount ratio at rural poverty line (% of population)","SI.POV.RUHC","","","","","","","","","","","","","","","","","","",
"Haiti, Sud","HTI_Sud_HT.SU_1416_HTI009","Poverty headcount ratio at urban poverty line (% of population)","SI.POV.URHC","","","","","","","","","","","","","","","","","","",
"Haiti, Sud Est","HTI_Sud_Est_HT.SE_1417_HTI010","Poverty headcount ratio at national poverty line (% of population)","SI.POV.NAHC","","","","","","","","","","","","","","","","","65.2","",
"Haiti, Sud Est","HTI_Sud_Est_HT.SE_1417_HTI010","Poverty headcount ratio at rural poverty line (% of population)","SI.POV.RUHC","","","","","","","","","","","","","","","","","","",
"Haiti, Sud Est","HTI_Sud_Est_HT.SE_1417_HTI010","Poverty headcount ratio at urban poverty line (% of population)","SI.POV.URHC","","","","","","","","","","","","","","","","","","",
"Hungary, Central Hungary","HUN_Central_Hungary_AGG040","Poverty headcount ratio at national poverty line (% of population)","SI.POV.NAHC","","","","","","","","","","","","","","","","9.2","10.6","",
"Hungary, Central Hungary","HUN_Central_Hungary_AGG040","Poverty headcount ratio at rural poverty line (% of population)","SI.POV.RUHC","","","","","","","","","","","","","","","","","","",
"Hungary, Central Hungary","HUN_Central_Hungary_AGG040","Poverty headcount ratio at urban poverty line (% of population)","SI.POV.URHC","","","","","","","","","","","","","","","","","","",
"Hungary, Northern Great Plain","HUN_Northern_Great_Plain_AGG041","Poverty headcount ratio at national poverty line (% of population)","SI.POV.NAHC","","","","","","","","","","","","","","","","18.8","18.9","",
"Hungary, Northern Great Plain","HUN_Northern_Great_Plain_AGG041","Poverty headcount ratio at rural poverty line (% of population)","SI.POV.RUHC","","","","","","","","","","","","","","","","","","",
"Hungary, Northern Great Plain","HUN_Northern_Great_Plain_AGG041","Poverty headcount ratio at urban poverty line (% of population)","SI.POV.URHC","","","","","","","","","","","","","","","","","","",
"Hungary, Southern Transdanubia","HUN_Southern_Transdanubia_AGG042","Poverty headcount ratio at national poverty line (% of population)","SI.POV.NAHC","","","","","","","","","","","","","","","","12.5","11.9","",
"Hungary, Southern Transdanubia","HUN_Southern_Transdanubia_AGG042","Poverty headcount ratio at rural poverty line (% of population)","SI.POV.RUHC","","","","","","","","","","","","","","","","","","",
"Hungary, Southern Transdanubia","HUN_Southern_Transdanubia_AGG042","Poverty headcount ratio at urban poverty line (% of population)","SI.POV.URHC","","","","","","","","","","","","","","","","","","",
"Indonesia, Bali, Prop.","IDN_Bali_Prop_ID.BA_1513_IDN002","Poverty headcount ratio at national poverty line (% of population)","SI.POV.NAHC","","","","","","","6.89","7.34","6.85","6.72","7.08428230691085","6.63","6.17","5.13","4.87837526928949","4.20185506059469","4.18","3.95383939402344",
"Indonesia, Bali, Prop.","IDN_Bali_Prop_ID.BA_1513_IDN002","Poverty headcount ratio at rural poverty line (% of population)","SI.POV.RUHC","","","","","","","8.25","8.48","8.71","8.51","8.03195447348139","7.47","6.81","5.98","6.02120756508665","4.64725743320202","4.79","4.0350258809525",
"Indonesia, Bali, Prop.","IDN_Bali_Prop_ID.BA_1513_IDN002","Poverty headcount ratio at urban poverty line (% of population)","SI.POV.URHC","","","","","","","5.72","6.14","5.05","5.4","6.397098684871","6.01","5.7","4.5","4.04091070535449","3.90667914620774","3.77","3.89994988751001",
"Indonesia, Banten, Prop.","IDN_Banten_Prop_ID.BT_73610_IDN031","Poverty headcount ratio at national poverty line (% of population)","SI.POV.NAHC","","","","","","","9.22","9.56","8.58","8.86","9.78922528054352","9.07","8.15","7.64","7.159550850826","6.32070620108247","5.85","5.73828690568858",
"Indonesia, Banten, Prop.","IDN_Banten_Prop_ID.BT_73610_IDN031","Poverty headcount ratio at rural poverty line (% of population)","SI.POV.RUHC","","","","","","","12.64","12.76","11.99","12.34","13.3387704289411","12.52","11.18","10.7","10.4369450929244","9.74911404274182","8.65","7.72222926370713",
"Indonesia, Banten, Prop.","IDN_Banten_Prop_ID.BT_73610_IDN031","Poverty headcount ratio at urban poverty line (% of population)","SI.POV.URHC","","","","","","","6.47","6.62","5.69","6.56","7.46836394886669","6.79","6.15","5.62","4.99283448282786","4.60681366368463","4.46","4.75603917722494",
"Indonesia, Bengkulu, Prop.","IDN_Bengkulu_Prop_ID.BE_1514_IDN003","Poverty headcount ratio at national poverty line (% of population)","SI.POV.NAHC","","","","","","","22.7","22.69","22.39","22.18","23.0037522543056","22.13","20.64","18.59","18.2979578896034","17.4958306488513","17.7","18.3408821973806",
"Indonesia, Bengkulu, Prop.","IDN_Bengkulu_Prop_ID.BE_1514_IDN003","Poverty headcount ratio at rural poverty line (% of population)","SI.POV.RUHC","","","","","","","21.41","21.36","21.16","20.74","22.3231758839718","21.66","19.93","18.28","18.0506735883668","17.3869752713937","17.94","19.1043228339173",
"Indonesia, Bengkulu, Prop.","IDN_Bengkulu_Prop_ID.BE_1514_IDN003","Poverty headcount ratio at urban poverty line (% of population)","SI.POV.URHC","","","","","","","25.6","26.11","25.43","24.84","24.2429704397981","23","21.95","19.16","18.7532800839702","17.7386593187679","17.18","16.637764060605",
"Indonesia, DI Yogyakarta, Prop.","IDN_DI_Yogyakarta_Prop_ID.DY_1515_IDN005","Poverty headcount ratio at national poverty line (% of population)","SI.POV.NAHC","","","","","","","20.14","19.86","19.14","18.95","19.15","18.99","18.32","17.23","16.8253803561863","16.0805538608329","16.05","15.4306796780893",
"Indonesia, DI Yogyakarta, Prop.","IDN_DI_Yogyakarta_Prop_ID.DY_1515_IDN005","Poverty headcount ratio at rural poverty line (% of population)","SI.POV.RUHC","","","","","","","25.96","24.48","23.65","24.23","27.64","25.03","24.32","22.6","21.9518346658178","21.8191173593924","21.76","19.2874668647523",
"Indonesia, DI Yogyakarta, Prop.","IDN_DI_Yogyakarta_Prop_ID.DY_1515_IDN005","Poverty headcount ratio at urban poverty line (% of population)","SI.POV.URHC","","","","","","","16.17","16.44","15.96","16.02","17.85","15.63","14.99","14.25","13.9782435943174","13.1623562708841","13.13","13.4321977788498",
"Indonesia, DKI Jakarta, Prop.","IDN_DKI_Jakarta_Prop_ID.DJ_1516_IDN007","Poverty headcount ratio at national poverty line (% of population)","SI.POV.NAHC","","","","","","","3.42","3.42","3.18","3.61","4.57","4.61","4.29","3.62","3.48096618585886","3.74563399643577","3.69","3.54993035146601",
"Indonesia, DKI Jakarta, Prop.","IDN_DKI_Jakarta_Prop_ID.DJ_1516_IDN007","Poverty headcount ratio at rural poverty line (% of population)","SI.POV.RUHC","","","","","","","","","","","","","","","","","0","0",
"Indonesia, DKI Jakarta, Prop.","IDN_DKI_Jakarta_Prop_ID.DJ_1516_IDN007","Poverty headcount ratio at urban poverty line (% of population)","SI.POV.URHC","","","","","","","3.42","3.42","3.18","3.61","4.57","4.61","4.29","3.62","3.48096618585886","3.74563399643577","3.69","3.54993035146601",
"Indonesia, Gorontalo, Prop.","IDN_Gorontalo_Prop_ID.GO_73611_IDN034","Poverty headcount ratio at national poverty line (% of population)","SI.POV.NAHC","","","","","","","32.12","29.25","29.01","29.05","29.1285393384607","27.35","24.88","25.01","23.18938895917","18.7542565266742","17.33","17.5076841118658",
"Indonesia, Gorontalo, Prop.","IDN_Gorontalo_Prop_ID.GO_73611_IDN034","Poverty headcount ratio at rural poverty line (% of population)","SI.POV.RUHC","","","","","","","35.52","32.39","32.7","34.43","36.1439248838752","34.76","31.72","32.82","30.8908944975157","25.6513301783221","23.93","24.0706201926256",
"Indonesia, Gorontalo, Prop.","IDN_Gorontalo_Prop_ID.GO_73611_IDN034","Poverty headcount ratio at urban poverty line (% of population)","SI.POV.URHC","","","","","","","22.94","19.98","18.63","17.23","13.9001349527665","11.08","9.87","7.89","6.29406409451153","5.36728664660031","4.51","4.76941627520861",
"Indonesia, Jambi, Prop.","IDN_Jambi_Prop_ID.JA_1518_IDN006","Poverty headcount ratio at national poverty line (% of population)","SI.POV.NAHC","","","","","","","13.18","12.74","12.45","11.88","11.3711220706639","10.27","9.32","8.77","8.33519340296836","8.6526320666314","8.42","8.07074585850646",
"Indonesia, Jambi, Prop.","IDN_Jambi_Prop_ID.JA_1518_IDN006","Poverty headcount ratio at rural poverty line (% of population)","SI.POV.RUHC","","","","","","","10.76","10.46","10.46","9.63","8.98475887558273","7.81","7.43","6.88","6.6745802742953","7.53105263061516","7.52","7.26776357863812",
"Indonesia, Jambi, Prop.","IDN_Jambi_Prop_ID.JA_1518_IDN006","Poverty headcount ratio at urban poverty line (% of population)","SI.POV.URHC","","","","","","","19.04","18.53","17.34","16.58","16.295025728988","15.42","13.28","12.71","11.8000134164872","11.1862958929667","10.44","9.88534107545504",
"Indonesia, Jawa Barat, Prop.","IDN_Jawa_Barat_Prop_ID.JB_73613_IDN035","Poverty headcount ratio at national poverty line (% of population)","SI.POV.NAHC","","","","","","","13.38","12.9","12.1","13.06","14.4949354560781","13.55","13.01","11.96","11.2650882758545","10.6512755043473","10.09","9.52438623609138",
"Indonesia, Jawa Barat, Prop.","IDN_Jawa_Barat_Prop_ID.JB_73613_IDN035","Poverty headcount ratio at rural poverty line (% of population)","SI.POV.RUHC","","","","","","","13.1","13.09","13.08","16.62","18.16","16.88","16.05","14.28","13.879432509152","13.3166475525518","12.48","11.5915398475499",
"Indonesia, Jawa Barat, Prop.","IDN_Jawa_Barat_Prop_ID.JB_73613_IDN035","Poverty headcount ratio at urban poverty line (% of population)","SI.POV.URHC","","","","","","","13.62","12.71","11.21","10.57","11.9","11.21","10.88","10.33","9.43329992425367","9.2592845787773","8.84","8.44311260201063",
"Indonesia, Jawa Tengah, Prop.","IDN_Jawa_Tengah_Prop_ID.JT_1520_IDN008","Poverty headcount ratio at national poverty line (% of population)","SI.POV.NAHC","","","","","","","23.06","21.78","21.11","20.49","22.1911692441953","20.43","19.23","17.72","16.5592046512438","15.7568411990813","15.34","14.5643514596764",
"Indonesia, Jawa Tengah, Prop.","IDN_Jawa_Tengah_Prop_ID.JT_1520_IDN008","Poverty headcount ratio at rural poverty line (% of population)","SI.POV.RUHC","","","","","","","24.96","23.19","23.64","23.57","25.28","23.45","21.96","19.89","18.6623228290587","17.1351924012531","16.89","15.9947535492872",
"Indonesia, Jawa Tengah, Prop.","IDN_Jawa_Tengah_Prop_ID.JT_1520_IDN008","Poverty headcount ratio at urban poverty line (% of population)","SI.POV.URHC","","","","","","","20.5","19.66","17.52","17.24","18.9","17.23","16.34","15.41","14.3349709929903","14.1203508760565","13.49","12.8656383230302",
"Indonesia, Jawa Timur, Prop.","IDN_Jawa_Timur_Prop_ID.TI_1521_IDN009","Poverty headcount ratio at national poverty line (% of population)","SI.POV.NAHC","","","","","","","21.91","20.93","20.08","19.95","21.0939834287873","19.98","18.51","16.68","15.2599488332432","14.2320621733325","13.4","12.5462834285276",
"Indonesia, Jawa Timur, Prop.","IDN_Jawa_Timur_Prop_ID.TI_1521_IDN009","Poverty headcount ratio at rural poverty line (% of population)","SI.POV.RUHC","","","","","","","24.18","23.74","24.02","24.19","26.11","25.02","23.64","21","19.7423387328684","18.1882998832607","17.35","16.1537945332336",
"Indonesia, Jawa Timur, Prop.","IDN_Jawa_Timur_Prop_ID.TI_1521_IDN009","Poverty headcount ratio at urban poverty line (% of population)","SI.POV.URHC","","","","","","","18.9","16.84","14.62","15.52","15.85","14.71","13.15","12.17","10.5750053988494","9.87398202873566","9.06","8.57036868587315",
"Indonesia, Kalimantan Barat, Prop.","IDN_Kalimantan_Barat_Prop_ID.KB_1522_IDN010","Poverty headcount ratio at national poverty line (% of population)","SI.POV.NAHC","","","","","","","15.46","14.79","13.91","14.24","15.24149099497","12.91","11.07","9.3","9.0219860342337","8.60053361619094","8.17","8.23673475218591",
"Indonesia, Kalimantan Barat, Prop.","IDN_Kalimantan_Barat_Prop_ID.KB_1522_IDN010","Poverty headcount ratio at rural poverty line (% of population)","SI.POV.RUHC","","","","","","","14.77","14.42","14.15","14.35","16.0741634810668","13.47","11.49","10.09","10.0643602143533","9.58544754222203","9.11","9.51139942162982",
"Indonesia, Kalimantan Barat, Prop.","IDN_Kalimantan_Barat_Prop_ID.KB_1522_IDN010","Poverty headcount ratio at urban poverty line (% of population)","SI.POV.URHC","","","","","","","17.47","15.81","13.29","13.95","13.1030892051371","11.45","9.98","7.23","6.31489473787786","6.32568149855545","5.98","5.29608376060553",
"Indonesia, Kalimantan selatan, Prop.","IDN_Kalimantan_Selatan_Prop_ID.KS_1523_IDN011","Poverty headcount ratio at national poverty line (% of population)","SI.POV.NAHC","","","","","","","8.51","8.16","7.19","7.23","8.32462992660505","7.01","6.48","5.12","5.21402927842933","5.28980981222579","5.06","4.77125219412125",
"Indonesia, Kalimantan selatan, Prop.","IDN_Kalimantan_Selatan_Prop_ID.KS_1523_IDN011","Poverty headcount ratio at rural poverty line (% of population)","SI.POV.RUHC","","","","","","","9.56","9.09","8.33","8.03","9.02569672031481","7.72","6.97","5.33","5.69276044501514","6.34114391507482","6.07","5.87886787902744",
"Indonesia, Kalimantan selatan, Prop.","IDN_Kalimantan_Selatan_Prop_ID.KS_1523_IDN011","Poverty headcount ratio at urban poverty line (% of population)","SI.POV.URHC","","","","","","","6.76","6.54","5.28","6.09","7.3471009305655","6.01","5.79","4.82","4.53949929729327","3.842103494971","3.68","3.24693634637315",
"Indonesia, Kalimantan Tengah, Prop.","IDN_Kalimantan_Tengah_Prop_ID.KT_1524_IDN012","Poverty headcount ratio at national poverty line (% of population)","SI.POV.NAHC","","","","","","","11.88","11.37","10.44","10.73","10.9960321120672","9.38","8.71","7.02","6.77452263667667","6.55517740990508","6.51","5.93040596950812",
"Indonesia, Kalimantan Tengah, Prop.","IDN_Kalimantan_Tengah_Prop_ID.KT_1524_IDN012","Poverty headcount ratio at rural poverty line (% of population)","SI.POV.RUHC","","","","","","","13.71","12.64","12.2","12.84","12.5703562899029","10.76","10.2","8.34","8.18809515772735","7.8871810494009","7.64","6.7515923566879",
"Indonesia, Kalimantan Tengah, Prop.","IDN_Kalimantan_Tengah_Prop_ID.KT_1524_IDN012","Poverty headcount ratio at urban poverty line (% of population)","SI.POV.URHC","","","","","","","7.45","8.1","6.13","6.62","7.97374773687387","6.72","5.81","4.45","4.03112417522027","3.91096204258221","4.26","4.29858839386308",
"Indonesia, Kalimantan Timur, Prop.","IDN_Kalimantan_Timur_Prop_ID.KA_1525_IDN013","Poverty headcount ratio at national poverty line (% of population)","SI.POV.NAHC","","","","","","","12.2","12.15","11.57","10.57","11.4076579379998","11.04","9.51","7.73","7.66236649193528","6.77095240007134","6.68","6.06107611412177",
"Indonesia, Kalimantan Timur, Prop.","IDN_Kalimantan_Timur_Prop_ID.KA_1525_IDN013","Poverty headcount ratio at rural poverty line (% of population)","SI.POV.RUHC","","","","","","","21.58","19.11","18.68","18.06","18.8533344473403","16.98","15.47","13.86","13.6623131760181","11.2094841066804","11.01","9.9038932078134",
"Indonesia, Kalimantan Timur, Prop.","IDN_Kalimantan_Timur_Prop_ID.KA_1525_IDN013","Poverty headcount ratio at urban poverty line (% of population)","SI.POV.URHC","","","","","","","5.17","6.4","5.63","6.02","6.93271272252164","7.44","5.89","4","4.0166493552709","4.05585650783254","4.05","3.7114049471444",
"Indonesia, Kepulauan Bangka-Belitung, Prop.","IDN_Kep_Bangka-Belitung_Prop_ID.BB_73609_IDN004","Poverty headcount ratio at national poverty line (% of population)","SI.POV.NAHC","","","","","","","11.62","10.06","9.07","9.74","10.9137118440267","9.54","8.58","7.46","6.5078509741317","5.75435817050666","5.53","5.20948975375442",
"Indonesia, Kepulauan Bangka-Belitung, Prop.","IDN_Kep_Bangka-Belitung_Prop_ID.BB_73609_IDN004","Poverty headcount ratio at rural poverty line (% of population)","SI.POV.RUHC","","","","","","","12.84","10.89","10.06","11.28","12.6728222055577","10.87","9.52","8.93","8.44772850662078","7.35054535847727","7.06","6.90601292101366",
"Indonesia, Kepulauan Bangka-Belitung, Prop.","IDN_Kep_Bangka-Belitung_Prop_ID.BB_73609_IDN004","Poverty headcount ratio at urban poverty line (% of population)","SI.POV.URHC","","","","","","","9.98","8.94","7.73","8.05","9.01449835685289","8.09","7.57","5.86","4.39005376560127","4.10762000094096","3.95","3.46715161427137",
"Indonesia, Kepulauan Riau, Prop.","IDN_Kepulauan_Riau_Prop_ID.KR_73614_IDN017","Poverty headcount ratio at national poverty line (% of population)","SI.POV.NAHC","","","","","","","","","","10.97","12.1615147619004","10.3","9.18","8.27","8.04552697416754","7.39897419379525","7.11","6.45796614369175",
"Indonesia, Kepulauan Riau, Prop.","IDN_Kepulauan_Riau_Prop_ID.KR_73614_IDN017","Poverty headcount ratio at rural poverty line (% of population)","SI.POV.RUHC","","","","","","","","","","12.26","12.7855316797436","10.54","9.6","8.98","8.24381871660079","7.64970943168596","6.94","7.48492284656657",
"Indonesia, Kepulauan Riau, Prop.","IDN_Kepulauan_Riau_Prop_ID.KR_73614_IDN017","Poverty headcount ratio at urban poverty line (% of population)","SI.POV.URHC","","","","","","","","","","9.83","11.6118439517261","10.08","8.81","7.63","7.86892515388378","7.34642957305743","7.15","6.22659708313916",
"Indonesia, Lampung, Prop.","IDN_Lampung_Prop_ID.LA_1526_IDN014","Poverty headcount ratio at national poverty line (% of population)","SI.POV.NAHC","","","","","","","24.05","22.63","22.22","21.42","22.7663887470375","22.19","20.98","20.22","18.9368274238334","16.9308289347571","16.18","14.8633984951029",
"Indonesia, Lampung, Prop.","IDN_Lampung_Prop_ID.LA_1526_IDN014","Poverty headcount ratio at rural poverty line (% of population)","SI.POV.RUHC","","","","","","","24.53","22.98","22.81","21.78","23.6686935466791","23.7","22.14","21.49","20.6527159805","18.5416917422912","17.63","15.9953000322641",
"Indonesia, Lampung, Prop.","IDN_Lampung_Prop_ID.LA_1526_IDN014","Poverty headcount ratio at urban poverty line (% of population)","SI.POV.URHC","","","","","","","22.42","21.36","20.17","20.46","20.3536230403922","18.11","17.85","16.78","14.2982176391787","12.2733530907988","12","11.5898251113292",
"Indonesia, Maluku Utara, Prop.","IDN_Maluku_Utara_Prop_ID.MU_73616_IDN016","Poverty headcount ratio at national poverty line (% of population)","SI.POV.NAHC","","","","","","","14.03","13.92","12.42","13.23","12.7271449576082","11.97","11.28","10.36","9.42162422747709","9.18128191483339","8.47","7.50379735907054",
"Indonesia, Maluku Utara, Prop.","IDN_Maluku_Utara_Prop_ID.MU_73616_IDN016","Poverty headcount ratio at rural poverty line (% of population)","SI.POV.RUHC","","","","","","","14.25","14.13","13.1","14.17","14.94770190434","15.22","14.67","13.42","12.2792868895161","11.5789145805862","10.69","9.22401917001964",
"Indonesia, Maluku Utara, Prop.","IDN_Maluku_Utara_Prop_ID.MU_73616_IDN016","Poverty headcount ratio at urban poverty line (% of population)","SI.POV.URHC","","","","","","","13.17","13.25","10.5","10.99","7.52913328477786","4.29","3.27","3.1","2.65901872283517","2.79663242877089","2.55","2.99234402997231",
"Indonesia, Maluku, Prop.","IDN_Maluku_Prop_ID.MA_73615_IDN015","Poverty headcount ratio at national poverty line (% of population)","SI.POV.NAHC","","","","","","","34.78","32.85","32.13","32.28","33.0260552917028","31.14","29.66","28.23","27.7421193696961","22.9956499873635","21.78","19.4916403921136",
"Indonesia, Maluku, Prop.","IDN_Maluku_Prop_ID.MA_73615_IDN015","Poverty headcount ratio at rural poverty line (% of population)","SI.POV.RUHC","","","","","","","42.83","40.56","39.86","38.89","39.8710118653462","37.02","35.56","34.3","33.9383362996822","30.5412240255124","28.88","26.3456809418102",
"Indonesia, Maluku, Prop.","IDN_Maluku_Prop_ID.MA_73615_IDN015","Poverty headcount ratio at urban poverty line (% of population)","SI.POV.URHC","","","","","","","12.76","12.53","11.99","13.57","13.856071964018","14.49","12.97","11.03","10.2016184490845","10.2361095845241","9.78","7.93186429481433",
"Indonesia, Nanggroe Aceh Darussalam, Prop.","IDN_Nanggroe_Aceh_Darussala_Prop_ID.AD_1512_IDN020","Poverty headcount ratio at national poverty line (% of population)","SI.POV.NAHC","","","","","","","29.83","29.76","28.47","28.69","28.2786892454288","26.65","23.53","21.8","20.9763146263437","19.5702329532394","19.46","17.5993401571523",
"Indonesia, Nanggroe Aceh Darussalam, Prop.","IDN_Nanggroe_Aceh_Darussala_Prop_ID.AD_1512_IDN020","Poverty headcount ratio at rural poverty line (% of population)","SI.POV.RUHC","","","","","","","33.06","33.63","32.66","32.6","31.9833331463941","29.87","26.3","24.37","23.5360638308783","21.8719761046081","21.97","19.9622945100387",
"Indonesia, Nanggroe Aceh Darussalam, Prop.","IDN_Nanggroe_Aceh_Darussala_Prop_ID.AD_1512_IDN020","Poverty headcount ratio at urban poverty line (% of population)","SI.POV.URHC","","","","","","","20.09","19.47","17.58","19.04","19.221742077614","18.68","16.67","15.44","14.6492590408174","13.6880650903172","13.07","11.5933529416562",
"Indonesia, Nusa Tenggara Barat, Prop.","IDN_Nusa_Tenggara_Barat_Prop_ID.NB_1528_IDN022","Poverty headcount ratio at national poverty line (% of population)","SI.POV.NAHC","","","","","","","27.76","26.34","25.38","25.92","27.1720570807011","24.99","23.81","22.78","21.5501793549541","19.7266962870988","18.63","17.9710033956772",
"Indonesia, Nusa Tenggara Barat, Prop.","IDN_Nusa_Tenggara_Barat_Prop_ID.NB_1528_IDN022","Poverty headcount ratio at rural poverty line (% of population)","SI.POV.RUHC","","","","","","","23.84","21.86","21.09","22.03","23.6860997572541","21.06","19.73","18.4","16.7836878142566","16.9034916114958","15.72","16.3150479210097",
"Indonesia, Nusa Tenggara Barat, Prop.","IDN_Nusa_Tenggara_Barat_Prop_ID.NB_1528_IDN022","Poverty headcount ratio at urban poverty line (% of population)","SI.POV.URHC","","","","","","","34.1","34.64","32.66","31.31","31.9529595362836","30.44","29.47","28.84","28.1598898506237","23.6661023053614","22.69","20.2823598668419",
"Indonesia, Nusa Tenggara Timur, Prop.","IDN_Nusa_Tenggara_Timur_Prop_ID.NT_1529_IDN025","Poverty headcount ratio at national poverty line (% of population)","SI.POV.NAHC","","","","","","","30.74","28.63","27.86","28.19","29.3353968151039","27.51","25.65","23.31","23.0317181721306","21.2260649767749","20.88","20.0276520677268",
"Indonesia, Nusa Tenggara Timur, Prop.","IDN_Nusa_Tenggara_Timur_Prop_ID.NT_1529_IDN025","Poverty headcount ratio at rural poverty line (% of population)","SI.POV.RUHC","","","","","","","32.51","30.4","29.77","30.46","31.6812507160393","29.95","27.88","25.35","25.1033178263153","23.3569248963383","22.98","22.1297454491318",
"Indonesia, Nusa Tenggara Timur, Prop.","IDN_Nusa_Tenggara_Timur_Prop_ID.NT_1529_IDN025","Poverty headcount ratio at urban poverty line (% of population)","SI.POV.URHC","","","","","","","21.49","19.33","18.11","17.85","18.7668610547667","16.41","15.5","14.01","13.5736270959342","12.4982112918211","12.22","11.5365432221666",
"Indonesia, Papua Barat, Prop.","IDN_Papua_Barat_Prop_ID.PB_73612_IDN036","Poverty headcount ratio at national poverty line (% of population)","SI.POV.NAHC","","","","","","","","","","","41.341515921185","39.31","35.12","35.71","34.8766436063865","31.9221820309795","28.2","26.6744927608629",
"Indonesia, Papua Barat, Prop.","IDN_Papua_Barat_Prop_ID.PB_73612_IDN036","Poverty headcount ratio at rural poverty line (% of population)","SI.POV.RUHC","","","","","","","","","","","51.1695142501992","48.82","43.74","44.71","43.480690447818","39.556871959493","37.73","35.6359102244389",
"Indonesia, Papua Barat, Prop.","IDN_Papua_Barat_Prop_ID.PB_73612_IDN036","Poverty headcount ratio at urban poverty line (% of population)","SI.POV.URHC","","","","","","","","","","","8.41772151898734","7.14","5.93","5.22","5.72923198194163","6.0457525503766","5.76","5.65443859502521",
"Indonesia, Papua, Prop.","IDN_Papua_Prop_ID.PA_73617_IDN030","Poverty headcount ratio at national poverty line (% of population)","SI.POV.NAHC","","","","","","","41.8","39.03","38.69","40.83","41.5150484983762","40.78","37.08","37.53","36.7953114326103","31.9809033666211","31.11","31.1348043851225",
"Indonesia, Papua, Prop.","IDN_Papua_Prop_ID.PA_73617_IDN030","Poverty headcount ratio at rural poverty line (% of population)","SI.POV.RUHC","","","","","","","51.21","49.75","49.28","50.16","51.3126507829454","50.47","45.96","46.81","46.0241509736237","41.5789776846817","40.56","39.9179282357878",
"Indonesia, Papua, Prop.","IDN_Papua_Prop_ID.PA_73617_IDN030","Poverty headcount ratio at urban poverty line (% of population)","SI.POV.URHC","","","","","","","9.76","8.32","7.71","9.23","8.70910698496905","7.97","7.02","6.1","5.54712695311672","4.59928114224307","4.24","6.11298983838234",
"Indonesia, Riau, Prop.","IDN_Riau_Prop_ID.RI_73618_IDN037","Poverty headcount ratio at national poverty line (% of population)","SI.POV.NAHC","","","","","","","13.61","13.52","13.12","12.51","11.8520558760555","11.2","10.63","9.48","8.64805182389928","8.47059307277837","8.22","7.71811754915287",
"Indonesia, Riau, Prop.","IDN_Riau_Prop_ID.RI_73618_IDN037","Poverty headcount ratio at rural poverty line (% of population)","SI.POV.RUHC","","","","","","","18.79","18.08","18.36","16.82","14.4042492519061","12.9","12.16","10.93","10.1538678156653","9.82609981840379","9.36","8.72793425377757",
"Indonesia, Riau, Prop.","IDN_Riau_Prop_ID.RI_73618_IDN037","Poverty headcount ratio at urban poverty line (% of population)","SI.POV.URHC","","","","","","","7.4","7.47","6.44","8.26","9.36832953839785","9.53","9.12","8.04","7.16604936704779","6.36586736714713","6.43","6.14783255096265",
"Indonesia, Sulawesi Barat, Prop.","IDN_Sulawesi_Barat_Prop_ID.SB_73619_IDN038","Poverty headcount ratio at national poverty line (% of population)","SI.POV.NAHC","","","","","","","","","","","20.7350657949627","19.03","16.73","15.29","13.5759089380914","13.8900567097557","13.24","12.3027272291544",
"Indonesia, Sulawesi Barat, Prop.","IDN_Sulawesi_Barat_Prop_ID.SB_73619_IDN038","Poverty headcount ratio at rural poverty line (% of population)","SI.POV.RUHC","","","","","","","","","","","22.4975550065101","20.29","18.03","16.65","15.5207751877606","14.833212086898","14.17","13.2657692042253",
"Indonesia, Sulawesi Barat, Prop.","IDN_Sulawesi_Barat_Prop_ID.SB_73619_IDN038","Poverty headcount ratio at urban poverty line (% of population)","SI.POV.URHC","","","","","","","","","","","17.2608826178325","16.53","14.14","12.59","9.6984301805623","10.7706656408544","10.12","9.18597331925521",
"Indonesia, Sulawesi Selatan, Prop.","IDN_Sulawesi_Selatan_Prop_ID.SS_73620_IDN021","Poverty headcount ratio at national poverty line (% of population)","SI.POV.NAHC","","","","","","","15.88","15.85","14.9","14.98","14.57","14.11","13.34","12.31","11.5991109538757","10.2872374114865","10.11","9.54117698504345",
"Indonesia, Sulawesi Selatan, Prop.","IDN_Sulawesi_Selatan_Prop_ID.SS_73620_IDN021","Poverty headcount ratio at rural poverty line (% of population)","SI.POV.RUHC","","","","","","","19.61","19.49","18.65","18.95","18.25","17.87","16.79","15.81","14.875874553183","13.5717429839276","13.46","12.2397825940125",
"Indonesia, Sulawesi Selatan, Prop.","IDN_Sulawesi_Selatan_Prop_ID.SS_73620_IDN021","Poverty headcount ratio at urban poverty line (% of population)","SI.POV.URHC","","","","","","","7.16","7.15","6.11","6.61","6.83","6.18","6.05","4.94","4.69985432616584","4.61494002588723","4.31","4.88505158961513",
"Indonesia, Sulawesi Tengah, Prop.","IDN_Sulawesi_Tengah_Prop_ID.ST_1532_IDN023","Poverty headcount ratio at national poverty line (% of population)","SI.POV.NAHC","","","","","","","24.89","23.04","21.69","21.8","23.6250210440026","22.42","20.75","18.98","18.0713911775717","15.8296110239645","15.4","14.6723780764092",
"Indonesia, Sulawesi Tengah, Prop.","IDN_Sulawesi_Tengah_Prop_ID.ST_1532_IDN023","Poverty headcount ratio at rural poverty line (% of population)","SI.POV.RUHC","","","","","","","26.08","24.42","23.33","23.76","26.1040624953935","24.97","23.22","21.35","20.26497701956","17.8920575754923","17.39","16.5290323321129",
"Indonesia, Sulawesi Tengah, Prop.","IDN_Sulawesi_Tengah_Prop_ID.ST_1532_IDN023","Poverty headcount ratio at urban poverty line (% of population)","SI.POV.URHC","","","","","","","20.04","17.61","15.33","14.41","14.4011686479952","12.86","11.47","10.09","9.82119729522643","9.45811934729228","9.24","8.89572012689041",
"Indonesia, Sulawesi Tenggara, Prop.","IDN_Sulawesi_Tenggara_Prop_ID.TE_1533_IDN029","Poverty headcount ratio at national poverty line (% of population)","SI.POV.NAHC","","","","","","","24.22","22.84","21.9","21.45","23.3651266617247","21.33","19.53","18.93","17.0544694467251","14.5595181475576","13.71","12.8299064117001",
"Indonesia, Sulawesi Tenggara, Prop.","IDN_Sulawesi_Tenggara_Prop_ID.TE_1533_IDN029","Poverty headcount ratio at rural poverty line (% of population)","SI.POV.RUHC","","","","","","","27.87","26.36","25.39","25.56","28.4716245402642","25.84","23.78","23.11","20.9231636638006","18.2423661199396","17","15.8206014835806",
"Indonesia, Sulawesi Tenggara, Prop.","IDN_Sulawesi_Tenggara_Prop_ID.TE_1533_IDN029","Poverty headcount ratio at urban poverty line (% of population)","SI.POV.URHC","","","","","","","10.69","9.86","9.21","7.7","6.45770392749245","6.24","5.29","4.96","4.10352063418046","4.80376973330457","4.99","4.91745332380405",
"Indonesia, Sulawesi Utara, Prop.","IDN_Sulawesi_Utara_Prop_ID.SU_1537_IDN024","Poverty headcount ratio at national poverty line (% of population)","SI.POV.NAHC","","","","","","","11.22","9.01","8.94","9.34","11.5400442502735","11.42","10.1","9.79","9.10469447320681","8.50996104307792","8.18","7.88265634357563",
"Indonesia, Sulawesi Utara, Prop.","IDN_Sulawesi_Utara_Prop_ID.SU_1537_IDN024","Poverty headcount ratio at rural poverty line (% of population)","SI.POV.RUHC","","","","","","","15.31","11.6","11.76","12.7","15.049648850539","13.8","12.04","11.05","10.1427656556272","9.37350858616159","9.05","9.40070596892988",
"Indonesia, Sulawesi Utara, Prop.","IDN_Sulawesi_Utara_Prop_ID.SU_1537_IDN024","Poverty headcount ratio at urban poverty line (% of population)","SI.POV.URHC","","","","","","","4.66","4.62","4.37","4.96","7.01366959838932","8.31","7.56","8.14","7.75090114957459","7.46289564215198","7.11","6.03960911435535",
"Indonesia, Sumatera Barat, Prop.","IDN_Sumatera_Barat_Prop_ID.BR_1535_IDN026","Poverty headcount ratio at national poverty line (% of population)","SI.POV.NAHC","","","","","","","11.57","11.24","10.46","10.89","12.5111020214993","11.9","10.67","9.54","9.49640084411667","9.04090180584899","8.19","8.14162683479374",
"Indonesia, Sumatera Barat, Prop.","IDN_Sumatera_Barat_Prop_ID.BR_1535_IDN026","Poverty headcount ratio at rural poverty line (% of population)","SI.POV.RUHC","","","","","","","10.8","10.06","9.67","10.08","12.8470471383721","13.01","11.91","10.6","10.8846850498636","10.0685516420812","9.14","9.39151212944335",
"Indonesia, Sumatera Barat, Prop.","IDN_Sumatera_Barat_Prop_ID.BR_1535_IDN026","Poverty headcount ratio at urban poverty line (% of population)","SI.POV.URHC","","","","","","","13.34","14.1","12.28","12.45","11.8745932415519","9.78","8.3","7.5","6.83685893783076","7.41601550231284","6.67","6.16517558273994",
"Indonesia, Sumatera Selatan, Prop.","IDN_Sumatera_Selatan_Prop_ID.SM_73622_IDN027","Poverty headcount ratio at national poverty line (% of population)","SI.POV.NAHC","","","","","","","22.32","21.54","20.92","21.01","20.9935113608775","19.15","17.73","16.28","15.4656560702417","14.2378608058142","13.78","14.2379772143228",
"Indonesia, Sumatera Selatan, Prop.","IDN_Sumatera_Selatan_Prop_ID.SM_73622_IDN027","Poverty headcount ratio at rural poverty line (% of population)","SI.POV.RUHC","","","","","","","22.16","21.79","21.33","20.9","20.1440476491166","18.43","17.01","15.87","14.6681517820825","13.7320879060578","13.57","14.5014632368121",
"Indonesia, Sumatera Selatan, Prop.","IDN_Sumatera_Selatan_Prop_ID.SM_73622_IDN027","Poverty headcount ratio at urban poverty line (% of population)","SI.POV.URHC","","","","","","","22.62","21.05","20.13","21.19","22.3242840650951","20.3","18.87","16.93","16.7289651610063","15.1454241307331","14.16","13.7662886873094",
"Indonesia, Sumatera Utara, Prop.","IDN_Sumatera_Utara_Prop_ID.SA_73621_IDN028","Poverty headcount ratio at national poverty line (% of population)","SI.POV.NAHC","","","","","","","15.84","15.89","14.93","14.68","15.0109135156465","13.9","12.55","11.51","11.3120230111721","11.3282892116072","10.67","10.0588249212156",
"Indonesia, Sumatera Utara, Prop.","IDN_Sumatera_Utara_Prop_ID.SA_73621_IDN028","Poverty headcount ratio at rural poverty line (% of population)","SI.POV.RUHC","","","","","","","17.55","17.77","17.19","16.4","15.2498675195804","13.63","12.29","11.56","11.2894787747251","11.8892403506299","11.01","10.130509865758",
"Indonesia, Sumatera Utara, Prop.","IDN_Sumatera_Utara_Prop_ID.SA_73621_IDN028","Poverty headcount ratio at urban poverty line (% of population)","SI.POV.URHC","","","","","","","13.6","13.41","12.02","12.67","14.7346322488185","14.21","12.85","11.45","11.3383747832496","10.7484758942457","10.32","9.98481290469533",
"India, Andaman and Nicobar islands","IND_Andaman_and_Nicobar_islands_IN.AN_1484_IDNOO1","Poverty headcount ratio at national poverty line (% of population)","SI.POV.NAHC","","","","","","","","","","","","","","","0.4","","","",
"India, Andaman and Nicobar islands","IND_Andaman_and_Nicobar_islands_IN.AN_1484_IDNOO1","Poverty headcount ratio at rural poverty line (% of population)","SI.POV.RUHC","","","","","","","","","","","","","","","","","","",
"India, Andaman and Nicobar islands","IND_Andaman_and_Nicobar_islands_IN.AN_1484_IDNOO1","Poverty headcount ratio at urban poverty line (% of population)","SI.POV.URHC","","","","","","","","","","","","","","","","","","",
"India, Andhra Pradesh","IND_Andhra_Pradesh_IN.AP_1485_IND002","Poverty headcount ratio at national poverty line (% of population)","SI.POV.NAHC","","","","","","","","","","","","","","","21.1","","","",
"India, Andhra Pradesh","IND_Andhra_Pradesh_IN.AP_1485_IND002","Poverty headcount ratio at rural poverty line (% of population)","SI.POV.RUHC","","","","","","","","","","","","","","","","","","",
"India, Andhra Pradesh","IND_Andhra_Pradesh_IN.AP_1485_IND002","Poverty headcount ratio at urban poverty line (% of population)","SI.POV.URHC","","","","","","","","","","","","","","","","","","",
"India, Arunachal pradesh","IND_Arunachal_Pradesh_IN.AR_70072_IND003","Poverty headcount ratio at national poverty line (% of population)","SI.POV.NAHC","","","","","","","","","","","","","","","25.9","","","",
"India, Arunachal pradesh","IND_Arunachal_Pradesh_IN.AR_70072_IND003","Poverty headcount ratio at rural poverty line (% of population)","SI.POV.RUHC","","","","","","","","","","","","","","","","","","",
"India, Arunachal pradesh","IND_Arunachal_Pradesh_IN.AR_70072_IND003","Poverty headcount ratio at urban poverty line (% of population)","SI.POV.URHC","","","","","","","","","","","","","","","","","","",
"India, Assam","IND_Assam_IN.AS_1487_IND004","Poverty headcount ratio at national poverty line (% of population)","SI.POV.NAHC","","","","","","","","","","","","","","","37.9","","","",
"India, Assam","IND_Assam_IN.AS_1487_IND004","Poverty headcount ratio at rural poverty line (% of population)","SI.POV.RUHC","","","","","","","","","","","","","","","","","","",
"India, Assam","IND_Assam_IN.AS_1487_IND004","Poverty headcount ratio at urban poverty line (% of population)","SI.POV.URHC","","","","","","","","","","","","","","","","","","",
"India, Bihar","IND_Bihar_IN.BR_70073_IND037","Poverty headcount ratio at national poverty line (% of population)","SI.POV.NAHC","","","","","","","","","","","","","","","53.5","","","",
"India, Bihar","IND_Bihar_IN.BR_70073_IND037","Poverty headcount ratio at rural poverty line (% of population)","SI.POV.RUHC","","","","","","","","","","","","","","","","","","",
"India, Bihar","IND_Bihar_IN.BR_70073_IND037","Poverty headcount ratio at urban poverty line (% of population)","SI.POV.URHC","","","","","","","","","","","","","","","","","","",
"India, Chandigarh","IND_Chandigarh_IN.CH_70074_IND006","Poverty headcount ratio at national poverty line (% of population)","SI.POV.NAHC","","","","","","","","","","","","","","","9.2","","","",
"India, Chandigarh","IND_Chandigarh_IN.CH_70074_IND006","Poverty headcount ratio at rural poverty line (% of population)","SI.POV.RUHC","","","","","","","","","","","","","","","","","","",
"India, Chandigarh","IND_Chandigarh_IN.CH_70074_IND006","Poverty headcount ratio at urban poverty line (% of population)","SI.POV.URHC","","","","","","","","","","","","","","","","","","",
"India, Chhattisgarh","IND_Chhattisgarh_IN.CT_70075_IND033","Poverty headcount ratio at national poverty line (% of population)","SI.POV.NAHC","","","","","","","","","","","","","","","48.7","","","",
"India, Chhattisgarh","IND_Chhattisgarh_IN.CT_70075_IND033","Poverty headcount ratio at rural poverty line (% of population)","SI.POV.RUHC","","","","","","","","","","","","","","","","","","",
"India, Chhattisgarh","IND_Chhattisgarh_IN.CT_70075_IND033","Poverty headcount ratio at urban poverty line (% of population)","SI.POV.URHC","","","","","","","","","","","","","","","","","","",
"India, Dadra and Nagar Haveli","IND_Dadra_and_Nagar_Haveli_IN.DN_70076_IND007","Poverty headcount ratio at national poverty line (% of population)","SI.POV.NAHC","","","","","","","","","","","","","","","39.1","","","",
"India, Dadra and Nagar Haveli","IND_Dadra_and_Nagar_Haveli_IN.DN_70076_IND007","Poverty headcount ratio at rural poverty line (% of population)","SI.POV.RUHC","","","","","","","","","","","","","","","","","","",
"India, Dadra and Nagar Haveli","IND_Dadra_and_Nagar_Haveli_IN.DN_70076_IND007","Poverty headcount ratio at urban poverty line (% of population)","SI.POV.URHC","","","","","","","","","","","","","","","","","","",
"India, Daman and Diu","IND_Daman_and_Diu_IN.DD_70077_IND008","Poverty headcount ratio at national poverty line (% of population)","SI.POV.NAHC","","","","","","","","","","","","","","","33.3","","","",
"India, Daman and Diu","IND_Daman_and_Diu_IN.DD_70077_IND008","Poverty headcount ratio at rural poverty line (% of population)","SI.POV.RUHC","","","","","","","","","","","","","","","","","","",
"India, Daman and Diu","IND_Daman_and_Diu_IN.DD_70077_IND008","Poverty headcount ratio at urban poverty line (% of population)","SI.POV.URHC","","","","","","","","","","","","","","","","","","",
"India, Delhi","IND_Delhi_IN.DL_1489_IND009","Poverty headcount ratio at national poverty line (% of population)","SI.POV.NAHC","","","","","","","","","","","","","","","14.2","","","",
"India, Delhi","IND_Delhi_IN.DL_1489_IND009","Poverty headcount ratio at rural poverty line (% of population)","SI.POV.RUHC","","","","","","","","","","","","","","","","","","",
"India, Delhi","IND_Delhi_IN.DL_1489_IND009","Poverty headcount ratio at urban poverty line (% of population)","SI.POV.URHC","","","","","","","","","","","","","","","","","","",
"India, Goa","IND_Goa_IN.GA_1490_IND010","Poverty headcount ratio at national poverty line (% of population)","SI.POV.NAHC","","","","","","","","","","","","","","","8.7","","","",
"India, Goa","IND_Goa_IN.GA_1490_IND010","Poverty headcount ratio at rural poverty line (% of population)","SI.POV.RUHC","","","","","","","","","","","","","","","","","","",
"India, Goa","IND_Goa_IN.GA_1490_IND010","Poverty headcount ratio at urban poverty line (% of population)","SI.POV.URHC","","","","","","","","","","","","","","","","","","",
"India, Gujarat","IND_Gujarat_IN.GJ_1491_IND011","Poverty headcount ratio at national poverty line (% of population)","SI.POV.NAHC","","","","","","","","","","","","","","","23","","","",
"India, Gujarat","IND_Gujarat_IN.GJ_1491_IND011","Poverty headcount ratio at rural poverty line (% of population)","SI.POV.RUHC","","","","","","","","","","","","","","","","","","",
"India, Gujarat","IND_Gujarat_IN.GJ_1491_IND011","Poverty headcount ratio at urban poverty line (% of population)","SI.POV.URHC","","","","","","","","","","","","","","","","","","",
"India, Haryana","IND_Haryana_IN.HR_1492_IND012","Poverty headcount ratio at national poverty line (% of population)","SI.POV.NAHC","","","","","","","","","","","","","","","20.1","","","",
"India, Haryana","IND_Haryana_IN.HR_1492_IND012","Poverty headcount ratio at rural poverty line (% of population)","SI.POV.RUHC","","","","","","","","","","","","","","","","","","",
"India, Haryana","IND_Haryana_IN.HR_1492_IND012","Poverty headcount ratio at urban poverty line (% of population)","SI.POV.URHC","","","","","","","","","","","","","","","","","","",
"India, Himachal Pradesh","IND_Himachal_Pradesh_IN.HP_1493_IND013","Poverty headcount ratio at national poverty line (% of population)","SI.POV.NAHC","","","","","","","","","","","","","","","9.5","","","",
"India, Himachal Pradesh","IND_Himachal_Pradesh_IN.HP_1493_IND013","Poverty headcount ratio at rural poverty line (% of population)","SI.POV.RUHC","","","","","","","","","","","","","","","","","","",
"India, Himachal Pradesh","IND_Himachal_Pradesh_IN.HP_1493_IND013","Poverty headcount ratio at urban poverty line (% of population)","SI.POV.URHC","","","","","","","","","","","","","","","","","","",
"India, Jammu/Kashmir","IND_Jammu_Kashmir_IN.JK_40781_IND014","Poverty headcount ratio at national poverty line (% of population)","SI.POV.NAHC","","","","","","","","","","","","","","","9.4","","","",
"India, Jammu/Kashmir","IND_Jammu_Kashmir_IN.JK_40781_IND014","Poverty headcount ratio at rural poverty line (% of population)","SI.POV.RUHC","","","","","","","","","","","","","","","","","","",
"India, Jammu/Kashmir","IND_Jammu_Kashmir_IN.JK_40781_IND014","Poverty headcount ratio at urban poverty line (% of population)","SI.POV.URHC","","","","","","","","","","","","","","","","","","",
"India, Jharkhand","IND_Jharkhand_IN.JH_70078_IND038","Poverty headcount ratio at national poverty line (% of population)","SI.POV.NAHC","","","","","","","","","","","","","","","39.1","","","",
"India, Jharkhand","IND_Jharkhand_IN.JH_70078_IND038","Poverty headcount ratio at rural poverty line (% of population)","SI.POV.RUHC","","","","","","","","","","","","","","","","","","",
"India, Jharkhand","IND_Jharkhand_IN.JH_70078_IND038","Poverty headcount ratio at urban poverty line (% of population)","SI.POV.URHC","","","","","","","","","","","","","","","","","","",
"India, Karnataka","IND_Karnataka_IN.KA_1494_IND015","Poverty headcount ratio at national poverty line (% of population)","SI.POV.NAHC","","","","","","","","","","","","","","","23.6","","","",
"India, Karnataka","IND_Karnataka_IN.KA_1494_IND015","Poverty headcount ratio at rural poverty line (% of population)","SI.POV.RUHC","","","","","","","","","","","","","","","","","","",
"India, Karnataka","IND_Karnataka_IN.KA_1494_IND015","Poverty headcount ratio at urban poverty line (% of population)","SI.POV.URHC","","","","","","","","","","","","","","","","","","",
"India, Kerala","IND_Kerala_IN.KL_1495_IND016","Poverty headcount ratio at national poverty line (% of population)","SI.POV.NAHC","","","","","","","","","","","","","","","12","","","",
"India, Kerala","IND_Kerala_IN.KL_1495_IND016","Poverty headcount ratio at rural poverty line (% of population)","SI.POV.RUHC","","","","","","","","","","","","","","","","","","",
"India, Kerala","IND_Kerala_IN.KL_1495_IND016","Poverty headcount ratio at urban poverty line (% of population)","SI.POV.URHC","","","","","","","","","","","","","","","","","","",
"India, Lakshadweep","IND_Lakshadweep_IN.LD_1496_IND017","Poverty headcount ratio at national poverty line (% of population)","SI.POV.NAHC","","","","","","","","","","","","","","","6.8","","","",
"India, Lakshadweep","IND_Lakshadweep_IN.LD_1496_IND017","Poverty headcount ratio at rural poverty line (% of population)","SI.POV.RUHC","","","","","","","","","","","","","","","","","","",
"India, Lakshadweep","IND_Lakshadweep_IN.LD_1496_IND017","Poverty headcount ratio at urban poverty line (% of population)","SI.POV.URHC","","","","","","","","","","","","","","","","","","",
"India, Madhya Pradesh","IND_Madhya_Pradesh_IN.MP_70079_IND018","Poverty headcount ratio at national poverty line (% of population)","SI.POV.NAHC","","","","","","","","","","","","","","","36.7","","","",
"India, Madhya Pradesh","IND_Madhya_Pradesh_IN.MP_70079_IND018","Poverty headcount ratio at rural poverty line (% of population)","SI.POV.RUHC","","","","","","","","","","","","","","","","","","",
"India, Madhya Pradesh","IND_Madhya_Pradesh_IN.MP_70079_IND018","Poverty headcount ratio at urban poverty line (% of population)","SI.POV.URHC","","","","","","","","","","","","","","","","","","",
"India, Maharashtra","IND_Maharashtra_IN.MH_1498_IND019","Poverty headcount ratio at national poverty line (% of population)","SI.POV.NAHC","","","","","","","","","","","","","","","24.5","","","",
"India, Maharashtra","IND_Maharashtra_IN.MH_1498_IND019","Poverty headcount ratio at rural poverty line (% of population)","SI.POV.RUHC","","","","","","","","","","","","","","","","","","",
"India, Maharashtra","IND_Maharashtra_IN.MH_1498_IND019","Poverty headcount ratio at urban poverty line (% of population)","SI.POV.URHC","","","","","","","","","","","","","","","","","","",
"India, Manipur","IND_Manipur_IN.MN_1500_IND020","Poverty headcount ratio at national poverty line (% of population)","SI.POV.NAHC","","","","","","","","","","","","","","","47.1","","","",
"India, Manipur","IND_Manipur_IN.MN_1500_IND020","Poverty headcount ratio at rural poverty line (% of population)","SI.POV.RUHC","","","","","","","","","","","","","","","","","","",
"India, Manipur","IND_Manipur_IN.MN_1500_IND020","Poverty headcount ratio at urban poverty line (% of population)","SI.POV.URHC","","","","","","","","","","","","","","","","","","",
"India, Meghalaya","IND_Meghalaya_IN.ML_1501_IND021","Poverty headcount ratio at national poverty line (% of population)","SI.POV.NAHC","","","","","","","","","","","","","","","17.1","","","",
"India, Meghalaya","IND_Meghalaya_IN.ML_1501_IND021","Poverty headcount ratio at rural poverty line (% of population)","SI.POV.RUHC","","","","","","","","","","","","","","","","","","",
"India, Meghalaya","IND_Meghalaya_IN.ML_1501_IND021","Poverty headcount ratio at urban poverty line (% of population)","SI.POV.URHC","","","","","","","","","","","","","","","","","","",
"India, Mizoram","IND_Mizoram_IN.MZ_1502_IND022","Poverty headcount ratio at national poverty line (% of population)","SI.POV.NAHC","","","","","","","","","","","","","","","21.1","","","",
"India, Mizoram","IND_Mizoram_IN.MZ_1502_IND022","Poverty headcount ratio at rural poverty line (% of population)","SI.POV.RUHC","","","","","","","","","","","","","","","","","","",
"India, Mizoram","IND_Mizoram_IN.MZ_1502_IND022","Poverty headcount ratio at urban poverty line (% of population)","SI.POV.URHC","","","","","","","","","","","","","","","","","","",
"India, Nagaland","IND_Nagaland_IN.NL_1503_IND023","Poverty headcount ratio at national poverty line (% of population)","SI.POV.NAHC","","","","","","","","","","","","","","","20.9","","","",
"India, Nagaland","IND_Nagaland_IN.NL_1503_IND023","Poverty headcount ratio at rural poverty line (% of population)","SI.POV.RUHC","","","","","","","","","","","","","","","","","","",
"India, Nagaland","IND_Nagaland_IN.NL_1503_IND023","Poverty headcount ratio at urban poverty line (% of population)","SI.POV.URHC","","","","","","","","","","","","","","","","","","",
"India, Orissa","IND_Orissa_IN.OR_1504_IND024","Poverty headcount ratio at national poverty line (% of population)","SI.POV.NAHC","","","","","","","","","","","","","","","37","","","",
"India, Orissa","IND_Orissa_IN.OR_1504_IND024","Poverty headcount ratio at rural poverty line (% of population)","SI.POV.RUHC","","","","","","","","","","","","","","","","","","",
"India, Orissa","IND_Orissa_IN.OR_1504_IND024","Poverty headcount ratio at urban poverty line (% of population)","SI.POV.URHC","","","","","","","","","","","","","","","","","","",
"India, Puducherry","IND_Puducherry_IN.PU_70080_IND025","Poverty headcount ratio at national poverty line (% of population)","SI.POV.NAHC","","","","","","","","","","","","","","","1.2","","","",
"India, Puducherry","IND_Puducherry_IN.PU_70080_IND025","Poverty headcount ratio at rural poverty line (% of population)","SI.POV.RUHC","","","","","","","","","","","","","","","","","","",
"India, Puducherry","IND_Puducherry_IN.PU_70080_IND025","Poverty headcount ratio at urban poverty line (% of population)","SI.POV.URHC","","","","","","","","","","","","","","","","","","",
"India, Punjab","IND_Punjab_IN.PB_1505_IND026","Poverty headcount ratio at national poverty line (% of population)","SI.POV.NAHC","","","","","","","","","","","","","","","15.9","","","",
"India, Punjab","IND_Punjab_IN.PB_1505_IND026","Poverty headcount ratio at rural poverty line (% of population)","SI.POV.RUHC","","","","","","","","","","","","","","","","","","",
"India, Punjab","IND_Punjab_IN.PB_1505_IND026","Poverty headcount ratio at urban poverty line (% of population)","SI.POV.URHC","","","","","","","","","","","","","","","","","","",
"India, Rajasthan","IND_Rajasthan_IN.RJ_1506_IND027","Poverty headcount ratio at national poverty line (% of population)","SI.POV.NAHC","","","","","","","","","","","","","","","24.8","","","",
"India, Rajasthan","IND_Rajasthan_IN.RJ_1506_IND027","Poverty headcount ratio at rural poverty line (% of population)","SI.POV.RUHC","","","","","","","","","","","","","","","","","","",
"India, Rajasthan","IND_Rajasthan_IN.RJ_1506_IND027","Poverty headcount ratio at urban poverty line (% of population)","SI.POV.URHC","","","","","","","","","","","","","","","","","","",
"India, Sikkim","IND_Sikkim_IN.SK_1507_IND028","Poverty headcount ratio at national poverty line (% of population)","SI.POV.NAHC","","","","","","","","","","","","","","","13.1","","","",
"India, Sikkim","IND_Sikkim_IN.SK_1507_IND028","Poverty headcount ratio at rural poverty line (% of population)","SI.POV.RUHC","","","","","","","","","","","","","","","","","","",
"India, Sikkim","IND_Sikkim_IN.SK_1507_IND028","Poverty headcount ratio at urban poverty line (% of population)","SI.POV.URHC","","","","","","","","","","","","","","","","","","",
"India, Tamil Nadu","IND_Tamil_Nadu_IN.TN_1508_IND029","Poverty headcount ratio at national poverty line (% of population)","SI.POV.NAHC","","","","","","","","","","","","","","","17.1","","","",
"India, Tamil Nadu","IND_Tamil_Nadu_IN.TN_1508_IND029","Poverty headcount ratio at rural poverty line (% of population)","SI.POV.RUHC","","","","","","","","","","","","","","","","","","",
"India, Tamil Nadu","IND_Tamil_Nadu_IN.TN_1508_IND029","Poverty headcount ratio at urban poverty line (% of population)","SI.POV.URHC","","","","","","","","","","","","","","","","","","",
"India, Tripura","IND_Tripura_IN.TR_1509_IND030","Poverty headcount ratio at national poverty line (% of population)","SI.POV.NAHC","","","","","","","","","","","","","","","17.4","","","",
"India, Tripura","IND_Tripura_IN.TR_1509_IND030","Poverty headcount ratio at rural poverty line (% of population)","SI.POV.RUHC","","","","","","","","","","","","","","","","","","",
"India, Tripura","IND_Tripura_IN.TR_1509_IND030","Poverty headcount ratio at urban poverty line (% of population)","SI.POV.URHC","","","","","","","","","","","","","","","","","","",
"India, Uttar Pradesh","IND_Uttar_Pradesh_IN.UP_70081_IND035","Poverty headcount ratio at national poverty line (% of population)","SI.POV.NAHC","","","","","","","","","","","","","","","37.7","","","",
"India, Uttar Pradesh","IND_Uttar_Pradesh_IN.UP_70081_IND035","Poverty headcount ratio at rural poverty line (% of population)","SI.POV.RUHC","","","","","","","","","","","","","","","","","","",
"India, Uttar Pradesh","IND_Uttar_Pradesh_IN.UP_70081_IND035","Poverty headcount ratio at urban poverty line (% of population)","SI.POV.URHC","","","","","","","","","","","","","","","","","","",
"India, Uttarakhand","IND_Uttarakhand_IN.UT_70082_IND031","Poverty headcount ratio at national poverty line (% of population)","SI.POV.NAHC","","","","","","","","","","","","","","","18","","","",
"India, Uttarakhand","IND_Uttarakhand_IN.UT_70082_IND031","Poverty headcount ratio at rural poverty line (% of population)","SI.POV.RUHC","","","","","","","","","","","","","","","","","","",
"India, Uttarakhand","IND_Uttarakhand_IN.UT_70082_IND031","Poverty headcount ratio at urban poverty line (% of population)","SI.POV.URHC","","","","","","","","","","","","","","","","","","",
"India, West Bengal","IND_West_Bengal_IN.WB_1511_IND032","Poverty headcount ratio at national poverty line (% of population)","SI.POV.NAHC","","","","","","","","","","","","","","","26.7","","","",
"India, West Bengal","IND_West_Bengal_IN.WB_1511_IND032","Poverty headcount ratio at rural poverty line (% of population)","SI.POV.RUHC","","","","","","","","","","","","","","","","","","",
"India, West Bengal","IND_West_Bengal_IN.WB_1511_IND032","Poverty headcount ratio at urban poverty line (% of population)","SI.POV.URHC","","","","","","","","","","","","","","","","","","",
"Iraq, Anbar","IRQ_Anbar_IQ.AN_1564_IRQ007","Poverty headcount ratio at national poverty line (% of population)","SI.POV.NAHC","","","","","","","","","","","","28.1","","","","","15.4","",
"Iraq, Anbar","IRQ_Anbar_IQ.AN_1564_IRQ007","Poverty headcount ratio at rural poverty line (% of population)","SI.POV.RUHC","","","","","","","","","","","","","","","","","","",
"Iraq, Anbar","IRQ_Anbar_IQ.AN_1564_IRQ007","Poverty headcount ratio at urban poverty line (% of population)","SI.POV.URHC","","","","","","","","","","","","","","","","","","",
"Iraq, Babil","IRQ_Babil_IQ.BA_1571_IRQ005","Poverty headcount ratio at national poverty line (% of population)","SI.POV.NAHC","","","","","","","","","","","","35.7","","","","","14.5","",
"Iraq, Babil","IRQ_Babil_IQ.BA_1571_IRQ005","Poverty headcount ratio at rural poverty line (% of population)","SI.POV.RUHC","","","","","","","","","","","","","","","","","","",
"Iraq, Babil","IRQ_Babil_IQ.BA_1571_IRQ005","Poverty headcount ratio at urban poverty line (% of population)","SI.POV.URHC","","","","","","","","","","","","","","","","","","",
"Iraq, Baghdad","IRQ_Baghdad_IQ.BG_1572_IRQ010","Poverty headcount ratio at national poverty line (% of population)","SI.POV.NAHC","","","","","","","","","","","","12.6","","","","","12","",
"Iraq, Baghdad","IRQ_Baghdad_IQ.BG_1572_IRQ010","Poverty headcount ratio at rural poverty line (% of population)","SI.POV.RUHC","","","","","","","","","","","","","","","","","","",
"Iraq, Baghdad","IRQ_Baghdad_IQ.BG_1572_IRQ010","Poverty headcount ratio at urban poverty line (% of population)","SI.POV.URHC","","","","","","","","","","","","","","","","","","",
"Iraq, Basrah","IRQ_Basrah_IQ.BS_1565_IRQ006","Poverty headcount ratio at national poverty line (% of population)","SI.POV.NAHC","","","","","","","","","","","","29.2","","","","","14.9","",
"Iraq, Basrah","IRQ_Basrah_IQ.BS_1565_IRQ006","Poverty headcount ratio at rural poverty line (% of population)","SI.POV.RUHC","","","","","","","","","","","","","","","","","","",
"Iraq, Basrah","IRQ_Basrah_IQ.BS_1565_IRQ006","Poverty headcount ratio at urban poverty line (% of population)","SI.POV.URHC","","","","","","","","","","","","","","","","","","",
"Iraq, Dahuk","IRQ_Dahuk_IQ.DA_1574_IRQ013","Poverty headcount ratio at national poverty line (% of population)","SI.POV.NAHC","","","","","","","","","","","","8.8","","","","","5.8","",
"Iraq, Dahuk","IRQ_Dahuk_IQ.DA_1574_IRQ013","Poverty headcount ratio at rural poverty line (% of population)","SI.POV.RUHC","","","","","","","","","","","","","","","","","","",
"Iraq, Dahuk","IRQ_Dahuk_IQ.DA_1574_IRQ013","Poverty headcount ratio at urban poverty line (% of population)","SI.POV.URHC","","","","","","","","","","","","","","","","","","",
"Iraq, Diyala","IRQ_Diyala_IQ.DI_1575_IRQ008","Poverty headcount ratio at national poverty line (% of population)","SI.POV.NAHC","","","","","","","","","","","","34.4","","","","","20.5","",
"Iraq, Diyala","IRQ_Diyala_IQ.DI_1575_IRQ008","Poverty headcount ratio at rural poverty line (% of population)","SI.POV.RUHC","","","","","","","","","","","","","","","","","","",
"Iraq, Diyala","IRQ_Diyala_IQ.DI_1575_IRQ008","Poverty headcount ratio at urban poverty line (% of population)","SI.POV.URHC","","","","","","","","","","","","","","","","","","",
"Iraq, Erbil","IRQ_Erbil_IR.ER_1569_IRQ001","Poverty headcount ratio at national poverty line (% of population)","SI.POV.NAHC","","","","","","","","","","","","3.1","","","","","3.6","",
"Iraq, Erbil","IRQ_Erbil_IR.ER_1569_IRQ001","Poverty headcount ratio at rural poverty line (% of population)","SI.POV.RUHC","","","","","","","","","","","","","","","","","","",
"Iraq, Erbil","IRQ_Erbil_IR.ER_1569_IRQ001","Poverty headcount ratio at urban poverty line (% of population)","SI.POV.URHC","","","","","","","","","","","","","","","","","","",
"Iraq, Kerbala","IRQ_Kerbala_IQ.KE_1576_IRQ009","Poverty headcount ratio at national poverty line (% of population)","SI.POV.NAHC","","","","","","","","","","","","36","","","","","12.4","",
"Iraq, Kerbala","IRQ_Kerbala_IQ.KE_1576_IRQ009","Poverty headcount ratio at rural poverty line (% of population)","SI.POV.RUHC","","","","","","","","","","","","","","","","","","",
"Iraq, Kerbala","IRQ_Kerbala_IQ.KE_1576_IRQ009","Poverty headcount ratio at urban poverty line (% of population)","SI.POV.URHC","","","","","","","","","","","","","","","","","","",
"Iraq, Kirkuk","IRQ_Kirkuk_IQ.KI_1570_IRQ019","Poverty headcount ratio at national poverty line (% of population)","SI.POV.NAHC","","","","","","","","","","","","11.2","","","","","9.1","",
"Iraq, Kirkuk","IRQ_Kirkuk_IQ.KI_1570_IRQ019","Poverty headcount ratio at rural poverty line (% of population)","SI.POV.RUHC","","","","","","","","","","","","","","","","","","",
"Iraq, Kirkuk","IRQ_Kirkuk_IQ.KI_1570_IRQ019","Poverty headcount ratio at urban poverty line (% of population)","SI.POV.URHC","","","","","","","","","","","","","","","","","","",
"Iraq, Missan","IRQ_Missan_IQ.MI_1577_IRQ011","Poverty headcount ratio at national poverty line (% of population)","SI.POV.NAHC","","","","","","","","","","","","27.1","","","","","42.3","",
"Iraq, Missan","IRQ_Missan_IQ.MI_1577_IRQ011","Poverty headcount ratio at rural poverty line (% of population)","SI.POV.RUHC","","","","","","","","","","","","","","","","","","",
"Iraq, Missan","IRQ_Missan_IQ.MI_1577_IRQ011","Poverty headcount ratio at urban poverty line (% of population)","SI.POV.URHC","","","","","","","","","","","","","","","","","","",
"Iraq, Muthanna","IRQ_Muthanna_IQ.MU_1566_IRQ002","Poverty headcount ratio at national poverty line (% of population)","SI.POV.NAHC","","","","","","","","","","","","46.2","","","","","52.5","",
"Iraq, Muthanna","IRQ_Muthanna_IQ.MU_1566_IRQ002","Poverty headcount ratio at rural poverty line (% of population)","SI.POV.RUHC","","","","","","","","","","","","","","","","","","",
"Iraq, Muthanna","IRQ_Muthanna_IQ.MU_1566_IRQ002","Poverty headcount ratio at urban poverty line (% of population)","SI.POV.URHC","","","","","","","","","","","","","","","","","","",
"Iraq, Najaf","IRQ_Najaf_IQ.NA_1568_IRQ003","Poverty headcount ratio at national poverty line (% of population)","SI.POV.NAHC","","","","","","","","","","","","20.4","","","","","10.8","",
"Iraq, Najaf","IRQ_Najaf_IQ.NA_1568_IRQ003","Poverty headcount ratio at rural poverty line (% of population)","SI.POV.RUHC","","","","","","","","","","","","","","","","","","",
"Iraq, Najaf","IRQ_Najaf_IQ.NA_1568_IRQ003","Poverty headcount ratio at urban poverty line (% of population)","SI.POV.URHC","","","","","","","","","","","","","","","","","","",
"Iraq, Ninewa","IRQ_Ninewa_IQ.NI_1578_IRQ012","Poverty headcount ratio at national poverty line (% of population)","SI.POV.NAHC","","","","","","","","","","","","22.6","","","","","34.5","",
"Iraq, Ninewa","IRQ_Ninewa_IQ.NI_1578_IRQ012","Poverty headcount ratio at rural poverty line (% of population)","SI.POV.RUHC","","","","","","","","","","","","","","","","","","",
"Iraq, Ninewa","IRQ_Ninewa_IQ.NI_1578_IRQ012","Poverty headcount ratio at urban poverty line (% of population)","SI.POV.URHC","","","","","","","","","","","","","","","","","","",
"Iraq, Qadissiya","IRQ_Qadissiya_IQ.QA_1567_IRQ014","Poverty headcount ratio at national poverty line (% of population)","SI.POV.NAHC","","","","","","","","","","","","35.1","","","","","44.1","",
"Iraq, Qadissiya","IRQ_Qadissiya_IQ.QA_1567_IRQ014","Poverty headcount ratio at rural poverty line (% of population)","SI.POV.RUHC","","","","","","","","","","","","","","","","","","",
"Iraq, Qadissiya","IRQ_Qadissiya_IQ.QA_1567_IRQ014","Poverty headcount ratio at urban poverty line (% of population)","SI.POV.URHC","","","","","","","","","","","","","","","","","","",
"Iraq, Salah al-Din","IRQ_Salah_al-Din_IQ.SA_1579_IRQ015","Poverty headcount ratio at national poverty line (% of population)","SI.POV.NAHC","","","","","","","","","","","","40.9","","","","","16.6","",
"Iraq, Salah al-Din","IRQ_Salah_al-Din_IQ.SA_1579_IRQ015","Poverty headcount ratio at rural poverty line (% of population)","SI.POV.RUHC","","","","","","","","","","","","","","","","","","",
"Iraq, Salah al-Din","IRQ_Salah_al-Din_IQ.SA_1579_IRQ015","Poverty headcount ratio at urban poverty line (% of population)","SI.POV.URHC","","","","","","","","","","","","","","","","","","",
"Iraq, Sulaymaniyah","IRQ_Sulaymaniyah_IQ.SL_1580_IRQ004","Poverty headcount ratio at national poverty line (% of population)","SI.POV.NAHC","","","","","","","","","","","","2.8","","","","","2","",
"Iraq, Sulaymaniyah","IRQ_Sulaymaniyah_IQ.SL_1580_IRQ004","Poverty headcount ratio at rural poverty line (% of population)","SI.POV.RUHC","","","","","","","","","","","","","","","","","","",
"Iraq, Sulaymaniyah","IRQ_Sulaymaniyah_IQ.SL_1580_IRQ004","Poverty headcount ratio at urban poverty line (% of population)","SI.POV.URHC","","","","","","","","","","","","","","","","","","",
"Iraq, Thi-Qar","IRQ_Thi-Qar_IQ.TQ_1573_IRQ017","Poverty headcount ratio at national poverty line (% of population)","SI.POV.NAHC","","","","","","","","","","","","30.4","","","","","40.9","",
"Iraq, Thi-Qar","IRQ_Thi-Qar_IQ.TQ_1573_IRQ017","Poverty headcount ratio at rural poverty line (% of population)","SI.POV.RUHC","","","","","","","","","","","","","","","","","","",
"Iraq, Thi-Qar","IRQ_Thi-Qar_IQ.TQ_1573_IRQ017","Poverty headcount ratio at urban poverty line (% of population)","SI.POV.URHC","","","","","","","","","","","","","","","","","","",
"Iraq, Wassit","IRQ_Wassit_IQ.WA_1581_IRA018","Poverty headcount ratio at national poverty line (% of population)","SI.POV.NAHC","","","","","","","","","","","","34.4","","","","","26.1","",
"Iraq, Wassit","IRQ_Wassit_IQ.WA_1581_IRA018","Poverty headcount ratio at rural poverty line (% of population)","SI.POV.RUHC","","","","","","","","","","","","","","","","","","",
"Iraq, Wassit","IRQ_Wassit_IQ.WA_1581_IRA018","Poverty headcount ratio at urban poverty line (% of population)","SI.POV.URHC","","","","","","","","","","","","","","","","","","",
"Jordan, Ajloon","JOR_Ajloon_JO.AJ_1701_JOR001","Poverty headcount ratio at national poverty line (% of population)","SI.POV.NAHC","","","","","","","","","","","","","","","25.6","","","",
"Jordan, Ajloon","JOR_Ajloon_JO.AJ_1701_JOR001","Poverty headcount ratio at rural poverty line (% of population)","SI.POV.RUHC","","","","","","","","","","","","","","","","","","",
"Jordan, Ajloon","JOR_Ajloon_JO.AJ_1701_JOR001","Poverty headcount ratio at urban poverty line (% of population)","SI.POV.URHC","","","","","","","","","","","","","","","","","","",
"Jordan, Amman","JOR_Amman_JO.AM_1705_JOR005","Poverty headcount ratio at national poverty line (% of population)","SI.POV.NAHC","","","","","","","","","","","","","","","11.4","","","",
"Jordan, Amman","JOR_Amman_JO.AM_1705_JOR005","Poverty headcount ratio at rural poverty line (% of population)","SI.POV.RUHC","","","","","","","","","","","","","","","","","","",
"Jordan, Amman","JOR_Amman_JO.AM_1705_JOR005","Poverty headcount ratio at urban poverty line (% of population)","SI.POV.URHC","","","","","","","","","","","","","","","","","","",
"Jordan, Aqaba","JOR_Aqaba_JO.AQ_1703_JOR002","Poverty headcount ratio at national poverty line (% of population)","SI.POV.NAHC","","","","","","","","","","","","","","","19.2","","","",
"Jordan, Aqaba","JOR_Aqaba_JO.AQ_1703_JOR002","Poverty headcount ratio at rural poverty line (% of population)","SI.POV.RUHC","","","","","","","","","","","","","","","","","","",
"Jordan, Aqaba","JOR_Aqaba_JO.AQ_1703_JOR002","Poverty headcount ratio at urban poverty line (% of population)","SI.POV.URHC","","","","","","","","","","","","","","","","","","",
"Jordan, Balqa","JOR_Balqa_JO.BA_1702_JOR006","Poverty headcount ratio at national poverty line (% of population)","SI.POV.NAHC","","","","","","","","","","","","","","","20.9","","","",
"Jordan, Balqa","JOR_Balqa_JO.BA_1702_JOR006","Poverty headcount ratio at rural poverty line (% of population)","SI.POV.RUHC","","","","","","","","","","","","","","","","","","",
"Jordan, Balqa","JOR_Balqa_JO.BA_1702_JOR006","Poverty headcount ratio at urban poverty line (% of population)","SI.POV.URHC","","","","","","","","","","","","","","","","","","",
"Jordan, Irbid","JOR_Irbid_JO.IR_1707_JOR009","Poverty headcount ratio at national poverty line (% of population)","SI.POV.NAHC","","","","","","","","","","","","","","","15","","","",
"Jordan, Irbid","JOR_Irbid_JO.IR_1707_JOR009","Poverty headcount ratio at rural poverty line (% of population)","SI.POV.RUHC","","","","","","","","","","","","","","","","","","",
"Jordan, Irbid","JOR_Irbid_JO.IR_1707_JOR009","Poverty headcount ratio at urban poverty line (% of population)","SI.POV.URHC","","","","","","","","","","","","","","","","","","",
"Jordan, Jarash","JOR_Jarash_JO.JA_1708_JOR010","Poverty headcount ratio at national poverty line (% of population)","SI.POV.NAHC","","","","","","","","","","","","","","","20.3","","","",
"Jordan, Jarash","JOR_Jarash_JO.JA_1708_JOR010","Poverty headcount ratio at rural poverty line (% of population)","SI.POV.RUHC","","","","","","","","","","","","","","","","","","",
"Jordan, Jarash","JOR_Jarash_JO.JA_1708_JOR010","Poverty headcount ratio at urban poverty line (% of population)","SI.POV.URHC","","","","","","","","","","","","","","","","","","",
"Jordan, Karak","JOR_Karak_JO.KA_1704_JOR003","Poverty headcount ratio at national poverty line (% of population)","SI.POV.NAHC","","","","","","","","","","","","","","","13.4","","","",
"Jordan, Karak","JOR_Karak_JO.KA_1704_JOR003","Poverty headcount ratio at rural poverty line (% of population)","SI.POV.RUHC","","","","","","","","","","","","","","","","","","",
"Jordan, Karak","JOR_Karak_JO.KA_1704_JOR003","Poverty headcount ratio at urban poverty line (% of population)","SI.POV.URHC","","","","","","","","","","","","","","","","","","",
"Jordan, Ma'an","JOR_Ma_an_JO.MN_1709_JOR011","Poverty headcount ratio at national poverty line (% of population)","SI.POV.NAHC","","","","","","","","","","","","","","","26.6","","","",
"Jordan, Ma'an","JOR_Ma_an_JO.MN_1709_JOR011","Poverty headcount ratio at rural poverty line (% of population)","SI.POV.RUHC","","","","","","","","","","","","","","","","","","",
"Jordan, Ma'an","JOR_Ma_an_JO.MN_1709_JOR011","Poverty headcount ratio at urban poverty line (% of population)","SI.POV.URHC","","","","","","","","","","","","","","","","","","",
"Jordan, Madaba","JOR_Madaba_JO.MD_1710_JOR012","Poverty headcount ratio at national poverty line (% of population)","SI.POV.NAHC","","","","","","","","","","","","","","","15.1","","","",
"Jordan, Madaba","JOR_Madaba_JO.MD_1710_JOR012","Poverty headcount ratio at rural poverty line (% of population)","SI.POV.RUHC","","","","","","","","","","","","","","","","","","",
"Jordan, Madaba","JOR_Madaba_JO.MD_1710_JOR012","Poverty headcount ratio at urban poverty line (% of population)","SI.POV.URHC","","","","","","","","","","","","","","","","","","",
"Jordan, Mafraq","JOR_Mafraq_JO.MA_1711_JOR004","Poverty headcount ratio at national poverty line (% of population)","SI.POV.NAHC","","","","","","","","","","","","","","","19.2","","","",
"Jordan, Mafraq","JOR_Mafraq_JO.MA_1711_JOR004","Poverty headcount ratio at rural poverty line (% of population)","SI.POV.RUHC","","","","","","","","","","","","","","","","","","",
"Jordan, Mafraq","JOR_Mafraq_JO.MA_1711_JOR004","Poverty headcount ratio at urban poverty line (% of population)","SI.POV.URHC","","","","","","","","","","","","","","","","","","",
"Jordan, Tafiela","JOR_Tafiela_JO.TA_1706_JOR008","Poverty headcount ratio at national poverty line (% of population)","SI.POV.NAHC","","","","","","","","","","","","","","","17.2","","","",
"Jordan, Tafiela","JOR_Tafiela_JO.TA_1706_JOR008","Poverty headcount ratio at rural poverty line (% of population)","SI.POV.RUHC","","","","","","","","","","","","","","","","","","",
"Jordan, Tafiela","JOR_Tafiela_JO.TA_1706_JOR008","Poverty headcount ratio at urban poverty line (% of population)","SI.POV.URHC","","","","","","","","","","","","","","","","","","",
"Jordan, Zarqa","JOR_Zarqa_JO.ZA_1712_JOR007","Poverty headcount ratio at national poverty line (% of population)","SI.POV.NAHC","","","","","","","","","","","","","","","14.1","","","",
"Jordan, Zarqa","JOR_Zarqa_JO.ZA_1712_JOR007","Poverty headcount ratio at rural poverty line (% of population)","SI.POV.RUHC","","","","","","","","","","","","","","","","","","",
"Jordan, Zarqa","JOR_Zarqa_JO.ZA_1712_JOR007","Poverty headcount ratio at urban poverty line (% of population)","SI.POV.URHC","","","","","","","","","","","","","","","","","","",
"Kazakhstan, Akmolinskaya","KAZ_Akmolinskaya_KZ.AK_1714_KAZ001","Poverty headcount ratio at national poverty line (% of population)","SI.POV.NAHC","","","","","","","","","","","","","","","","","","3.9",
"Kazakhstan, Akmolinskaya","KAZ_Akmolinskaya_KZ.AK_1714_KAZ001","Poverty headcount ratio at rural poverty line (% of population)","SI.POV.RUHC","","","","","","","","","","","","","","","","","","",
"Kazakhstan, Akmolinskaya","KAZ_Akmolinskaya_KZ.AK_1714_KAZ001","Poverty headcount ratio at urban poverty line (% of population)","SI.POV.URHC","","","","","","","","","","","","","","","","","","",
"Kazakhstan, Aktyubinskaya","KAZ_Aktyubinskaya_KZ.AT_1715_KAZ002","Poverty headcount ratio at national poverty line (% of population)","SI.POV.NAHC","","","","","","","","","","","","","","","","","","2",
"Kazakhstan, Aktyubinskaya","KAZ_Aktyubinskaya_KZ.AT_1715_KAZ002","Poverty headcount ratio at rural poverty line (% of population)","SI.POV.RUHC","","","","","","","","","","","","","","","","","","",
"Kazakhstan, Aktyubinskaya","KAZ_Aktyubinskaya_KZ.AT_1715_KAZ002","Poverty headcount ratio at urban poverty line (% of population)","SI.POV.URHC","","","","","","","","","","","","","","","","","","",
"Kazakhstan, Almatinskaya","KAZ_Almatinskaya_KZ.AL_1716_KAZ003","Poverty headcount ratio at national poverty line (% of population)","SI.POV.NAHC","","","","","","","","","","","","","","","","","","2",
"Kazakhstan, Almatinskaya","KAZ_Almatinskaya_KZ.AL_1716_KAZ003","Poverty headcount ratio at rural poverty line (% of population)","SI.POV.RUHC","","","","","","","","","","","","","","","","","","",
"Kazakhstan, Almatinskaya","KAZ_Almatinskaya_KZ.AL_1716_KAZ003","Poverty headcount ratio at urban poverty line (% of population)","SI.POV.URHC","","","","","","","","","","","","","","","","","","",
"Kazakhstan, Almaty city area","KAZ_Almaty_City_area_KZ.AC_37157_KAZ004","Poverty headcount ratio at national poverty line (% of population)","SI.POV.NAHC","","","","","","","","","","","","","","","","","","0.6",
"Kazakhstan, Almaty city area","KAZ_Almaty_City_area_KZ.AC_37157_KAZ004","Poverty headcount ratio at rural poverty line (% of population)","SI.POV.RUHC","","","","","","","","","","","","","","","","","","",
"Kazakhstan, Almaty city area","KAZ_Almaty_City_area_KZ.AC_37157_KAZ004","Poverty headcount ratio at urban poverty line (% of population)","SI.POV.URHC","","","","","","","","","","","","","","","","","","",
"Kazakhstan, Astana City area","KAZ_Astana_City_area_KZ.AS_1714.77_KAZ017","Poverty headcount ratio at national poverty line (% of population)","SI.POV.NAHC","","","","","","","","","","","","","","","","","","0.5",
"Kazakhstan, Astana City area","KAZ_Astana_City_area_KZ.AS_1714.77_KAZ017","Poverty headcount ratio at rural poverty line (% of population)","SI.POV.RUHC","","","","","","","","","","","","","","","","","","",
"Kazakhstan, Astana City area","KAZ_Astana_City_area_KZ.AS_1714.77_KAZ017","Poverty headcount ratio at urban poverty line (% of population)","SI.POV.URHC","","","","","","","","","","","","","","","","","","",
"Kazakhstan, Atyrauskaya","KAZ_Atyrauskaya_KZ.AY_1717_KAZ005","Poverty headcount ratio at national poverty line (% of population)","SI.POV.NAHC","","","","","","","","","","","","","","","","","","3.3",
"Kazakhstan, Atyrauskaya","KAZ_Atyrauskaya_KZ.AY_1717_KAZ005","Poverty headcount ratio at rural poverty line (% of population)","SI.POV.RUHC","","","","","","","","","","","","","","","","","","",
"Kazakhstan, Atyrauskaya","KAZ_Atyrauskaya_KZ.AY_1717_KAZ005","Poverty headcount ratio at urban poverty line (% of population)","SI.POV.URHC","","","","","","","","","","","","","","","","","","",
"Kazakhstan, Eastern","KAZ_Eastern_KZ.EA_1727_KAZ015","Poverty headcount ratio at national poverty line (% of population)","SI.POV.NAHC","","","","","","","","","","","","","","","","","","2.4",
"Kazakhstan, Eastern","KAZ_Eastern_KZ.EA_1727_KAZ015","Poverty headcount ratio at rural poverty line (% of population)","SI.POV.RUHC","","","","","","","","","","","","","","","","","","",
"Kazakhstan, Eastern","KAZ_Eastern_KZ.EA_1727_KAZ015","Poverty headcount ratio at urban poverty line (% of population)","SI.POV.URHC","","","","","","","","","","","","","","","","","","",
"Kazakhstan, Jambylslkaya","KAZ_Jambylslkaya_KZ.JA_1718_KAZ007","Poverty headcount ratio at national poverty line (% of population)","SI.POV.NAHC","","","","","","","","","","","","","","","","","","3.4",
"Kazakhstan, Jambylslkaya","KAZ_Jambylslkaya_KZ.JA_1718_KAZ007","Poverty headcount ratio at rural poverty line (% of population)","SI.POV.RUHC","","","","","","","","","","","","","","","","","","",
"Kazakhstan, Jambylslkaya","KAZ_Jambylslkaya_KZ.JA_1718_KAZ007","Poverty headcount ratio at urban poverty line (% of population)","SI.POV.URHC","","","","","","","","","","","","","","","","","","",
"Kazakhstan, Karagandinskaya","KAZ_Karagandinskaya_KZ.KA_1719_KAZ006","Poverty headcount ratio at national poverty line (% of population)","SI.POV.NAHC","","","","","","","","","","","","","","","","","","2",
"Kazakhstan, Karagandinskaya","KAZ_Karagandinskaya_KZ.KA_1719_KAZ006","Poverty headcount ratio at rural poverty line (% of population)","SI.POV.RUHC","","","","","","","","","","","","","","","","","","",
"Kazakhstan, Karagandinskaya","KAZ_Karagandinskaya_KZ.KA_1719_KAZ006","Poverty headcount ratio at urban poverty line (% of population)","SI.POV.URHC","","","","","","","","","","","","","","","","","","",
"Kazakhstan, Kustanayskaya","KAZ_Kustanayskaya_KZ.KO_1720_KAZ008","Poverty headcount ratio at national poverty line (% of population)","SI.POV.NAHC","","","","","","","","","","","","","","","","","","2.6",
"Kazakhstan, Kustanayskaya","KAZ_Kustanayskaya_KZ.KO_1720_KAZ008","Poverty headcount ratio at rural poverty line (% of population)","SI.POV.RUHC","","","","","","","","","","","","","","","","","","",
"Kazakhstan, Kustanayskaya","KAZ_Kustanayskaya_KZ.KO_1720_KAZ008","Poverty headcount ratio at urban poverty line (% of population)","SI.POV.URHC","","","","","","","","","","","","","","","","","","",
"Kazakhstan, Kyzylordinskaya","KAZ_Kyzylordinskaya_KZ.KY_1721_KAZ009","Poverty headcount ratio at national poverty line (% of population)","SI.POV.NAHC","","","","","","","","","","","","","","","","","","3.6",
"Kazakhstan, Kyzylordinskaya","KAZ_Kyzylordinskaya_KZ.KY_1721_KAZ009","Poverty headcount ratio at rural poverty line (% of population)","SI.POV.RUHC","","","","","","","","","","","","","","","","","","",
"Kazakhstan, Kyzylordinskaya","KAZ_Kyzylordinskaya_KZ.KY_1721_KAZ009","Poverty headcount ratio at urban poverty line (% of population)","SI.POV.URHC","","","","","","","","","","","","","","","","","","",
"Kazakhstan, Mangistauskaya","KAZ_Mangistauskaya_KZ.MA_1724_KAZ010","Poverty headcount ratio at national poverty line (% of population)","SI.POV.NAHC","","","","","","","","","","","","","","","","","","2.6",
"Kazakhstan, Mangistauskaya","KAZ_Mangistauskaya_KZ.MA_1724_KAZ010","Poverty headcount ratio at rural poverty line (% of population)","SI.POV.RUHC","","","","","","","","","","","","","","","","","","",
"Kazakhstan, Mangistauskaya","KAZ_Mangistauskaya_KZ.MA_1724_KAZ010","Poverty headcount ratio at urban poverty line (% of population)","SI.POV.URHC","","","","","","","","","","","","","","","","","","",
"Kazakhstan, Northern","KAZ_Northern_KZ.NO_1726_KAZ012","Poverty headcount ratio at national poverty line (% of population)","SI.POV.NAHC","","","","","","","","","","","","","","","","","","4.8",
"Kazakhstan, Northern","KAZ_Northern_KZ.NO_1726_KAZ012","Poverty headcount ratio at rural poverty line (% of population)","SI.POV.RUHC","","","","","","","","","","","","","","","","","","",
"Kazakhstan, Northern","KAZ_Northern_KZ.NO_1726_KAZ012","Poverty headcount ratio at urban poverty line (% of population)","SI.POV.URHC","","","","","","","","","","","","","","","","","","",
"Kazakhstan, Pavlodarskaya","KAZ_Pavlodarskaya_KZ.PA_1725_KAZ011","Poverty headcount ratio at national poverty line (% of population)","SI.POV.NAHC","","","","","","","","","","","","","","","","","","1.5",
"Kazakhstan, Pavlodarskaya","KAZ_Pavlodarskaya_KZ.PA_1725_KAZ011","Poverty headcount ratio at rural poverty line (% of population)","SI.POV.RUHC","","","","","","","","","","","","","","","","","","",
"Kazakhstan, Pavlodarskaya","KAZ_Pavlodarskaya_KZ.PA_1725_KAZ011","Poverty headcount ratio at urban poverty line (% of population)","SI.POV.URHC","","","","","","","","","","","","","","","","","","",
"Kazakhstan, Southern","KAZ_Southern_KZ.SO_1728_KAZ013","Poverty headcount ratio at national poverty line (% of population)","SI.POV.NAHC","","","","","","","","","","","","","","","","","","5.9",
"Kazakhstan, Southern","KAZ_Southern_KZ.SO_1728_KAZ013","Poverty headcount ratio at rural poverty line (% of population)","SI.POV.RUHC","","","","","","","","","","","","","","","","","","",
"Kazakhstan, Southern","KAZ_Southern_KZ.SO_1728_KAZ013","Poverty headcount ratio at urban poverty line (% of population)","SI.POV.URHC","","","","","","","","","","","","","","","","","","",
"Kazakhstan, Western","KAZ_Western_KZ.WE_1729_KAZ016","Poverty headcount ratio at national poverty line (% of population)","SI.POV.NAHC","","","","","","","","","","","","","","","","","","3.7",
"Kazakhstan, Western","KAZ_Western_KZ.WE_1729_KAZ016","Poverty headcount ratio at rural poverty line (% of population)","SI.POV.RUHC","","","","","","","","","","","","","","","","","","",
"Kazakhstan, Western","KAZ_Western_KZ.WE_1729_KAZ016","Poverty headcount ratio at urban poverty line (% of population)","SI.POV.URHC","","","","","","","","","","","","","","","","","","",
"Kyrgyz Republic, Batken","KGZ_Batken_KG.BA_1746_KGZ001","Poverty headcount ratio at national poverty line (% of population)","SI.POV.NAHC","","","","","","","","","","","","","","31","","35.6","34.2","53.9",
"Kyrgyz Republic, Batken","KGZ_Batken_KG.BA_1746_KGZ001","Poverty headcount ratio at rural poverty line (% of population)","SI.POV.RUHC","","","","","","","","","","","","","","","","","","",
"Kyrgyz Republic, Batken","KGZ_Batken_KG.BA_1746_KGZ001","Poverty headcount ratio at urban poverty line (% of population)","SI.POV.URHC","","","","","","","","","","","","","","","","","","",
"Kyrgyz Republic, Bishkek City","KGZ_Bishkek_City_KG.BI_147293_KGZ004","Poverty headcount ratio at national poverty line (% of population)","SI.POV.NAHC","","","","","","","","","","","","","","14","","18.4","21.4","20.4",
"Kyrgyz Republic, Bishkek City","KGZ_Bishkek_City_KG.BI_147293_KGZ004","Poverty headcount ratio at rural poverty line (% of population)","SI.POV.RUHC","","","","","","","","","","","","","","","","","","",
"Kyrgyz Republic, Bishkek City","KGZ_Bishkek_City_KG.BI_147293_KGZ004","Poverty headcount ratio at urban poverty line (% of population)","SI.POV.URHC","","","","","","","","","","","","","","","","","","",
"Kyrgyz Republic, Chuy","KGZ_Chuy_KG.CH_147294_KGZ002","Poverty headcount ratio at national poverty line (% of population)","SI.POV.NAHC","","","","","","","","","","","","","","21","","28.6","16.6","23.6",
"Kyrgyz Republic, Chuy","KGZ_Chuy_KG.CH_147294_KGZ002","Poverty headcount ratio at rural poverty line (% of population)","SI.POV.RUHC","","","","","","","","","","","","","","","","","","",
"Kyrgyz Republic, Chuy","KGZ_Chuy_KG.CH_147294_KGZ002","Poverty headcount ratio at urban poverty line (% of population)","SI.POV.URHC","","","","","","","","","","","","","","","","","","",
"Kyrgyz Republic, Issyk-kul","KGZ_Issyk-kul_KG.IK_1752_KGZ008","Poverty headcount ratio at national poverty line (% of population)","SI.POV.NAHC","","","","","","","","","","","","","","46","","29.5","28.1","39.5",
"Kyrgyz Republic, Issyk-kul","KGZ_Issyk-kul_KG.IK_1752_KGZ008","Poverty headcount ratio at rural poverty line (% of population)","SI.POV.RUHC","","","","","","","","","","","","","","","","","","",
"Kyrgyz Republic, Issyk-kul","KGZ_Issyk-kul_KG.IK_1752_KGZ008","Poverty headcount ratio at urban poverty line (% of population)","SI.POV.URHC","","","","","","","","","","","","","","","","","","",
"Kyrgyz Republic, Jalal-Abad","KGZ_Jalal-Abad_KG.JA_1748_KGZ003","Poverty headcount ratio at national poverty line (% of population)","SI.POV.NAHC","","","","","","","","","","","","","","37","","45.3","55.7","46.4",
"Kyrgyz Republic, Jalal-Abad","KGZ_Jalal-Abad_KG.JA_1748_KGZ003","Poverty headcount ratio at rural poverty line (% of population)","SI.POV.RUHC","","","","","","","","","","","","","","","","","","",
"Kyrgyz Republic, Jalal-Abad","KGZ_Jalal-Abad_KG.JA_1748_KGZ003","Poverty headcount ratio at urban poverty line (% of population)","SI.POV.URHC","","","","","","","","","","","","","","","","","","",
"Kyrgyz Republic, Naryn","KGZ_Naryn_KG.NA_1749_KGZ005","Poverty headcount ratio at national poverty line (% of population)","SI.POV.NAHC","","","","","","","","","","","","","","44","","49.9","39.9","43.8",
"Kyrgyz Republic, Naryn","KGZ_Naryn_KG.NA_1749_KGZ005","Poverty headcount ratio at rural poverty line (% of population)","SI.POV.RUHC","","","","","","","","","","","","","","","","","","",
"Kyrgyz Republic, Naryn","KGZ_Naryn_KG.NA_1749_KGZ005","Poverty headcount ratio at urban poverty line (% of population)","SI.POV.URHC","","","","","","","","","","","","","","","","","","",
"Kyrgyz Republic, Osh","KGZ_Osh_KG.OS_1750_KGZ006","Poverty headcount ratio at national poverty line (% of population)","SI.POV.NAHC","","","","","","","","","","","","","","38","","44.7","51.4","43.4",
"Kyrgyz Republic, Osh","KGZ_Osh_KG.OS_1750_KGZ006","Poverty headcount ratio at rural poverty line (% of population)","SI.POV.RUHC","","","","","","","","","","","","","","","","","","",
"Kyrgyz Republic, Osh","KGZ_Osh_KG.OS_1750_KGZ006","Poverty headcount ratio at urban poverty line (% of population)","SI.POV.URHC","","","","","","","","","","","","","","","","","","",
"Kyrgyz Republic, Talas","KGZ_Talas_KG.TL_1751_KGZ007","Poverty headcount ratio at national poverty line (% of population)","SI.POV.NAHC","","","","","","","","","","","","","","33","","50.2","39.6","23.1",
"Kyrgyz Republic, Talas","KGZ_Talas_KG.TL_1751_KGZ007","Poverty headcount ratio at rural poverty line (% of population)","SI.POV.RUHC","","","","","","","","","","","","","","","","","","",
"Kyrgyz Republic, Talas","KGZ_Talas_KG.TL_1751_KGZ007","Poverty headcount ratio at urban poverty line (% of population)","SI.POV.URHC","","","","","","","","","","","","","","","","","","",
"Lao PDR, Attapu","LAO_Attapu_LA.AT_1753_LAO001","Poverty headcount ratio at national poverty line (% of population)","SI.POV.NAHC","","","","","","","44","","","","","","24.6","","","","","8.9",
"Lao PDR, Attapu","LAO_Attapu_LA.AT_1753_LAO001","Poverty headcount ratio at rural poverty line (% of population)","SI.POV.RUHC","","","","","","","","","","","","","","","","","","",
"Lao PDR, Attapu","LAO_Attapu_LA.AT_1753_LAO001","Poverty headcount ratio at urban poverty line (% of population)","SI.POV.URHC","","","","","","","","","","","","","","","","","","",
"Lao PDR, Bokeo","LAO_Bokeo_LA.BK_1754_LAO002","Poverty headcount ratio at national poverty line (% of population)","SI.POV.NAHC","","","","","","","21.1","","","","","","32.6","","","","","44.4",
"Lao PDR, Bokeo","LAO_Bokeo_LA.BK_1754_LAO002","Poverty headcount ratio at rural poverty line (% of population)","SI.POV.RUHC","","","","","","","","","","","","","","","","","","",
"Lao PDR, Bokeo","LAO_Bokeo_LA.BK_1754_LAO002","Poverty headcount ratio at urban poverty line (% of population)","SI.POV.URHC","","","","","","","","","","","","","","","","","","",
"Lao PDR, Bolikhamxai","LAO_Bolikhamxai_LA.BL_1755_LAO003","Poverty headcount ratio at national poverty line (% of population)","SI.POV.NAHC","","","","","","","28.7","","","","","","21.5","","","","","16.4",
"Lao PDR, Bolikhamxai","LAO_Bolikhamxai_LA.BL_1755_LAO003","Poverty headcount ratio at rural poverty line (% of population)","SI.POV.RUHC","","","","","","","","","","","","","","","","","","",
"Lao PDR, Bolikhamxai","LAO_Bolikhamxai_LA.BL_1755_LAO003","Poverty headcount ratio at urban poverty line (% of population)","SI.POV.URHC","","","","","","","","","","","","","","","","","","",
"Lao PDR, Champasak","LAO_Champasak_LA.CH_1756_LAO004","Poverty headcount ratio at national poverty line (% of population)","SI.POV.NAHC","","","","","","","18.4","","","","","","10","","","","","19.9",
"Lao PDR, Champasak","LAO_Champasak_LA.CH_1756_LAO004","Poverty headcount ratio at rural poverty line (% of population)","SI.POV.RUHC","","","","","","","","","","","","","","","","","","",
"Lao PDR, Champasak","LAO_Champasak_LA.CH_1756_LAO004","Poverty headcount ratio at urban poverty line (% of population)","SI.POV.URHC","","","","","","","","","","","","","","","","","","",
"Lao PDR, Houaphan","LAO_Houaphan_LA.HO_1757_LAO005","Poverty headcount ratio at national poverty line (% of population)","SI.POV.NAHC","","","","","","","51.5","","","","","","50.5","","","","","39.2",
"Lao PDR, Houaphan","LAO_Houaphan_LA.HO_1757_LAO005","Poverty headcount ratio at rural poverty line (% of population)","SI.POV.RUHC","","","","","","","","","","","","","","","","","","",
"Lao PDR, Houaphan","LAO_Houaphan_LA.HO_1757_LAO005","Poverty headcount ratio at urban poverty line (% of population)","SI.POV.URHC","","","","","","","","","","","","","","","","","","",
"Lao PDR, Khammouan","LAO_Khammouan_LA.KH_1758_LAO006","Poverty headcount ratio at national poverty line (% of population)","SI.POV.NAHC","","","","","","","33.7","","","","","","31.4","","","","","26.4",
"Lao PDR, Khammouan","LAO_Khammouan_LA.KH_1758_LAO006","Poverty headcount ratio at rural poverty line (% of population)","SI.POV.RUHC","","","","","","","","","","","","","","","","","","",
"Lao PDR, Khammouan","LAO_Khammouan_LA.KH_1758_LAO006","Poverty headcount ratio at urban poverty line (% of population)","SI.POV.URHC","","","","","","","","","","","","","","","","","","",
"Lao PDR, Louang-Namtha","LAO_Louang-Namtha_LA.LN_1760_LAO007","Poverty headcount ratio at national poverty line (% of population)","SI.POV.NAHC","","","","","","","22.8","","","","","","30.5","","","","","16.1",
"Lao PDR, Louang-Namtha","LAO_Louang-Namtha_LA.LN_1760_LAO007","Poverty headcount ratio at rural poverty line (% of population)","SI.POV.RUHC","","","","","","","","","","","","","","","","","","",
"Lao PDR, Louang-Namtha","LAO_Louang-Namtha_LA.LN_1760_LAO007","Poverty headcount ratio at urban poverty line (% of population)","SI.POV.URHC","","","","","","","","","","","","","","","","","","",
"Lao PDR, Louangphabang","LAO_Louangphabang_LA.LO_1759_LAO008","Poverty headcount ratio at national poverty line (% of population)","SI.POV.NAHC","","","","","","","39.5","","","","","","27.2","","","","","25.5",
"Lao PDR, Louangphabang","LAO_Louangphabang_LA.LO_1759_LAO008","Poverty headcount ratio at rural poverty line (% of population)","SI.POV.RUHC","","","","","","","","","","","","","","","","","","",
"Lao PDR, Louangphabang","LAO_Louangphabang_LA.LO_1759_LAO008","Poverty headcount ratio at urban poverty line (% of population)","SI.POV.URHC","","","","","","","","","","","","","","","","","","",
"Lao PDR, Oudomxai","LAO_Oudomxai_LA.OU_1761_LAO009","Poverty headcount ratio at national poverty line (% of population)","SI.POV.NAHC","","","","","","","45.1","","","","","","33.7","","","","","30.1",
"Lao PDR, Oudomxai","LAO_Oudomxai_LA.OU_1761_LAO009","Poverty headcount ratio at rural poverty line (% of population)","SI.POV.RUHC","","","","","","","","","","","","","","","","","","",
"Lao PDR, Oudomxai","LAO_Oudomxai_LA.OU_1761_LAO009","Poverty headcount ratio at urban poverty line (% of population)","SI.POV.URHC","","","","","","","","","","","","","","","","","","",
"Lao PDR, Phongsaly","LAO_Phongsaly_18700","Poverty headcount ratio at national poverty line (% of population)","SI.POV.NAHC","","","","","","","50.8","","","","","","46","","","","","12.3",
"Lao PDR, Phongsaly","LAO_Phongsaly_18700","Poverty headcount ratio at rural poverty line (% of population)","SI.POV.RUHC","","","","","","","","","","","","","","","","","","",
"Lao PDR, Phongsaly","LAO_Phongsaly_18700","Poverty headcount ratio at urban poverty line (% of population)","SI.POV.URHC","","","","","","","","","","","","","","","","","","",
"Lao PDR, Saravane","LAO_Saravane_18707","Poverty headcount ratio at national poverty line (% of population)","SI.POV.NAHC","","","","","","","54.3","","","","","","36.3","","","","","49.8",
"Lao PDR, Saravane","LAO_Saravane_18707","Poverty headcount ratio at rural poverty line (% of population)","SI.POV.RUHC","","","","","","","","","","","","","","","","","","",
"Lao PDR, Saravane","LAO_Saravane_18707","Poverty headcount ratio at urban poverty line (% of population)","SI.POV.URHC","","","","","","","","","","","","","","","","","","",
"Lao PDR, Savannakhet","LAO_Savannakhet_LA.SV_1764_LAO012","Poverty headcount ratio at national poverty line (% of population)","SI.POV.NAHC","","","","","","","43.1","","","","","","28.5","","","","","27.9",
"Lao PDR, Savannakhet","LAO_Savannakhet_LA.SV_1764_LAO012","Poverty headcount ratio at rural poverty line (% of population)","SI.POV.RUHC","","","","","","","","","","","","","","","","","","",
"Lao PDR, Savannakhet","LAO_Savannakhet_LA.SV_1764_LAO012","Poverty headcount ratio at urban poverty line (% of population)","SI.POV.URHC","","","","","","","","","","","","","","","","","","",
"Lao PDR, Vientiane","LAO_Vientiane_LA.VI_74346_LAO021","Poverty headcount ratio at national poverty line (% of population)","SI.POV.NAHC","","","","","","","19","","","","","","27.8","","","","","12",
"Lao PDR, Vientiane","LAO_Vientiane_LA.VI_74346_LAO021","Poverty headcount ratio at rural poverty line (% of population)","SI.POV.RUHC","","","","","","","","","","","","","","","","","","",
"Lao PDR, Vientiane","LAO_Vientiane_LA.VI_74346_LAO021","Poverty headcount ratio at urban poverty line (% of population)","SI.POV.URHC","","","","","","","","","","","","","","","","","","",
"Lao PDR, Vientiane capital","LAO_Vientiane_capital_LA.VC_1768_LAO014","Poverty headcount ratio at national poverty line (% of population)","SI.POV.NAHC","","","","","","","16.7","","","","","","15.2","","","","","5.9",
"Lao PDR, Vientiane capital","LAO_Vientiane_capital_LA.VC_1768_LAO014","Poverty headcount ratio at rural poverty line (% of population)","SI.POV.RUHC","","","","","","","","","","","","","","","","","","",
"Lao PDR, Vientiane capital","LAO_Vientiane_capital_LA.VC_1768_LAO014","Poverty headcount ratio at urban poverty line (% of population)","SI.POV.URHC","","","","","","","","","","","","","","","","","","",
"Lao PDR, Xayabury","LAO_Xayabury_18731","Poverty headcount ratio at national poverty line (% of population)","SI.POV.NAHC","","","","","","","25","","","","","","15.7","","","","","15.4",
"Lao PDR, Xayabury","LAO_Xayabury_18731","Poverty headcount ratio at rural poverty line (% of population)","SI.POV.RUHC","","","","","","","","","","","","","","","","","","",
"Lao PDR, Xayabury","LAO_Xayabury_18731","Poverty headcount ratio at urban poverty line (% of population)","SI.POV.URHC","","","","","","","","","","","","","","","","","","",
"Lao PDR, Xaysomboun","LAO_Xaysomboun_74348","Poverty headcount ratio at national poverty line (% of population)","SI.POV.NAHC","","","","","","","30.6","","","","","","46.1","","","","","",
"Lao PDR, Xaysomboun","LAO_Xaysomboun_74348","Poverty headcount ratio at rural poverty line (% of population)","SI.POV.RUHC","","","","","","","","","","","","","","","","","","",
"Lao PDR, Xaysomboun","LAO_Xaysomboun_74348","Poverty headcount ratio at urban poverty line (% of population)","SI.POV.URHC","","","","","","","","","","","","","","","","","","",
"Lao PDR, Xekong","LAO_Xekong_LA.XE_1766_LAO017","Poverty headcount ratio at national poverty line (% of population)","SI.POV.NAHC","","","","","","","41.8","","","","","","51.8","","","","","42.7",
"Lao PDR, Xekong","LAO_Xekong_LA.XE_1766_LAO017","Poverty headcount ratio at rural poverty line (% of population)","SI.POV.RUHC","","","","","","","","","","","","","","","","","","",
"Lao PDR, Xekong","LAO_Xekong_LA.XE_1766_LAO017","Poverty headcount ratio at urban poverty line (% of population)","SI.POV.URHC","","","","","","","","","","","","","","","","","","",
"Lao PDR, Xiangkhouang","LAO_Xiangkhouang_LA.XI_74347_LAO022","Poverty headcount ratio at national poverty line (% of population)","SI.POV.NAHC","","","","","","","41.6","","","","","","42","","","","","31.9",
"Lao PDR, Xiangkhouang","LAO_Xiangkhouang_LA.XI_74347_LAO022","Poverty headcount ratio at rural poverty line (% of population)","SI.POV.RUHC","","","","","","","","","","","","","","","","","","",
"Lao PDR, Xiangkhouang","LAO_Xiangkhouang_LA.XI_74347_LAO022","Poverty headcount ratio at urban poverty line (% of population)","SI.POV.URHC","","","","","","","","","","","","","","","","","","",
"Lebanon, Beirut","LBN_Beirut_LB.BY_1798_LBN002","Poverty headcount ratio at national poverty line (% of population)","SI.POV.NAHC","","","","","","","","","","5.9","","","","","","","","",
"Lebanon, Beirut","LBN_Beirut_LB.BY_1798_LBN002","Poverty headcount ratio at rural poverty line (% of population)","SI.POV.RUHC","","","","","","","","","","","","","","","","","","",
"Lebanon, Beirut","LBN_Beirut_LB.BY_1798_LBN002","Poverty headcount ratio at urban poverty line (% of population)","SI.POV.URHC","","","","","","","","","","","","","","","","","","",
"Lebanon, Bekaa","LBN_Bekaa_LB.BE_1797_LBN001","Poverty headcount ratio at national poverty line (% of population)","SI.POV.NAHC","","","","","","","","","","29.4","","","","","","","","",
"Lebanon, Bekaa","LBN_Bekaa_LB.BE_1797_LBN001","Poverty headcount ratio at rural poverty line (% of population)","SI.POV.RUHC","","","","","","","","","","","","","","","","","","",
"Lebanon, Bekaa","LBN_Bekaa_LB.BE_1797_LBN001","Poverty headcount ratio at urban poverty line (% of population)","SI.POV.URHC","","","","","","","","","","","","","","","","","","",
"Lebanon, Mount Lebanon","LBN_Mount_Lebanon_LB.ML_1801_LBN005","Poverty headcount ratio at national poverty line (% of population)","SI.POV.NAHC","","","","","","","","","","19.6","","","","","","","","",
"Lebanon, Mount Lebanon","LBN_Mount_Lebanon_LB.ML_1801_LBN005","Poverty headcount ratio at rural poverty line (% of population)","SI.POV.RUHC","","","","","","","","","","","","","","","","","","",
"Lebanon, Mount Lebanon","LBN_Mount_Lebanon_LB.ML_1801_LBN005","Poverty headcount ratio at urban poverty line (% of population)","SI.POV.URHC","","","","","","","","","","","","","","","","","","",
"Lebanon, Nabatiye","LBN_Nabatiye_LB.NA_1802_LBN006","Poverty headcount ratio at national poverty line (% of population)","SI.POV.NAHC","","","","","","","","","","19.2","","","","","","","","",
"Lebanon, Nabatiye","LBN_Nabatiye_LB.NA_1802_LBN006","Poverty headcount ratio at rural poverty line (% of population)","SI.POV.RUHC","","","","","","","","","","","","","","","","","","",
"Lebanon, Nabatiye","LBN_Nabatiye_LB.NA_1802_LBN006","Poverty headcount ratio at urban poverty line (% of population)","SI.POV.URHC","","","","","","","","","","","","","","","","","","",
"Lebanon, North","LBN_North_LB.NO_1799_LBN003","Poverty headcount ratio at national poverty line (% of population)","SI.POV.NAHC","","","","","","","","","","52.6","","","","","","","","",
"Lebanon, North","LBN_North_LB.NO_1799_LBN003","Poverty headcount ratio at rural poverty line (% of population)","SI.POV.RUHC","","","","","","","","","","","","","","","","","","",
"Lebanon, North","LBN_North_LB.NO_1799_LBN003","Poverty headcount ratio at urban poverty line (% of population)","SI.POV.URHC","","","","","","","","","","","","","","","","","","",
"Lebanon, South","LBN_South_LB.SO_1800_LBN004","Poverty headcount ratio at national poverty line (% of population)","SI.POV.NAHC","","","","","","","","","","42.2","","","","","","","","",
"Lebanon, South","LBN_South_LB.SO_1800_LBN004","Poverty headcount ratio at rural poverty line (% of population)","SI.POV.RUHC","","","","","","","","","","","","","","","","","","",
"Lebanon, South","LBN_South_LB.SO_1800_LBN004","Poverty headcount ratio at urban poverty line (% of population)","SI.POV.URHC","","","","","","","","","","","","","","","","","","",
"Liberia, Bomi","LBR_Bomi_LR.BM_1814_LBR001","Poverty headcount ratio at national poverty line (% of population)","SI.POV.NAHC","","","","","","","","","","","","75.8","","","","","","",
"Liberia, Bomi","LBR_Bomi_LR.BM_1814_LBR001","Poverty headcount ratio at rural poverty line (% of population)","SI.POV.RUHC","","","","","","","","","","","","","","","","","","",
"Liberia, Bomi","LBR_Bomi_LR.BM_1814_LBR001","Poverty headcount ratio at urban poverty line (% of population)","SI.POV.URHC","","","","","","","","","","","","","","","","","","",
"Liberia, Bong","LBR_Bong_LR.BG_1815_LBR002","Poverty headcount ratio at national poverty line (% of population)","SI.POV.NAHC","","","","","","","","","","","","63.2","","","","","","",
"Liberia, Bong","LBR_Bong_LR.BG_1815_LBR002","Poverty headcount ratio at rural poverty line (% of population)","SI.POV.RUHC","","","","","","","","","","","","","","","","","","",
"Liberia, Bong","LBR_Bong_LR.BG_1815_LBR002","Poverty headcount ratio at urban poverty line (% of population)","SI.POV.URHC","","","","","","","","","","","","","","","","","","",
"Liberia, Gbarpolu","LBR_Gbarpolu_LR.GP_1816_LBR003","Poverty headcount ratio at national poverty line (% of population)","SI.POV.NAHC","","","","","","","","","","","","68.2","","","","","","",
"Liberia, Gbarpolu","LBR_Gbarpolu_LR.GP_1816_LBR003","Poverty headcount ratio at rural poverty line (% of population)","SI.POV.RUHC","","","","","","","","","","","","","","","","","","",
"Liberia, Gbarpolu","LBR_Gbarpolu_LR.GP_1816_LBR003","Poverty headcount ratio at urban poverty line (% of population)","SI.POV.URHC","","","","","","","","","","","","","","","","","","",
"Liberia, Grand Bassa","LBR_Grand_Bassa_LR.GB_1817_LBR004","Poverty headcount ratio at national poverty line (% of population)","SI.POV.NAHC","","","","","","","","","","","","58.6","","","","","","",
"Liberia, Grand Bassa","LBR_Grand_Bassa_LR.GB_1817_LBR004","Poverty headcount ratio at rural poverty line (% of population)","SI.POV.RUHC","","","","","","","","","","","","","","","","","","",
"Liberia, Grand Bassa","LBR_Grand_Bassa_LR.GB_1817_LBR004","Poverty headcount ratio at urban poverty line (% of population)","SI.POV.URHC","","","","","","","","","","","","","","","","","","",
"Liberia, Grand Cape Mount","LBR_Grand_Cape_Mount_LR.CM_1818_LBR005","Poverty headcount ratio at national poverty line (% of population)","SI.POV.NAHC","","","","","","","","","","","","79.7","","","","","","",
"Liberia, Grand Cape Mount","LBR_Grand_Cape_Mount_LR.CM_1818_LBR005","Poverty headcount ratio at rural poverty line (% of population)","SI.POV.RUHC","","","","","","","","","","","","","","","","","","",
"Liberia, Grand Cape Mount","LBR_Grand_Cape_Mount_LR.CM_1818_LBR005","Poverty headcount ratio at urban poverty line (% of population)","SI.POV.URHC","","","","","","","","","","","","","","","","","","",
"Liberia, Grand Gedeh","LBR_Grand_Gedeh_LR.GD_1819_LBR006","Poverty headcount ratio at national poverty line (% of population)","SI.POV.NAHC","","","","","","","","","","","","79.5","","","","","","",
"Liberia, Grand Gedeh","LBR_Grand_Gedeh_LR.GD_1819_LBR006","Poverty headcount ratio at rural poverty line (% of population)","SI.POV.RUHC","","","","","","","","","","","","","","","","","","",
"Liberia, Grand Gedeh","LBR_Grand_Gedeh_LR.GD_1819_LBR006","Poverty headcount ratio at urban poverty line (% of population)","SI.POV.URHC","","","","","","","","","","","","","","","","","","",
"Liberia, Grand Kru","LBR_Grand_Kru_LR.GK_1820_LBR007","Poverty headcount ratio at national poverty line (% of population)","SI.POV.NAHC","","","","","","","","","","","","71.3","","","","","","",
"Liberia, Grand Kru","LBR_Grand_Kru_LR.GK_1820_LBR007","Poverty headcount ratio at rural poverty line (% of population)","SI.POV.RUHC","","","","","","","","","","","","","","","","","","",
"Liberia, Grand Kru","LBR_Grand_Kru_LR.GK_1820_LBR007","Poverty headcount ratio at urban poverty line (% of population)","SI.POV.URHC","","","","","","","","","","","","","","","","","","",
"Liberia, Greater Monrovia","LBR_Greater_Monrovia_147290","Poverty headcount ratio at national poverty line (% of population)","SI.POV.NAHC","","","","","","","","","","","","48.5","","","","","","",
"Liberia, Greater Monrovia","LBR_Greater_Monrovia_147290","Poverty headcount ratio at rural poverty line (% of population)","SI.POV.RUHC","","","","","","","","","","","","","","","","","","",
"Liberia, Greater Monrovia","LBR_Greater_Monrovia_147290","Poverty headcount ratio at urban poverty line (% of population)","SI.POV.URHC","","","","","","","","","","","","","","","","","","",
"Liberia, Lofa","LBR_Lofa_LR.LF_1821_LBR008","Poverty headcount ratio at national poverty line (% of population)","SI.POV.NAHC","","","","","","","","","","","","60.1","","","","","","",
"Liberia, Lofa","LBR_Lofa_LR.LF_1821_LBR008","Poverty headcount ratio at rural poverty line (% of population)","SI.POV.RUHC","","","","","","","","","","","","","","","","","","",
"Liberia, Lofa","LBR_Lofa_LR.LF_1821_LBR008","Poverty headcount ratio at urban poverty line (% of population)","SI.POV.URHC","","","","","","","","","","","","","","","","","","",
"Liberia, Margibi","LBR_Margibi_LR.MG_1822_LBR009","Poverty headcount ratio at national poverty line (% of population)","SI.POV.NAHC","","","","","","","","","","","","58.3","","","","","","",
"Liberia, Margibi","LBR_Margibi_LR.MG_1822_LBR009","Poverty headcount ratio at rural poverty line (% of population)","SI.POV.RUHC","","","","","","","","","","","","","","","","","","",
"Liberia, Margibi","LBR_Margibi_LR.MG_1822_LBR009","Poverty headcount ratio at urban poverty line (% of population)","SI.POV.URHC","","","","","","","","","","","","","","","","","","",
"Liberia, Maryland","LBR_Maryland_LR.MY_1823_LBR010","Poverty headcount ratio at national poverty line (% of population)","SI.POV.NAHC","","","","","","","","","","","","58","","","","","","",
"Liberia, Maryland","LBR_Maryland_LR.MY_1823_LBR010","Poverty headcount ratio at rural poverty line (% of population)","SI.POV.RUHC","","","","","","","","","","","","","","","","","","",
"Liberia, Maryland","LBR_Maryland_LR.MY_1823_LBR010","Poverty headcount ratio at urban poverty line (% of population)","SI.POV.URHC","","","","","","","","","","","","","","","","","","",
"Liberia, Montserrado","LBR_MontserrAND_LR.MO_1824_LBR011","Poverty headcount ratio at national poverty line (% of population)","SI.POV.NAHC","","","","","","","","","","","","61","","","","","","",
"Liberia, Montserrado","LBR_MontserrAND_LR.MO_1824_LBR011","Poverty headcount ratio at rural poverty line (% of population)","SI.POV.RUHC","","","","","","","","","","","","","","","","","","",
"Liberia, Montserrado","LBR_MontserrAND_LR.MO_1824_LBR011","Poverty headcount ratio at urban poverty line (% of population)","SI.POV.URHC","","","","","","","","","","","","","","","","","","",
"Liberia, Nimba","LBR_Nimba_LR.NI_1825_LBR012","Poverty headcount ratio at national poverty line (% of population)","SI.POV.NAHC","","","","","","","","","","","","75.4","","","","","","",
"Liberia, Nimba","LBR_Nimba_LR.NI_1825_LBR012","Poverty headcount ratio at rural poverty line (% of population)","SI.POV.RUHC","","","","","","","","","","","","","","","","","","",
"Liberia, Nimba","LBR_Nimba_LR.NI_1825_LBR012","Poverty headcount ratio at urban poverty line (% of population)","SI.POV.URHC","","","","","","","","","","","","","","","","","","",
"Liberia, River Gee","LBR_River_Gee_LR.RG_1827_LBR013","Poverty headcount ratio at national poverty line (% of population)","SI.POV.NAHC","","","","","","","","","","","","68.8","","","","","","",
"Liberia, River Gee","LBR_River_Gee_LR.RG_1827_LBR013","Poverty headcount ratio at rural poverty line (% of population)","SI.POV.RUHC","","","","","","","","","","","","","","","","","","",
"Liberia, River Gee","LBR_River_Gee_LR.RG_1827_LBR013","Poverty headcount ratio at urban poverty line (% of population)","SI.POV.URHC","","","","","","","","","","","","","","","","","","",
"Liberia, Rivercess","LBR_Rivercess_LR.RI_1826_LBR014","Poverty headcount ratio at national poverty line (% of population)","SI.POV.NAHC","","","","","","","","","","","","79.2","","","","","","",
"Liberia, Rivercess","LBR_Rivercess_LR.RI_1826_LBR014","Poverty headcount ratio at rural poverty line (% of population)","SI.POV.RUHC","","","","","","","","","","","","","","","","","","",
"Liberia, Rivercess","LBR_Rivercess_LR.RI_1826_LBR014","Poverty headcount ratio at urban poverty line (% of population)","SI.POV.URHC","","","","","","","","","","","","","","","","","","",
"Liberia, Sinoe","LBR_Sinoe_LR.SI_1828_LBR015","Poverty headcount ratio at national poverty line (% of population)","SI.POV.NAHC","","","","","","","","","","","","77.4","","","","","","",
"Liberia, Sinoe","LBR_Sinoe_LR.SI_1828_LBR015","Poverty headcount ratio at rural poverty line (% of population)","SI.POV.RUHC","","","","","","","","","","","","","","","","","","",
"Liberia, Sinoe","LBR_Sinoe_LR.SI_1828_LBR015","Poverty headcount ratio at urban poverty line (% of population)","SI.POV.URHC","","","","","","","","","","","","","","","","","","",
"Sri Lanka, Central","LKA_Central_LK.CE_2736_LKA001","Poverty headcount ratio at national poverty line (% of population)","SI.POV.NAHC","","","","","","","","","","","","","","","9.7","","","",
"Sri Lanka, Central","LKA_Central_LK.CE_2736_LKA001","Poverty headcount ratio at rural poverty line (% of population)","SI.POV.RUHC","","","","","","","","","","","","","","","","","","",
"Sri Lanka, Central","LKA_Central_LK.CE_2736_LKA001","Poverty headcount ratio at urban poverty line (% of population)","SI.POV.URHC","","","","","","","","","","","","","","","","","","",
"Sri Lanka, Eastern","LKA_Eastern_LK.EA_2737_LKA002","Poverty headcount ratio at national poverty line (% of population)","SI.POV.NAHC","","","","","","","","","","","","","","","14.8","","","",
"Sri Lanka, Eastern","LKA_Eastern_LK.EA_2737_LKA002","Poverty headcount ratio at rural poverty line (% of population)","SI.POV.RUHC","","","","","","","","","","","","","","","","","","",
"Sri Lanka, Eastern","LKA_Eastern_LK.EA_2737_LKA002","Poverty headcount ratio at urban poverty line (% of population)","SI.POV.URHC","","","","","","","","","","","","","","","","","","",
"Sri Lanka, North Central","LKA_North_Central_LK.NC_2738_LKA003","Poverty headcount ratio at national poverty line (% of population)","SI.POV.NAHC","","","","","","","","","","","","","","","5.7","","","",
"Sri Lanka, North Central","LKA_North_Central_LK.NC_2738_LKA003","Poverty headcount ratio at rural poverty line (% of population)","SI.POV.RUHC","","","","","","","","","","","","","","","","","","",
"Sri Lanka, North Central","LKA_North_Central_LK.NC_2738_LKA003","Poverty headcount ratio at urban poverty line (% of population)","SI.POV.URHC","","","","","","","","","","","","","","","","","","",
"Sri Lanka, North Western","LKA_North_Western_LK.NW_2739_LKA004","Poverty headcount ratio at national poverty line (% of population)","SI.POV.NAHC","","","","","","","","","","","","","","","11.3","","","",
"Sri Lanka, North Western","LKA_North_Western_LK.NW_2739_LKA004","Poverty headcount ratio at rural poverty line (% of population)","SI.POV.RUHC","","","","","","","","","","","","","","","","","","",
"Sri Lanka, North Western","LKA_North_Western_LK.NW_2739_LKA004","Poverty headcount ratio at urban poverty line (% of population)","SI.POV.URHC","","","","","","","","","","","","","","","","","","",
"Sri Lanka, Northern","LKA_Northern_LK.NO_2740_LKA005","Poverty headcount ratio at national poverty line (% of population)","SI.POV.NAHC","","","","","","","","","","","","","","","0.28","","","",
"Sri Lanka, Northern","LKA_Northern_LK.NO_2740_LKA005","Poverty headcount ratio at rural poverty line (% of population)","SI.POV.RUHC","","","","","","","","","","","","","","","","","","",
"Sri Lanka, Northern","LKA_Northern_LK.NO_2740_LKA005","Poverty headcount ratio at urban poverty line (% of population)","SI.POV.URHC","","","","","","","","","","","","","","","","","","",
"Sri Lanka, Sabaragamuwa","LKA_Sabaragamuwa_LK.SA_2741_LKA006","Poverty headcount ratio at national poverty line (% of population)","SI.POV.NAHC","","","","","","","","","","","","","","","10.6","","","",
"Sri Lanka, Sabaragamuwa","LKA_Sabaragamuwa_LK.SA_2741_LKA006","Poverty headcount ratio at rural poverty line (% of population)","SI.POV.RUHC","","","","","","","","","","","","","","","","","","",
"Sri Lanka, Sabaragamuwa","LKA_Sabaragamuwa_LK.SA_2741_LKA006","Poverty headcount ratio at urban poverty line (% of population)","SI.POV.URHC","","","","","","","","","","","","","","","","","","",
"Sri Lanka, Southern","LKA_Southern_LK.SO_2742_LKA007","Poverty headcount ratio at national poverty line (% of population)","SI.POV.NAHC","","","","","","","","","","","","","","","9.8","","","",
"Sri Lanka, Southern","LKA_Southern_LK.SO_2742_LKA007","Poverty headcount ratio at rural poverty line (% of population)","SI.POV.RUHC","","","","","","","","","","","","","","","","","","",
"Sri Lanka, Southern","LKA_Southern_LK.SO_2742_LKA007","Poverty headcount ratio at urban poverty line (% of population)","SI.POV.URHC","","","","","","","","","","","","","","","","","","",
"Sri Lanka, Uva","LKA_Uva_LK.UV_2743_LKA008","Poverty headcount ratio at national poverty line (% of population)","SI.POV.NAHC","","","","","","","","","","","","","","","13.7","","","",
"Sri Lanka, Uva","LKA_Uva_LK.UV_2743_LKA008","Poverty headcount ratio at rural poverty line (% of population)","SI.POV.RUHC","","","","","","","","","","","","","","","","","","",
"Sri Lanka, Uva","LKA_Uva_LK.UV_2743_LKA008","Poverty headcount ratio at urban poverty line (% of population)","SI.POV.URHC","","","","","","","","","","","","","","","","","","",
"Sri Lanka, Western","LKA_Western_LK.WE_2744_LKA009","Poverty headcount ratio at national poverty line (% of population)","SI.POV.NAHC","","","","","","","","","","","","","","","4.2","","","",
"Sri Lanka, Western","LKA_Western_LK.WE_2744_LKA009","Poverty headcount ratio at rural poverty line (% of population)","SI.POV.RUHC","","","","","","","","","","","","","","","","","","",
"Sri Lanka, Western","LKA_Western_LK.WE_2744_LKA009","Poverty headcount ratio at urban poverty line (% of population)","SI.POV.URHC","","","","","","","","","","","","","","","","","","",
"Latvia, Kurzeme","LVA_Kurzeme_AGG107","Poverty headcount ratio at national poverty line (% of population)","SI.POV.NAHC","","","","","","","","","","","","","","","","19.8","19.6","",
"Latvia, Kurzeme","LVA_Kurzeme_AGG107","Poverty headcount ratio at rural poverty line (% of population)","SI.POV.RUHC","","","","","","","","","","","","","","","","","","",
"Latvia, Kurzeme","LVA_Kurzeme_AGG107","Poverty headcount ratio at urban poverty line (% of population)","SI.POV.URHC","","","","","","","","","","","","","","","","","","",
"Latvia, Latgale","LVA_Latgale_AGG108","Poverty headcount ratio at national poverty line (% of population)","SI.POV.NAHC","","","","","","","","","","","","","","","","28.6","30.5","",
"Latvia, Latgale","LVA_Latgale_AGG108","Poverty headcount ratio at rural poverty line (% of population)","SI.POV.RUHC","","","","","","","","","","","","","","","","","","",
"Latvia, Latgale","LVA_Latgale_AGG108","Poverty headcount ratio at urban poverty line (% of population)","SI.POV.URHC","","","","","","","","","","","","","","","","","","",
"Latvia, Pieriga","LVA_Pieriga_AGG109","Poverty headcount ratio at national poverty line (% of population)","SI.POV.NAHC","","","","","","","","","","","","","","","","15.5","17.3","",
"Latvia, Pieriga","LVA_Pieriga_AGG109","Poverty headcount ratio at rural poverty line (% of population)","SI.POV.RUHC","","","","","","","","","","","","","","","","","","",
"Latvia, Pieriga","LVA_Pieriga_AGG109","Poverty headcount ratio at urban poverty line (% of population)","SI.POV.URHC","","","","","","","","","","","","","","","","","","",
"Latvia, Rigas","LVA_Rigas_LV.RI_1790_LVA024","Poverty headcount ratio at national poverty line (% of population)","SI.POV.NAHC","","","","","","","","","","","","","","","","12.9","10.7","",
"Latvia, Rigas","LVA_Rigas_LV.RI_1790_LVA024","Poverty headcount ratio at rural poverty line (% of population)","SI.POV.RUHC","","","","","","","","","","","","","","","","","","",
"Latvia, Rigas","LVA_Rigas_LV.RI_1790_LVA024","Poverty headcount ratio at urban poverty line (% of population)","SI.POV.URHC","","","","","","","","","","","","","","","","","","",
"Latvia, Vidzeme","LVA_Vidzeme_AGG111","Poverty headcount ratio at national poverty line (% of population)","SI.POV.NAHC","","","","","","","","","","","","","","","","27.8","30.7","",
"Latvia, Vidzeme","LVA_Vidzeme_AGG111","Poverty headcount ratio at rural poverty line (% of population)","SI.POV.RUHC","","","","","","","","","","","","","","","","","","",
"Latvia, Vidzeme","LVA_Vidzeme_AGG111","Poverty headcount ratio at urban poverty line (% of population)","SI.POV.URHC","","","","","","","","","","","","","","","","","","",
"Latvia, Zemgale","LVA_Zemgale_AGG112","Poverty headcount ratio at national poverty line (% of population)","SI.POV.NAHC","","","","","","","","","","","","","","","","22.2","22.3","",
"Latvia, Zemgale","LVA_Zemgale_AGG112","Poverty headcount ratio at rural poverty line (% of population)","SI.POV.RUHC","","","","","","","","","","","","","","","","","","",
"Latvia, Zemgale","LVA_Zemgale_AGG112","Poverty headcount ratio at urban poverty line (% of population)","SI.POV.URHC","","","","","","","","","","","","","","","","","","",
"Morocco, Chaouia-Ouardigha","MAR_Chaouia-Ouardigha_MA.CO_147326_MAR001","Poverty headcount ratio at national poverty line (% of population)","SI.POV.NAHC","","","","","","14.8","","","","","","0.9","","","","","","",
"Morocco, Chaouia-Ouardigha","MAR_Chaouia-Ouardigha_MA.CO_147326_MAR001","Poverty headcount ratio at rural poverty line (% of population)","SI.POV.RUHC","","","","","","","","","","","","","","","","","","",
"Morocco, Chaouia-Ouardigha","MAR_Chaouia-Ouardigha_MA.CO_147326_MAR001","Poverty headcount ratio at urban poverty line (% of population)","SI.POV.URHC","","","","","","","","","","","","","","","","","","",
"Morocco, Doukkala-Abda","MAR_Doukkala-Abda_MA.DA_147327_MAR002","Poverty headcount ratio at national poverty line (% of population)","SI.POV.NAHC","","","","","","16.8","","","","","","17.5","","","","","","",
"Morocco, Doukkala-Abda","MAR_Doukkala-Abda_MA.DA_147327_MAR002","Poverty headcount ratio at rural poverty line (% of population)","SI.POV.RUHC","","","","","","","","","","","","","","","","","","",
"Morocco, Doukkala-Abda","MAR_Doukkala-Abda_MA.DA_147327_MAR002","Poverty headcount ratio at urban poverty line (% of population)","SI.POV.URHC","","","","","","","","","","","","","","","","","","",
"Morocco, Fes-Boulemane","MAR_Fes-Boulemane_MA.FB_147328_MAR003","Poverty headcount ratio at national poverty line (% of population)","SI.POV.NAHC","","","","","","15","","","","","","5.2","","","","","","",
"Morocco, Fes-Boulemane","MAR_Fes-Boulemane_MA.FB_147328_MAR003","Poverty headcount ratio at rural poverty line (% of population)","SI.POV.RUHC","","","","","","","","","","","","","","","","","","",
"Morocco, Fes-Boulemane","MAR_Fes-Boulemane_MA.FB_147328_MAR003","Poverty headcount ratio at urban poverty line (% of population)","SI.POV.URHC","","","","","","","","","","","","","","","","","","",
"Morocco, Gharb-Chrarda-Beni Hssen","MAR_Gharb-Chrarda-Beni_Hssen_MA.GB_147329_MAR004","Poverty headcount ratio at national poverty line (% of population)","SI.POV.NAHC","","","","","","24.8","","","","","","18.5","","","","","","",
"Morocco, Gharb-Chrarda-Beni Hssen","MAR_Gharb-Chrarda-Beni_Hssen_MA.GB_147329_MAR004","Poverty headcount ratio at rural poverty line (% of population)","SI.POV.RUHC","","","","","","","","","","","","","","","","","","",
"Morocco, Gharb-Chrarda-Beni Hssen","MAR_Gharb-Chrarda-Beni_Hssen_MA.GB_147329_MAR004","Poverty headcount ratio at urban poverty line (% of population)","SI.POV.URHC","","","","","","","","","","","","","","","","","","",
"Morocco, Grand Casablanca","MAR_Grand_Casablanca_MA.GC_147330_MAR005","Poverty headcount ratio at national poverty line (% of population)","SI.POV.NAHC","","","","","","2.2","","","","","","3.3","","","","","","",
"Morocco, Grand Casablanca","MAR_Grand_Casablanca_MA.GC_147330_MAR005","Poverty headcount ratio at rural poverty line (% of population)","SI.POV.RUHC","","","","","","","","","","","","","","","","","","",
"Morocco, Grand Casablanca","MAR_Grand_Casablanca_MA.GC_147330_MAR005","Poverty headcount ratio at urban poverty line (% of population)","SI.POV.URHC","","","","","","","","","","","","","","","","","","",
"Morocco, Marrakech-Tensift-El Haouz","MAR_Marrakech-Tensift-El_Haouz_MA.MK_147333_MAR008","Poverty headcount ratio at national poverty line (% of population)","SI.POV.NAHC","","","","","","20.1","","","","","","12.5","","","","","","",
"Morocco, Marrakech-Tensift-El Haouz","MAR_Marrakech-Tensift-El_Haouz_MA.MK_147333_MAR008","Poverty headcount ratio at rural poverty line (% of population)","SI.POV.RUHC","","","","","","","","","","","","","","","","","","",
"Morocco, Marrakech-Tensift-El Haouz","MAR_Marrakech-Tensift-El_Haouz_MA.MK_147333_MAR008","Poverty headcount ratio at urban poverty line (% of population)","SI.POV.URHC","","","","","","","","","","","","","","","","","","",
"Morocco, Meknes-Tafilalet","MAR_Meknes-Tafilalet_MA.MT_2107_MAR009","Poverty headcount ratio at national poverty line (% of population)","SI.POV.NAHC","","","","","","25.7","","","","","","12.6","","","","","","",
"Morocco, Meknes-Tafilalet","MAR_Meknes-Tafilalet_MA.MT_2107_MAR009","Poverty headcount ratio at rural poverty line (% of population)","SI.POV.RUHC","","","","","","","","","","","","","","","","","","",
"Morocco, Meknes-Tafilalet","MAR_Meknes-Tafilalet_MA.MT_2107_MAR009","Poverty headcount ratio at urban poverty line (% of population)","SI.POV.URHC","","","","","","","","","","","","","","","","","","",
"Morocco, Oriental","MAR_Oriental_MA.OR_2109_MAR010","Poverty headcount ratio at national poverty line (% of population)","SI.POV.NAHC","","","","","","18.2","","","","","","8.6","","","","","","",
"Morocco, Oriental","MAR_Oriental_MA.OR_2109_MAR010","Poverty headcount ratio at rural poverty line (% of population)","SI.POV.RUHC","","","","","","","","","","","","","","","","","","",
"Morocco, Oriental","MAR_Oriental_MA.OR_2109_MAR010","Poverty headcount ratio at urban poverty line (% of population)","SI.POV.URHC","","","","","","","","","","","","","","","","","","",
"Morocco, Rabat-Sale-Zemmour-Zaer","MAR_Rabat-Sale-Zemmour-Zaer_MA.RS_147334_MAR011","Poverty headcount ratio at national poverty line (% of population)","SI.POV.NAHC","","","","","","8.1","","","","","","6.1","","","","","","",
"Morocco, Rabat-Sale-Zemmour-Zaer","MAR_Rabat-Sale-Zemmour-Zaer_MA.RS_147334_MAR011","Poverty headcount ratio at rural poverty line (% of population)","SI.POV.RUHC","","","","","","","","","","","","","","","","","","",
"Morocco, Rabat-Sale-Zemmour-Zaer","MAR_Rabat-Sale-Zemmour-Zaer_MA.RS_147334_MAR011","Poverty headcount ratio at urban poverty line (% of population)","SI.POV.URHC","","","","","","","","","","","","","","","","","","",
"Morocco, Souss-Massa-Draa","MAR_Souss-Massa-Draa_MA.SM_147335_MAR012","Poverty headcount ratio at national poverty line (% of population)","SI.POV.NAHC","","","","","","20.6","","","","","","12.1","","","","","","",
"Morocco, Souss-Massa-Draa","MAR_Souss-Massa-Draa_MA.SM_147335_MAR012","Poverty headcount ratio at rural poverty line (% of population)","SI.POV.RUHC","","","","","","","","","","","","","","","","","","",
"Morocco, Souss-Massa-Draa","MAR_Souss-Massa-Draa_MA.SM_147335_MAR012","Poverty headcount ratio at urban poverty line (% of population)","SI.POV.URHC","","","","","","","","","","","","","","","","","","",
"Morocco, Tadla-Azilal","MAR_Tadla-Azilal_MA.TD_147336_MAR013","Poverty headcount ratio at national poverty line (% of population)","SI.POV.NAHC","","","","","","11.4","","","","","","9.4","","","","","","",
"Morocco, Tadla-Azilal","MAR_Tadla-Azilal_MA.TD_147336_MAR013","Poverty headcount ratio at rural poverty line (% of population)","SI.POV.RUHC","","","","","","","","","","","","","","","","","","",
"Morocco, Tadla-Azilal","MAR_Tadla-Azilal_MA.TD_147336_MAR013","Poverty headcount ratio at urban poverty line (% of population)","SI.POV.URHC","","","","","","","","","","","","","","","","","","",
"Morocco, Tangier-Tetouan","MAR_Tangier-Tetouan_MA.TO_147337_MAR014","Poverty headcount ratio at national poverty line (% of population)","SI.POV.NAHC","","","","","","12.8","","","","","","5.6","","","","","","",
"Morocco, Tangier-Tetouan","MAR_Tangier-Tetouan_MA.TO_147337_MAR014","Poverty headcount ratio at rural poverty line (% of population)","SI.POV.RUHC","","","","","","","","","","","","","","","","","","",
"Morocco, Tangier-Tetouan","MAR_Tangier-Tetouan_MA.TO_147337_MAR014","Poverty headcount ratio at urban poverty line (% of population)","SI.POV.URHC","","","","","","","","","","","","","","","","","","",
"Morocco, Taza-Al Hoceima-Taounate","MAR_Taza-Al_Hoceima-Taounate_MA.TH_147338_MAR015","Poverty headcount ratio at national poverty line (% of population)","SI.POV.NAHC","","","","","","14.6","","","","","","7.3","","","","","","",
"Morocco, Taza-Al Hoceima-Taounate","MAR_Taza-Al_Hoceima-Taounate_MA.TH_147338_MAR015","Poverty headcount ratio at rural poverty line (% of population)","SI.POV.RUHC","","","","","","","","","","","","","","","","","","",
"Morocco, Taza-Al Hoceima-Taounate","MAR_Taza-Al_Hoceima-Taounate_MA.TH_147338_MAR015","Poverty headcount ratio at urban poverty line (% of population)","SI.POV.URHC","","","","","","","","","","","","","","","","","","",
"Morocco, Western Sahara","MAR_Western_Sahara_AGG048_55","Poverty headcount ratio at national poverty line (% of population)","SI.POV.NAHC","","","","","","9","","","","","","4.9","","","","","","",
"Morocco, Western Sahara","MAR_Western_Sahara_AGG048_55","Poverty headcount ratio at rural poverty line (% of population)","SI.POV.RUHC","","","","","","","","","","","","","","","","","","",
"Morocco, Western Sahara","MAR_Western_Sahara_AGG048_55","Poverty headcount ratio at urban poverty line (% of population)","SI.POV.URHC","","","","","","","","","","","","","","","","","","",
"Moldova, Centru","MDA_Centru_AGG116","Poverty headcount ratio at national poverty line (% of population)","SI.POV.NAHC","","","","","","","","","","","","","","","","23.4","","",
"Moldova, Centru","MDA_Centru_AGG116","Poverty headcount ratio at rural poverty line (% of population)","SI.POV.RUHC","","","","","","","","","","","","","","","","","","",
"Moldova, Centru","MDA_Centru_AGG116","Poverty headcount ratio at urban poverty line (% of population)","SI.POV.URHC","","","","","","","","","","","","","","","","","","",
"Moldova, Chisinau Municipality","MDA_Chisinau_Municipality_MD.CH_2064_MDA009","Poverty headcount ratio at national poverty line (% of population)","SI.POV.NAHC","","","","","","","","","","","","","","","","2.5","","",
"Moldova, Chisinau Municipality","MDA_Chisinau_Municipality_MD.CH_2064_MDA009","Poverty headcount ratio at rural poverty line (% of population)","SI.POV.RUHC","","","","","","","","","","","","","","","","","","",
"Moldova, Chisinau Municipality","MDA_Chisinau_Municipality_MD.CH_2064_MDA009","Poverty headcount ratio at urban poverty line (% of population)","SI.POV.URHC","","","","","","","","","","","","","","","","","","",
"Moldova, Nord","MDA_Nord_AGG113","Poverty headcount ratio at national poverty line (% of population)","SI.POV.NAHC","","","","","","","","","","","","","","","","18.7","","",
"Moldova, Nord","MDA_Nord_AGG113","Poverty headcount ratio at rural poverty line (% of population)","SI.POV.RUHC","","","","","","","","","","","","","","","","","","",
"Moldova, Nord","MDA_Nord_AGG113","Poverty headcount ratio at urban poverty line (% of population)","SI.POV.URHC","","","","","","","","","","","","","","","","","","",
"Moldova, Sud","MDA_Sud_AGG114","Poverty headcount ratio at national poverty line (% of population)","SI.POV.NAHC","","","","","","","","","","","","","","","","25.1","","",
"Moldova, Sud","MDA_Sud_AGG114","Poverty headcount ratio at rural poverty line (% of population)","SI.POV.RUHC","","","","","","","","","","","","","","","","","","",
"Moldova, Sud","MDA_Sud_AGG114","Poverty headcount ratio at urban poverty line (% of population)","SI.POV.URHC","","","","","","","","","","","","","","","","","","",
"Mexico, Aguascalientes","MEX_Aguascalientes_MX.AG_2028_MEX001","Poverty headcount ratio at national poverty line (% of population)","SI.POV.NAHC","","","","","","","","","","","","","37.8","","38.1","","37.8","",
"Mexico, Aguascalientes","MEX_Aguascalientes_MX.AG_2028_MEX001","Poverty headcount ratio at rural poverty line (% of population)","SI.POV.RUHC","","","","","","","","","","","","","","","","","","",
"Mexico, Aguascalientes","MEX_Aguascalientes_MX.AG_2028_MEX001","Poverty headcount ratio at urban poverty line (% of population)","SI.POV.URHC","","","","","","","","","","","","","","","","","","",
"Mexico, Baja California","MEX_Baja_California_MX.BN_2029_MEX002","Poverty headcount ratio at national poverty line (% of population)","SI.POV.NAHC","","","","","","","","","","","","","26.4","","31.5","","30.2","",
"Mexico, Baja California","MEX_Baja_California_MX.BN_2029_MEX002","Poverty headcount ratio at rural poverty line (% of population)","SI.POV.RUHC","","","","","","","","","","","","","","","","","","",
"Mexico, Baja California","MEX_Baja_California_MX.BN_2029_MEX002","Poverty headcount ratio at urban poverty line (% of population)","SI.POV.URHC","","","","","","","","","","","","","","","","","","",
"Mexico, Baja California Sur","MEX_Baja_California_Sur_MX.BS_2030_MEX003","Poverty headcount ratio at national poverty line (% of population)","SI.POV.NAHC","","","","","","","","","","","","","21.4","","31","","30.1","",
"Mexico, Baja California Sur","MEX_Baja_California_Sur_MX.BS_2030_MEX003","Poverty headcount ratio at rural poverty line (% of population)","SI.POV.RUHC","","","","","","","","","","","","","","","","","","",
"Mexico, Baja California Sur","MEX_Baja_California_Sur_MX.BS_2030_MEX003","Poverty headcount ratio at urban poverty line (% of population)","SI.POV.URHC","","","","","","","","","","","","","","","","","","",
"Mexico, Campeche","MEX_Campeche_MX.CM_2031_MEX004","Poverty headcount ratio at national poverty line (% of population)","SI.POV.NAHC","","","","","","","","","","","","","45.4","","50.5","","44.7","",
"Mexico, Campeche","MEX_Campeche_MX.CM_2031_MEX004","Poverty headcount ratio at rural poverty line (% of population)","SI.POV.RUHC","","","","","","","","","","","","","","","","","","",
"Mexico, Campeche","MEX_Campeche_MX.CM_2031_MEX004","Poverty headcount ratio at urban poverty line (% of population)","SI.POV.URHC","","","","","","","","","","","","","","","","","","",
"Mexico, Chiapas","MEX_Chiapas_MX.CP_2032_MEX005","Poverty headcount ratio at national poverty line (% of population)","SI.POV.NAHC","","","","","","","","","","","","","77","","78.5","","74.7","",
"Mexico, Chiapas","MEX_Chiapas_MX.CP_2032_MEX005","Poverty headcount ratio at rural poverty line (% of population)","SI.POV.RUHC","","","","","","","","","","","","","","","","","","",
"Mexico, Chiapas","MEX_Chiapas_MX.CP_2032_MEX005","Poverty headcount ratio at urban poverty line (% of population)","SI.POV.URHC","","","","","","","","","","","","","","","","","","",
"Mexico, Chihuahua","MEX_Chihuahua_MX.CH_2033_MEX006","Poverty headcount ratio at national poverty line (% of population)","SI.POV.NAHC","","","","","","","","","","","","","32.4","","38.8","","35.3","",
"Mexico, Chihuahua","MEX_Chihuahua_MX.CH_2033_MEX006","Poverty headcount ratio at rural poverty line (% of population)","SI.POV.RUHC","","","","","","","","","","","","","","","","","","",
"Mexico, Chihuahua","MEX_Chihuahua_MX.CH_2033_MEX006","Poverty headcount ratio at urban poverty line (% of population)","SI.POV.URHC","","","","","","","","","","","","","","","","","","",
"Mexico, Coahuila","MEX_Coahuila_MX.CA_2034_MEX007","Poverty headcount ratio at national poverty line (% of population)","SI.POV.NAHC","","","","","","","","","","","","","32.9","","27.8","","27.9","",
"Mexico, Coahuila","MEX_Coahuila_MX.CA_2034_MEX007","Poverty headcount ratio at rural poverty line (% of population)","SI.POV.RUHC","","","","","","","","","","","","","","","","","","",
"Mexico, Coahuila","MEX_Coahuila_MX.CA_2034_MEX007","Poverty headcount ratio at urban poverty line (% of population)","SI.POV.URHC","","","","","","","","","","","","","","","","","","",
"Mexico, Colima","MEX_Colima_MX.CL_2035_MEX008","Poverty headcount ratio at national poverty line (% of population)","SI.POV.NAHC","","","","","","","","","","","","","27.4","","34.7","","34.4","",
"Mexico, Colima","MEX_Colima_MX.CL_2035_MEX008","Poverty headcount ratio at rural poverty line (% of population)","SI.POV.RUHC","","","","","","","","","","","","","","","","","","",
"Mexico, Colima","MEX_Colima_MX.CL_2035_MEX008","Poverty headcount ratio at urban poverty line (% of population)","SI.POV.URHC","","","","","","","","","","","","","","","","","","",
"Mexico, Distrito Federal","MEX_Distrito_Federal_MX.DF_2036_MEX033","Poverty headcount ratio at national poverty line (% of population)","SI.POV.NAHC","","","","","","","","","","","","","28","","28.5","","28.9","",
"Mexico, Distrito Federal","MEX_Distrito_Federal_MX.DF_2036_MEX033","Poverty headcount ratio at rural poverty line (% of population)","SI.POV.RUHC","","","","","","","","","","","","","","","","","","",
"Mexico, Distrito Federal","MEX_Distrito_Federal_MX.DF_2036_MEX033","Poverty headcount ratio at urban poverty line (% of population)","SI.POV.URHC","","","","","","","","","","","","","","","","","","",
"Mexico, Durango","MEX_Durango_MX.DU_2037_MEX010","Poverty headcount ratio at national poverty line (% of population)","SI.POV.NAHC","","","","","","","","","","","","","48.7","","51.6","","50.1","",
"Mexico, Durango","MEX_Durango_MX.DU_2037_MEX010","Poverty headcount ratio at rural poverty line (% of population)","SI.POV.RUHC","","","","","","","","","","","","","","","","","","",
"Mexico, Durango","MEX_Durango_MX.DU_2037_MEX010","Poverty headcount ratio at urban poverty line (% of population)","SI.POV.URHC","","","","","","","","","","","","","","","","","","",
"Mexico, Guanajuato","MEX_Guanajuato_MX.GJ_2038_MEX011","Poverty headcount ratio at national poverty line (% of population)","SI.POV.NAHC","","","","","","","","","","","","","44.2","","48.5","","44.5","",
"Mexico, Guanajuato","MEX_Guanajuato_MX.GJ_2038_MEX011","Poverty headcount ratio at rural poverty line (% of population)","SI.POV.RUHC","","","","","","","","","","","","","","","","","","",
"Mexico, Guanajuato","MEX_Guanajuato_MX.GJ_2038_MEX011","Poverty headcount ratio at urban poverty line (% of population)","SI.POV.URHC","","","","","","","","","","","","","","","","","","",
"Mexico, Guerrero","MEX_Guerrero_MX.GR_2039_MEX012","Poverty headcount ratio at national poverty line (% of population)","SI.POV.NAHC","","","","","","","","","","","","","68.4","","67.6","","69.7","",
"Mexico, Guerrero","MEX_Guerrero_MX.GR_2039_MEX012","Poverty headcount ratio at rural poverty line (% of population)","SI.POV.RUHC","","","","","","","","","","","","","","","","","","",
"Mexico, Guerrero","MEX_Guerrero_MX.GR_2039_MEX012","Poverty headcount ratio at urban poverty line (% of population)","SI.POV.URHC","","","","","","","","","","","","","","","","","","",
"Mexico, Hidalgo","MEX_Hidalgo_MX.HI_2040_MEX013","Poverty headcount ratio at national poverty line (% of population)","SI.POV.NAHC","","","","","","","","","","","","","55","","54.7","","52.8","",
"Mexico, Hidalgo","MEX_Hidalgo_MX.HI_2040_MEX013","Poverty headcount ratio at rural poverty line (% of population)","SI.POV.RUHC","","","","","","","","","","","","","","","","","","",
"Mexico, Hidalgo","MEX_Hidalgo_MX.HI_2040_MEX013","Poverty headcount ratio at urban poverty line (% of population)","SI.POV.URHC","","","","","","","","","","","","","","","","","","",
"Mexico, Jalisco","MEX_Jalisco_MX.JA_2041_MEX014","Poverty headcount ratio at national poverty line (% of population)","SI.POV.NAHC","","","","","","","","","","","","","36.9","","37","","39.8","",
"Mexico, Jalisco","MEX_Jalisco_MX.JA_2041_MEX014","Poverty headcount ratio at rural poverty line (% of population)","SI.POV.RUHC","","","","","","","","","","","","","","","","","","",
"Mexico, Jalisco","MEX_Jalisco_MX.JA_2041_MEX014","Poverty headcount ratio at urban poverty line (% of population)","SI.POV.URHC","","","","","","","","","","","","","","","","","","",
"Mexico, Mexico","MEX_Mexico_MX.MX_2042_MEX015","Poverty headcount ratio at national poverty line (% of population)","SI.POV.NAHC","","","","","","","","","","","","","43.9","","42.9","","45.3","",
"Mexico, Mexico","MEX_Mexico_MX.MX_2042_MEX015","Poverty headcount ratio at rural poverty line (% of population)","SI.POV.RUHC","","","","","","","","","","","","","","","","","","",
"Mexico, Mexico","MEX_Mexico_MX.MX_2042_MEX015","Poverty headcount ratio at urban poverty line (% of population)","SI.POV.URHC","","","","","","","","","","","","","","","","","","",
"Mexico, Michoacan","MEX_Michoacan_MX.MC_2043_MEX016","Poverty headcount ratio at national poverty line (% of population)","SI.POV.NAHC","","","","","","","","","","","","","55.6","","54.7","","54.4","",
"Mexico, Michoacan","MEX_Michoacan_MX.MC_2043_MEX016","Poverty headcount ratio at rural poverty line (% of population)","SI.POV.RUHC","","","","","","","","","","","","","","","","","","",
"Mexico, Michoacan","MEX_Michoacan_MX.MC_2043_MEX016","Poverty headcount ratio at urban poverty line (% of population)","SI.POV.URHC","","","","","","","","","","","","","","","","","","",
"Mexico, Morelos","MEX_Morelos_MX.MR_2044_MEX017","Poverty headcount ratio at national poverty line (% of population)","SI.POV.NAHC","","","","","","","","","","","","","48.9","","43.2","","45.5","",
"Mexico, Morelos","MEX_Morelos_MX.MR_2044_MEX017","Poverty headcount ratio at rural poverty line (% of population)","SI.POV.RUHC","","","","","","","","","","","","","","","","","","",
"Mexico, Morelos","MEX_Morelos_MX.MR_2044_MEX017","Poverty headcount ratio at urban poverty line (% of population)","SI.POV.URHC","","","","","","","","","","","","","","","","","","",
"Mexico, Nayarit","MEX_Nayarit_MX.NA_2045_MEX018","Poverty headcount ratio at national poverty line (% of population)","SI.POV.NAHC","","","","","","","","","","","","","41.8","","41.4","","47.6","",
"Mexico, Nayarit","MEX_Nayarit_MX.NA_2045_MEX018","Poverty headcount ratio at rural poverty line (% of population)","SI.POV.RUHC","","","","","","","","","","","","","","","","","","",
"Mexico, Nayarit","MEX_Nayarit_MX.NA_2045_MEX018","Poverty headcount ratio at urban poverty line (% of population)","SI.POV.URHC","","","","","","","","","","","","","","","","","","",
"Mexico, Nuevo Leon","MEX_Nuevo_Leon_MX.NL_2046_MEX019","Poverty headcount ratio at national poverty line (% of population)","SI.POV.NAHC","","","","","","","","","","","","","21.6","","21","","23.2","",
"Mexico, Nuevo Leon","MEX_Nuevo_Leon_MX.NL_2046_MEX019","Poverty headcount ratio at rural poverty line (% of population)","SI.POV.RUHC","","","","","","","","","","","","","","","","","","",
"Mexico, Nuevo Leon","MEX_Nuevo_Leon_MX.NL_2046_MEX019","Poverty headcount ratio at urban poverty line (% of population)","SI.POV.URHC","","","","","","","","","","","","","","","","","","",
"Mexico, Oaxaca","MEX_Oaxaca_MX.OA_2047_MEX020","Poverty headcount ratio at national poverty line (% of population)","SI.POV.NAHC","","","","","","","","","","","","","61.8","","67","","61.9","",
"Mexico, Oaxaca","MEX_Oaxaca_MX.OA_2047_MEX020","Poverty headcount ratio at rural poverty line (% of population)","SI.POV.RUHC","","","","","","","","","","","","","","","","","","",
"Mexico, Oaxaca","MEX_Oaxaca_MX.OA_2047_MEX020","Poverty headcount ratio at urban poverty line (% of population)","SI.POV.URHC","","","","","","","","","","","","","","","","","","",
"Mexico, Puebla","MEX_Puebla_MX.PU_2048_MEX021","Poverty headcount ratio at national poverty line (% of population)","SI.POV.NAHC","","","","","","","","","","","","","64.7","","61.5","","64.5","",
"Mexico, Puebla","MEX_Puebla_MX.PU_2048_MEX021","Poverty headcount ratio at rural poverty line (% of population)","SI.POV.RUHC","","","","","","","","","","","","","","","","","","",
"Mexico, Puebla","MEX_Puebla_MX.PU_2048_MEX021","Poverty headcount ratio at urban poverty line (% of population)","SI.POV.URHC","","","","","","","","","","","","","","","","","","",
"Mexico, Queretaro","MEX_Queretaro_MX.QE_2049_MEX022","Poverty headcount ratio at national poverty line (% of population)","SI.POV.NAHC","","","","","","","","","","","","","35.4","","41.4","","36.9","",
"Mexico, Queretaro","MEX_Queretaro_MX.QE_2049_MEX022","Poverty headcount ratio at rural poverty line (% of population)","SI.POV.RUHC","","","","","","","","","","","","","","","","","","",
"Mexico, Queretaro","MEX_Queretaro_MX.QE_2049_MEX022","Poverty headcount ratio at urban poverty line (% of population)","SI.POV.URHC","","","","","","","","","","","","","","","","","","",
"Mexico, Quintana Roo","MEX_Quintana_Roo_MX.QR_2050_MEX023","Poverty headcount ratio at national poverty line (% of population)","SI.POV.NAHC","","","","","","","","","","","","","34","","34.6","","38.8","",
"Mexico, Quintana Roo","MEX_Quintana_Roo_MX.QR_2050_MEX023","Poverty headcount ratio at rural poverty line (% of population)","SI.POV.RUHC","","","","","","","","","","","","","","","","","","",
"Mexico, Quintana Roo","MEX_Quintana_Roo_MX.QR_2050_MEX023","Poverty headcount ratio at urban poverty line (% of population)","SI.POV.URHC","","","","","","","","","","","","","","","","","","",
"Mexico, San Luis Potosi","MEX_San_Luis_Potosi_MX.SL_2051_MEX024","Poverty headcount ratio at national poverty line (% of population)","SI.POV.NAHC","","","","","","","","","","","","","51.2","","52.4","","50.5","",
"Mexico, San Luis Potosi","MEX_San_Luis_Potosi_MX.SL_2051_MEX024","Poverty headcount ratio at rural poverty line (% of population)","SI.POV.RUHC","","","","","","","","","","","","","","","","","","",
"Mexico, San Luis Potosi","MEX_San_Luis_Potosi_MX.SL_2051_MEX024","Poverty headcount ratio at urban poverty line (% of population)","SI.POV.URHC","","","","","","","","","","","","","","","","","","",
"Mexico, Sinaloa","MEX_Sinaloa_MX.SI_2052_MEX025","Poverty headcount ratio at national poverty line (% of population)","SI.POV.NAHC","","","","","","","","","","","","","32.5","","36.7","","36.3","",
"Mexico, Sinaloa","MEX_Sinaloa_MX.SI_2052_MEX025","Poverty headcount ratio at rural poverty line (% of population)","SI.POV.RUHC","","","","","","","","","","","","","","","","","","",
"Mexico, Sinaloa","MEX_Sinaloa_MX.SI_2052_MEX025","Poverty headcount ratio at urban poverty line (% of population)","SI.POV.URHC","","","","","","","","","","","","","","","","","","",
"Mexico, Sonora","MEX_Sonora_MX.SO_2053_MEX026","Poverty headcount ratio at national poverty line (% of population)","SI.POV.NAHC","","","","","","","","","","","","","27.3","","33.1","","29.1","",
"Mexico, Sonora","MEX_Sonora_MX.SO_2053_MEX026","Poverty headcount ratio at rural poverty line (% of population)","SI.POV.RUHC","","","","","","","","","","","","","","","","","","",
"Mexico, Sonora","MEX_Sonora_MX.SO_2053_MEX026","Poverty headcount ratio at urban poverty line (% of population)","SI.POV.URHC","","","","","","","","","","","","","","","","","","",
"Mexico, Tabasco","MEX_Tabasco_MX.TB_2054_MEX027","Poverty headcount ratio at national poverty line (% of population)","SI.POV.NAHC","","","","","","","","","","","","","53.8","","57.1","","49.7","",
"Mexico, Tabasco","MEX_Tabasco_MX.TB_2054_MEX027","Poverty headcount ratio at rural poverty line (% of population)","SI.POV.RUHC","","","","","","","","","","","","","","","","","","",
"Mexico, Tabasco","MEX_Tabasco_MX.TB_2054_MEX027","Poverty headcount ratio at urban poverty line (% of population)","SI.POV.URHC","","","","","","","","","","","","","","","","","","",
"Mexico, Tamaulipas","MEX_Tamaulipas_MX.TM_2055_MEX028","Poverty headcount ratio at national poverty line (% of population)","SI.POV.NAHC","","","","","","","","","","","","","34.2","","39","","38.4","",
"Mexico, Tamaulipas","MEX_Tamaulipas_MX.TM_2055_MEX028","Poverty headcount ratio at rural poverty line (% of population)","SI.POV.RUHC","","","","","","","","","","","","","","","","","","",
"Mexico, Tamaulipas","MEX_Tamaulipas_MX.TM_2055_MEX028","Poverty headcount ratio at urban poverty line (% of population)","SI.POV.URHC","","","","","","","","","","","","","","","","","","",
"Mexico, Tlaxcala","MEX_Tlaxcala_MX.TL_2056_MEX029","Poverty headcount ratio at national poverty line (% of population)","SI.POV.NAHC","","","","","","","","","","","","","59.8","","60.3","","57.9","",
"Mexico, Tlaxcala","MEX_Tlaxcala_MX.TL_2056_MEX029","Poverty headcount ratio at rural poverty line (% of population)","SI.POV.RUHC","","","","","","","","","","","","","","","","","","",
"Mexico, Tlaxcala","MEX_Tlaxcala_MX.TL_2056_MEX029","Poverty headcount ratio at urban poverty line (% of population)","SI.POV.URHC","","","","","","","","","","","","","","","","","","",
"Mexico, Veracruz","MEX_Veracruz_MX.VE_2057_MEX030","Poverty headcount ratio at national poverty line (% of population)","SI.POV.NAHC","","","","","","","","","","","","","51.3","","57.6","","52.6","",
"Mexico, Veracruz","MEX_Veracruz_MX.VE_2057_MEX030","Poverty headcount ratio at rural poverty line (% of population)","SI.POV.RUHC","","","","","","","","","","","","","","","","","","",
"Mexico, Veracruz","MEX_Veracruz_MX.VE_2057_MEX030","Poverty headcount ratio at urban poverty line (% of population)","SI.POV.URHC","","","","","","","","","","","","","","","","","","",
"Mexico, Yucatan","MEX_Yucatan_MX.YU_2058_MEX031","Poverty headcount ratio at national poverty line (% of population)","SI.POV.NAHC","","","","","","","","","","","","","46.7","","48.3","","48.9","",
"Mexico, Yucatan","MEX_Yucatan_MX.YU_2058_MEX031","Poverty headcount ratio at rural poverty line (% of population)","SI.POV.RUHC","","","","","","","","","","","","","","","","","","",
"Mexico, Yucatan","MEX_Yucatan_MX.YU_2058_MEX031","Poverty headcount ratio at urban poverty line (% of population)","SI.POV.URHC","","","","","","","","","","","","","","","","","","",
"Mexico, Zacatecas","MEX_Zacatecas_MX.ZA_2059_MEX032","Poverty headcount ratio at national poverty line (% of population)","SI.POV.NAHC","","","","","","","","","","","","","50.4","","60.2","","54.2","",
"Mexico, Zacatecas","MEX_Zacatecas_MX.ZA_2059_MEX032","Poverty headcount ratio at rural poverty line (% of population)","SI.POV.RUHC","","","","","","","","","","","","","","","","","","",
"Mexico, Zacatecas","MEX_Zacatecas_MX.ZA_2059_MEX032","Poverty headcount ratio at urban poverty line (% of population)","SI.POV.URHC","","","","","","","","","","","","","","","","","","",
"Montenegro, Centralni","MNE_Centralni_AGG118","Poverty headcount ratio at national poverty line (% of population)","SI.POV.NAHC","","","","","","","","","","","","","","","","6.3","7.9","",
"Montenegro, Centralni","MNE_Centralni_AGG118","Poverty headcount ratio at rural poverty line (% of population)","SI.POV.RUHC","","","","","","","","","","","","","","","","","","",
"Montenegro, Centralni","MNE_Centralni_AGG118","Poverty headcount ratio at urban poverty line (% of population)","SI.POV.URHC","","","","","","","","","","","","","","","","","","",
"Montenegro, Primorski","MNE_Primorski_AGG119","Poverty headcount ratio at national poverty line (% of population)","SI.POV.NAHC","","","","","","","","","","","","","","","","6.4","9","",
"Montenegro, Primorski","MNE_Primorski_AGG119","Poverty headcount ratio at rural poverty line (% of population)","SI.POV.RUHC","","","","","","","","","","","","","","","","","","",
"Montenegro, Primorski","MNE_Primorski_AGG119","Poverty headcount ratio at urban poverty line (% of population)","SI.POV.URHC","","","","","","","","","","","","","","","","","","",
"Montenegro, Sjeverni","MNE_Sjeverni_AGG120_55","Poverty headcount ratio at national poverty line (% of population)","SI.POV.NAHC","","","","","","","","","","","","","","","","17.5","18.3","",
"Montenegro, Sjeverni","MNE_Sjeverni_AGG120_55","Poverty headcount ratio at rural poverty line (% of population)","SI.POV.RUHC","","","","","","","","","","","","","","","","","","",
"Montenegro, Sjeverni","MNE_Sjeverni_AGG120_55","Poverty headcount ratio at urban poverty line (% of population)","SI.POV.URHC","","","","","","","","","","","","","","","","","","",
"Mozambique, Cabo Delgado","MOZ_Cabo_DelgAND_MZ.CD_2112_MOZ001","Poverty headcount ratio at national poverty line (% of population)","SI.POV.NAHC","57.4","","","","","","","63.2","","","","","37.4","","","","","",
"Mozambique, Cabo Delgado","MOZ_Cabo_DelgAND_MZ.CD_2112_MOZ001","Poverty headcount ratio at rural poverty line (% of population)","SI.POV.RUHC","","","","","","","","","","","","","","","","","","",
"Mozambique, Cabo Delgado","MOZ_Cabo_DelgAND_MZ.CD_2112_MOZ001","Poverty headcount ratio at urban poverty line (% of population)","SI.POV.URHC","","","","","","","","","","","","","","","","","","",
"Mozambique, Gaza","MOZ_Gaza_MZ.GA_2113_MOZ002","Poverty headcount ratio at national poverty line (% of population)","SI.POV.NAHC","64.6","","","","","","","60.1","","","","","62.48","","","","","",
"Mozambique, Gaza","MOZ_Gaza_MZ.GA_2113_MOZ002","Poverty headcount ratio at rural poverty line (% of population)","SI.POV.RUHC","","","","","","","","","","","","","","","","","","",
"Mozambique, Gaza","MOZ_Gaza_MZ.GA_2113_MOZ002","Poverty headcount ratio at urban poverty line (% of population)","SI.POV.URHC","","","","","","","","","","","","","","","","","","",
"Mozambique, Inhambane","MOZ_Inhambane_MZ.IN_2114_MOZ003","Poverty headcount ratio at national poverty line (% of population)","SI.POV.NAHC","82.6","","","","","","","80.7","","","","","57.94","","","","","",
"Mozambique, Inhambane","MOZ_Inhambane_MZ.IN_2114_MOZ003","Poverty headcount ratio at rural poverty line (% of population)","SI.POV.RUHC","","","","","","","","","","","","","","","","","","",
"Mozambique, Inhambane","MOZ_Inhambane_MZ.IN_2114_MOZ003","Poverty headcount ratio at urban poverty line (% of population)","SI.POV.URHC","","","","","","","","","","","","","","","","","","",
"Mozambique, Manica","MOZ_Manica_MZ.MN_2115_MOZ004","Poverty headcount ratio at national poverty line (% of population)","SI.POV.NAHC","62.6","","","","","","","43.6","","","","","55.08","","","","","",
"Mozambique, Manica","MOZ_Manica_MZ.MN_2115_MOZ004","Poverty headcount ratio at rural poverty line (% of population)","SI.POV.RUHC","","","","","","","","","","","","","","","","","","",
"Mozambique, Manica","MOZ_Manica_MZ.MN_2115_MOZ004","Poverty headcount ratio at urban poverty line (% of population)","SI.POV.URHC","","","","","","","","","","","","","","","","","","",
"Mozambique, Maputo","MOZ_Maputo_MZ.MA_41373_MOZ005","Poverty headcount ratio at national poverty line (% of population)","SI.POV.NAHC","65.6","","","","","","","69.3","","","","","67.45","","","","","",
"Mozambique, Maputo","MOZ_Maputo_MZ.MA_41373_MOZ005","Poverty headcount ratio at rural poverty line (% of population)","SI.POV.RUHC","","","","","","","","","","","","","","","","","","",
"Mozambique, Maputo","MOZ_Maputo_MZ.MA_41373_MOZ005","Poverty headcount ratio at urban poverty line (% of population)","SI.POV.URHC","","","","","","","","","","","","","","","","","","",
"Mozambique, Maputo City","MOZ_Maputo_City_MZ.MC_2117.1_MOZ006","Poverty headcount ratio at national poverty line (% of population)","SI.POV.NAHC","47.8","","","","","","","53.6","","","","","36.15","","","","","",
"Mozambique, Maputo City","MOZ_Maputo_City_MZ.MC_2117.1_MOZ006","Poverty headcount ratio at rural poverty line (% of population)","SI.POV.RUHC","","","","","","","","","","","","","","","","","","",
"Mozambique, Maputo City","MOZ_Maputo_City_MZ.MC_2117.1_MOZ006","Poverty headcount ratio at urban poverty line (% of population)","SI.POV.URHC","","","","","","","","","","","","","","","","","","",
"Mozambique, Nampula","MOZ_Nampula_MZ.NM_2118_MOZ007","Poverty headcount ratio at national poverty line (% of population)","SI.POV.NAHC","68.9","","","","","","","52.6","","","","","54.67","","","","","",
"Mozambique, Nampula","MOZ_Nampula_MZ.NM_2118_MOZ007","Poverty headcount ratio at rural poverty line (% of population)","SI.POV.RUHC","","","","","","","","","","","","","","","","","","",
"Mozambique, Nampula","MOZ_Nampula_MZ.NM_2118_MOZ007","Poverty headcount ratio at urban poverty line (% of population)","SI.POV.URHC","","","","","","","","","","","","","","","","","","",
"Mozambique, Niassa","MOZ_Niassa_MZ.NS_2119_MOZ008","Poverty headcount ratio at national poverty line (% of population)","SI.POV.NAHC","70.6","","","","","","","52.1","","","","","31.93","","","","","",
"Mozambique, Niassa","MOZ_Niassa_MZ.NS_2119_MOZ008","Poverty headcount ratio at rural poverty line (% of population)","SI.POV.RUHC","","","","","","","","","","","","","","","","","","",
"Mozambique, Niassa","MOZ_Niassa_MZ.NS_2119_MOZ008","Poverty headcount ratio at urban poverty line (% of population)","SI.POV.URHC","","","","","","","","","","","","","","","","","","",
"Mozambique, Sofala","MOZ_Sofala_MZ.SO_2120_MOZ009","Poverty headcount ratio at national poverty line (% of population)","SI.POV.NAHC","87.9","","","","","","","36.1","","","","","58.02","","","","","",
"Mozambique, Sofala","MOZ_Sofala_MZ.SO_2120_MOZ009","Poverty headcount ratio at rural poverty line (% of population)","SI.POV.RUHC","","","","","","","","","","","","","","","","","","",
"Mozambique, Sofala","MOZ_Sofala_MZ.SO_2120_MOZ009","Poverty headcount ratio at urban poverty line (% of population)","SI.POV.URHC","","","","","","","","","","","","","","","","","","",
"Mozambique, Tete","MOZ_Tete_MZ.TE_2121_MOZ010","Poverty headcount ratio at national poverty line (% of population)","SI.POV.NAHC","82.3","","","","","","","59.8","","","","","42","","","","","",
"Mozambique, Tete","MOZ_Tete_MZ.TE_2121_MOZ010","Poverty headcount ratio at rural poverty line (% of population)","SI.POV.RUHC","","","","","","","","","","","","","","","","","","",
"Mozambique, Tete","MOZ_Tete_MZ.TE_2121_MOZ010","Poverty headcount ratio at urban poverty line (% of population)","SI.POV.URHC","","","","","","","","","","","","","","","","","","",
"Mozambique, Zambezia","MOZ_Zambezia_MZ.ZA_2122_MOZ011","Poverty headcount ratio at national poverty line (% of population)","SI.POV.NAHC","68.1","","","","","","","44.6","","","","","70.53","","","","","",
"Mozambique, Zambezia","MOZ_Zambezia_MZ.ZA_2122_MOZ011","Poverty headcount ratio at rural poverty line (% of population)","SI.POV.RUHC","","","","","","","","","","","","","","","","","","",
"Mozambique, Zambezia","MOZ_Zambezia_MZ.ZA_2122_MOZ011","Poverty headcount ratio at urban poverty line (% of population)","SI.POV.URHC","","","","","","","","","","","","","","","","","","",
"Nigeria, Abia","NGA_Abia_NG.AB_65698_NGA001","Poverty headcount ratio at national poverty line (% of population)","SI.POV.NAHC","","","","","","","","","26.45199","","","","","","31.13873","","","",
"Nigeria, Abia","NGA_Abia_NG.AB_65698_NGA001","Poverty headcount ratio at rural poverty line (% of population)","SI.POV.RUHC","","","","","","","","","","","","","","","","","","",
"Nigeria, Abia","NGA_Abia_NG.AB_65698_NGA001","Poverty headcount ratio at urban poverty line (% of population)","SI.POV.URHC","","","","","","","","","","","","","","","","","","",
"Nigeria, Abuja","NGA_Abuja_NG.FC_2221_NGA015","Poverty headcount ratio at national poverty line (% of population)","SI.POV.NAHC","","","","","","","","","35.32925","","","","","","30.86045","","","",
"Nigeria, Abuja","NGA_Abuja_NG.FC_2221_NGA015","Poverty headcount ratio at rural poverty line (% of population)","SI.POV.RUHC","","","","","","","","","","","","","","","","","","",
"Nigeria, Abuja","NGA_Abuja_NG.FC_2221_NGA015","Poverty headcount ratio at urban poverty line (% of population)","SI.POV.URHC","","","","","","","","","","","","","","","","","","",
"Nigeria, Adamawa","NGA_Adamawa_NG.AD_2211_NGA002","Poverty headcount ratio at national poverty line (% of population)","SI.POV.NAHC","","","","","","","","","62.29643","","","","","","65.16787","","","",
"Nigeria, Adamawa","NGA_Adamawa_NG.AD_2211_NGA002","Poverty headcount ratio at rural poverty line (% of population)","SI.POV.RUHC","","","","","","","","","","","","","","","","","","",
"Nigeria, Adamawa","NGA_Adamawa_NG.AD_2211_NGA002","Poverty headcount ratio at urban poverty line (% of population)","SI.POV.URHC","","","","","","","","","","","","","","","","","","",
"Nigeria, Akwa Ibom","NGA_Akwa_Ibom_NG.AK_2212_NGA003","Poverty headcount ratio at national poverty line (% of population)","SI.POV.NAHC","","","","","","","","","38.88462","","","","","","34.99797","","","",
"Nigeria, Akwa Ibom","NGA_Akwa_Ibom_NG.AK_2212_NGA003","Poverty headcount ratio at rural poverty line (% of population)","SI.POV.RUHC","","","","","","","","","","","","","","","","","","",
"Nigeria, Akwa Ibom","NGA_Akwa_Ibom_NG.AK_2212_NGA003","Poverty headcount ratio at urban poverty line (% of population)","SI.POV.URHC","","","","","","","","","","","","","","","","","","",
"Nigeria, Anambra","NGA_Anambra_NG.AN_2213_NGA004","Poverty headcount ratio at national poverty line (% of population)","SI.POV.NAHC","","","","","","","","","23.02036","","","","","","29.53582","","","",
"Nigeria, Anambra","NGA_Anambra_NG.AN_2213_NGA004","Poverty headcount ratio at rural poverty line (% of population)","SI.POV.RUHC","","","","","","","","","","","","","","","","","","",
"Nigeria, Anambra","NGA_Anambra_NG.AN_2213_NGA004","Poverty headcount ratio at urban poverty line (% of population)","SI.POV.URHC","","","","","","","","","","","","","","","","","","",
"Nigeria, Bauchi","NGA_Bauchi_NG.BA_65699_NGA005","Poverty headcount ratio at national poverty line (% of population)","SI.POV.NAHC","","","","","","","","","75.6655","","","","","","65.77486","","","",
"Nigeria, Bauchi","NGA_Bauchi_NG.BA_65699_NGA005","Poverty headcount ratio at rural poverty line (% of population)","SI.POV.RUHC","","","","","","","","","","","","","","","","","","",
"Nigeria, Bauchi","NGA_Bauchi_NG.BA_65699_NGA005","Poverty headcount ratio at urban poverty line (% of population)","SI.POV.URHC","","","","","","","","","","","","","","","","","","",
"Nigeria, Bayelsa","NGA_Bayelsa_NG.BY_65700_NGA006","Poverty headcount ratio at national poverty line (% of population)","SI.POV.NAHC","","","","","","","","","28.33171","","","","","","28.70387","","","",
"Nigeria, Bayelsa","NGA_Bayelsa_NG.BY_65700_NGA006","Poverty headcount ratio at rural poverty line (% of population)","SI.POV.RUHC","","","","","","","","","","","","","","","","","","",
"Nigeria, Bayelsa","NGA_Bayelsa_NG.BY_65700_NGA006","Poverty headcount ratio at urban poverty line (% of population)","SI.POV.URHC","","","","","","","","","","","","","","","","","","",
"Nigeria, Benue","NGA_Benue_NG.BE_2215_NGA007","Poverty headcount ratio at national poverty line (% of population)","SI.POV.NAHC","","","","","","","","","45.49594","","","","","","61.96109","","","",
"Nigeria, Benue","NGA_Benue_NG.BE_2215_NGA007","Poverty headcount ratio at rural poverty line (% of population)","SI.POV.RUHC","","","","","","","","","","","","","","","","","","",
"Nigeria, Benue","NGA_Benue_NG.BE_2215_NGA007","Poverty headcount ratio at urban poverty line (% of population)","SI.POV.URHC","","","","","","","","","","","","","","","","","","",
"Nigeria, Borno","NGA_Borno_NG.BO_2216_NGA008","Poverty headcount ratio at national poverty line (% of population)","SI.POV.NAHC","","","","","","","","","40.54779","","","","","","43.59836","","","",
"Nigeria, Borno","NGA_Borno_NG.BO_2216_NGA008","Poverty headcount ratio at rural poverty line (% of population)","SI.POV.RUHC","","","","","","","","","","","","","","","","","","",
"Nigeria, Borno","NGA_Borno_NG.BO_2216_NGA008","Poverty headcount ratio at urban poverty line (% of population)","SI.POV.URHC","","","","","","","","","","","","","","","","","","",
"Nigeria, Cross River","NGA_Cross_River_NG.CR_2217_NGA009","Poverty headcount ratio at national poverty line (% of population)","SI.POV.NAHC","","","","","","","","","49.27044","","","","","","43.09657","","","",
"Nigeria, Cross River","NGA_Cross_River_NG.CR_2217_NGA009","Poverty headcount ratio at rural poverty line (% of population)","SI.POV.RUHC","","","","","","","","","","","","","","","","","","",
"Nigeria, Cross River","NGA_Cross_River_NG.CR_2217_NGA009","Poverty headcount ratio at urban poverty line (% of population)","SI.POV.URHC","","","","","","","","","","","","","","","","","","",
"Nigeria, Delta","NGA_Delta_NG.DE_2218_NGA010","Poverty headcount ratio at national poverty line (% of population)","SI.POV.NAHC","","","","","","","","","55.94072","","","","","","41.92335","","","",
"Nigeria, Delta","NGA_Delta_NG.DE_2218_NGA010","Poverty headcount ratio at rural poverty line (% of population)","SI.POV.RUHC","","","","","","","","","","","","","","","","","","",
"Nigeria, Delta","NGA_Delta_NG.DE_2218_NGA010","Poverty headcount ratio at urban poverty line (% of population)","SI.POV.URHC","","","","","","","","","","","","","","","","","","",
"Nigeria, Ebonyi","NGA_Ebonyi_NG.EB_65701_NGA011","Poverty headcount ratio at national poverty line (% of population)","SI.POV.NAHC","","","","","","","","","43.12634","","","","","","71.09906","","","",
"Nigeria, Ebonyi","NGA_Ebonyi_NG.EB_65701_NGA011","Poverty headcount ratio at rural poverty line (% of population)","SI.POV.RUHC","","","","","","","","","","","","","","","","","","",
"Nigeria, Ebonyi","NGA_Ebonyi_NG.EB_65701_NGA011","Poverty headcount ratio at urban poverty line (% of population)","SI.POV.URHC","","","","","","","","","","","","","","","","","","",
"Nigeria, Edo","NGA_Edo_NG.ED_2219_NGA012","Poverty headcount ratio at national poverty line (% of population)","SI.POV.NAHC","","","","","","","","","38.4209","","","","","","43.05931","","","",
"Nigeria, Edo","NGA_Edo_NG.ED_2219_NGA012","Poverty headcount ratio at rural poverty line (% of population)","SI.POV.RUHC","","","","","","","","","","","","","","","","","","",
"Nigeria, Edo","NGA_Edo_NG.ED_2219_NGA012","Poverty headcount ratio at urban poverty line (% of population)","SI.POV.URHC","","","","","","","","","","","","","","","","","","",
"Nigeria, Ekiti","NGA_Ekiti_NG.EK_65702_NGA013","Poverty headcount ratio at national poverty line (% of population)","SI.POV.NAHC","","","","","","","","","40.34924","","","","","","39.53231","","","",
"Nigeria, Ekiti","NGA_Ekiti_NG.EK_65702_NGA013","Poverty headcount ratio at rural poverty line (% of population)","SI.POV.RUHC","","","","","","","","","","","","","","","","","","",
"Nigeria, Ekiti","NGA_Ekiti_NG.EK_65702_NGA013","Poverty headcount ratio at urban poverty line (% of population)","SI.POV.URHC","","","","","","","","","","","","","","","","","","",
"Nigeria, Enugu","NGA_Enugu_NG.EN_65703_NGA014","Poverty headcount ratio at national poverty line (% of population)","SI.POV.NAHC","","","","","","","","","31.80694","","","","","","48.14022","","","",
"Nigeria, Enugu","NGA_Enugu_NG.EN_65703_NGA014","Poverty headcount ratio at rural poverty line (% of population)","SI.POV.RUHC","","","","","","","","","","","","","","","","","","",
"Nigeria, Enugu","NGA_Enugu_NG.EN_65703_NGA014","Poverty headcount ratio at urban poverty line (% of population)","SI.POV.URHC","","","","","","","","","","","","","","","","","","",
"Nigeria, Gombe","NGA_Gombe_NG.GO_65704_NGA016","Poverty headcount ratio at national poverty line (% of population)","SI.POV.NAHC","","","","","","","","","55.63842","","","","","","74.3692","","","",
"Nigeria, Gombe","NGA_Gombe_NG.GO_65704_NGA016","Poverty headcount ratio at rural poverty line (% of population)","SI.POV.RUHC","","","","","","","","","","","","","","","","","","",
"Nigeria, Gombe","NGA_Gombe_NG.GO_65704_NGA016","Poverty headcount ratio at urban poverty line (% of population)","SI.POV.URHC","","","","","","","","","","","","","","","","","","",
"Nigeria, Imo","NGA_Imo_NG.IM_2222_NGA017","Poverty headcount ratio at national poverty line (% of population)","SI.POV.NAHC","","","","","","","","","29.45865","","","","","","28.82241","","","",
"Nigeria, Imo","NGA_Imo_NG.IM_2222_NGA017","Poverty headcount ratio at rural poverty line (% of population)","SI.POV.RUHC","","","","","","","","","","","","","","","","","","",
"Nigeria, Imo","NGA_Imo_NG.IM_2222_NGA017","Poverty headcount ratio at urban poverty line (% of population)","SI.POV.URHC","","","","","","","","","","","","","","","","","","",
"Nigeria, Jigawa","NGA_Jigawa_NG.JI_2223_NGA018","Poverty headcount ratio at national poverty line (% of population)","SI.POV.NAHC","","","","","","","","","87.16703","","","","","","77.72562","","","",
"Nigeria, Jigawa","NGA_Jigawa_NG.JI_2223_NGA018","Poverty headcount ratio at rural poverty line (% of population)","SI.POV.RUHC","","","","","","","","","","","","","","","","","","",
"Nigeria, Jigawa","NGA_Jigawa_NG.JI_2223_NGA018","Poverty headcount ratio at urban poverty line (% of population)","SI.POV.URHC","","","","","","","","","","","","","","","","","","",
"Nigeria, Kaduna","NGA_Kaduna_NG.KD_2224_NGA019","Poverty headcount ratio at national poverty line (% of population)","SI.POV.NAHC","","","","","","","","","35.99008","","","","","","46.69579","","","",
"Nigeria, Kaduna","NGA_Kaduna_NG.KD_2224_NGA019","Poverty headcount ratio at rural poverty line (% of population)","SI.POV.RUHC","","","","","","","","","","","","","","","","","","",
"Nigeria, Kaduna","NGA_Kaduna_NG.KD_2224_NGA019","Poverty headcount ratio at urban poverty line (% of population)","SI.POV.URHC","","","","","","","","","","","","","","","","","","",
"Nigeria, Kano","NGA_Kano_NG.KN_2225_NGA020","Poverty headcount ratio at national poverty line (% of population)","SI.POV.NAHC","","","","","","","","","41.40868","","","","","","55.9065","","","",
"Nigeria, Kano","NGA_Kano_NG.KN_2225_NGA020","Poverty headcount ratio at rural poverty line (% of population)","SI.POV.RUHC","","","","","","","","","","","","","","","","","","",
"Nigeria, Kano","NGA_Kano_NG.KN_2225_NGA020","Poverty headcount ratio at urban poverty line (% of population)","SI.POV.URHC","","","","","","","","","","","","","","","","","","",
"Nigeria, Katsina","NGA_Katsina_NG.KT_2226_NGA021","Poverty headcount ratio at national poverty line (% of population)","SI.POV.NAHC","","","","","","","","","54.26286","","","","","","57.50839","","","",
"Nigeria, Katsina","NGA_Katsina_NG.KT_2226_NGA021","Poverty headcount ratio at rural poverty line (% of population)","SI.POV.RUHC","","","","","","","","","","","","","","","","","","",
"Nigeria, Katsina","NGA_Katsina_NG.KT_2226_NGA021","Poverty headcount ratio at urban poverty line (% of population)","SI.POV.URHC","","","","","","","","","","","","","","","","","","",
"Nigeria, Kebbi","NGA_Kebbi_NG.KE_2227_NGA022","Poverty headcount ratio at national poverty line (% of population)","SI.POV.NAHC","","","","","","","","","77.2382","","","","","","49.14162","","","",
"Nigeria, Kebbi","NGA_Kebbi_NG.KE_2227_NGA022","Poverty headcount ratio at rural poverty line (% of population)","SI.POV.RUHC","","","","","","","","","","","","","","","","","","",
"Nigeria, Kebbi","NGA_Kebbi_NG.KE_2227_NGA022","Poverty headcount ratio at urban poverty line (% of population)","SI.POV.URHC","","","","","","","","","","","","","","","","","","",
"Nigeria, Kogi","NGA_Kogi_NG.KO_2228_NGA023","Poverty headcount ratio at national poverty line (% of population)","SI.POV.NAHC","","","","","","","","","87.53285","","","","","","54.12752","","","",
"Nigeria, Kogi","NGA_Kogi_NG.KO_2228_NGA023","Poverty headcount ratio at rural poverty line (% of population)","SI.POV.RUHC","","","","","","","","","","","","","","","","","","",
"Nigeria, Kogi","NGA_Kogi_NG.KO_2228_NGA023","Poverty headcount ratio at urban poverty line (% of population)","SI.POV.URHC","","","","","","","","","","","","","","","","","","",
"Nigeria, Kwara","NGA_Kwara_NG.KW_2229_NGA024","Poverty headcount ratio at national poverty line (% of population)","SI.POV.NAHC","","","","","","","","","83.67547","","","","","","53.29463","","","",
"Nigeria, Kwara","NGA_Kwara_NG.KW_2229_NGA024","Poverty headcount ratio at rural poverty line (% of population)","SI.POV.RUHC","","","","","","","","","","","","","","","","","","",
"Nigeria, Kwara","NGA_Kwara_NG.KW_2229_NGA024","Poverty headcount ratio at urban poverty line (% of population)","SI.POV.URHC","","","","","","","","","","","","","","","","","","",
"Nigeria, Lagos","NGA_Lagos_NG.LA_2230_NGA025","Poverty headcount ratio at national poverty line (% of population)","SI.POV.NAHC","","","","","","","","","59.10325","","","","","","22.5579","","","",
"Nigeria, Lagos","NGA_Lagos_NG.LA_2230_NGA025","Poverty headcount ratio at rural poverty line (% of population)","SI.POV.RUHC","","","","","","","","","","","","","","","","","","",
"Nigeria, Lagos","NGA_Lagos_NG.LA_2230_NGA025","Poverty headcount ratio at urban poverty line (% of population)","SI.POV.URHC","","","","","","","","","","","","","","","","","","",
"Nigeria, Nassarawa","NGA_Nassarawa_NG.NA_65705_NGA026","Poverty headcount ratio at national poverty line (% of population)","SI.POV.NAHC","","","","","","","","","45.74555","","","","","","55.71521","","","",
"Nigeria, Nassarawa","NGA_Nassarawa_NG.NA_65705_NGA026","Poverty headcount ratio at rural poverty line (% of population)","SI.POV.RUHC","","","","","","","","","","","","","","","","","","",
"Nigeria, Nassarawa","NGA_Nassarawa_NG.NA_65705_NGA026","Poverty headcount ratio at urban poverty line (% of population)","SI.POV.URHC","","","","","","","","","","","","","","","","","","",
"Nigeria, Niger","NGA_Niger_NG.NI_2231_NGA027","Poverty headcount ratio at national poverty line (% of population)","SI.POV.NAHC","","","","","","","","","46.96915","","","","","","29.15358","","","",
"Nigeria, Niger","NGA_Niger_NG.NI_2231_NGA027","Poverty headcount ratio at rural poverty line (% of population)","SI.POV.RUHC","","","","","","","","","","","","","","","","","","",
"Nigeria, Niger","NGA_Niger_NG.NI_2231_NGA027","Poverty headcount ratio at urban poverty line (% of population)","SI.POV.URHC","","","","","","","","","","","","","","","","","","",
"Nigeria, Ogun","NGA_Ogun_NG.OG_2232_NGA028","Poverty headcount ratio at national poverty line (% of population)","SI.POV.NAHC","","","","","","","","","32.15991","","","","","","41.34939","","","",
"Nigeria, Ogun","NGA_Ogun_NG.OG_2232_NGA028","Poverty headcount ratio at rural poverty line (% of population)","SI.POV.RUHC","","","","","","","","","","","","","","","","","","",
"Nigeria, Ogun","NGA_Ogun_NG.OG_2232_NGA028","Poverty headcount ratio at urban poverty line (% of population)","SI.POV.URHC","","","","","","","","","","","","","","","","","","",
"Nigeria, Ondo","NGA_Ondo_NG.ON_65706_NGA029","Poverty headcount ratio at national poverty line (% of population)","SI.POV.NAHC","","","","","","","","","45.75765","","","","","","40.81151","","","",
"Nigeria, Ondo","NGA_Ondo_NG.ON_65706_NGA029","Poverty headcount ratio at rural poverty line (% of population)","SI.POV.RUHC","","","","","","","","","","","","","","","","","","",
"Nigeria, Ondo","NGA_Ondo_NG.ON_65706_NGA029","Poverty headcount ratio at urban poverty line (% of population)","SI.POV.URHC","","","","","","","","","","","","","","","","","","",
"Nigeria, Osun","NGA_Osun_NG.OS_2234_NGA030","Poverty headcount ratio at national poverty line (% of population)","SI.POV.NAHC","","","","","","","","","28.53091","","","","","","22.78741","","","",
"Nigeria, Osun","NGA_Osun_NG.OS_2234_NGA030","Poverty headcount ratio at rural poverty line (% of population)","SI.POV.RUHC","","","","","","","","","","","","","","","","","","",
"Nigeria, Osun","NGA_Osun_NG.OS_2234_NGA030","Poverty headcount ratio at urban poverty line (% of population)","SI.POV.URHC","","","","","","","","","","","","","","","","","","",
"Nigeria, Oyo","NGA_Oyo_NG.OY_2235_NGA031","Poverty headcount ratio at national poverty line (% of population)","SI.POV.NAHC","","","","","","","","","21.03891","","","","","","29.49671","","","",
"Nigeria, Oyo","NGA_Oyo_NG.OY_2235_NGA031","Poverty headcount ratio at rural poverty line (% of population)","SI.POV.RUHC","","","","","","","","","","","","","","","","","","",
"Nigeria, Oyo","NGA_Oyo_NG.OY_2235_NGA031","Poverty headcount ratio at urban poverty line (% of population)","SI.POV.URHC","","","","","","","","","","","","","","","","","","",
"Nigeria, Plateau","NGA_Plateau_NG.PL_65707_NGA032","Poverty headcount ratio at national poverty line (% of population)","SI.POV.NAHC","","","","","","","","","48.91927","","","","","","53.75257","","","",
"Nigeria, Plateau","NGA_Plateau_NG.PL_65707_NGA032","Poverty headcount ratio at rural poverty line (% of population)","SI.POV.RUHC","","","","","","","","","","","","","","","","","","",
"Nigeria, Plateau","NGA_Plateau_NG.PL_65707_NGA032","Poverty headcount ratio at urban poverty line (% of population)","SI.POV.URHC","","","","","","","","","","","","","","","","","","",
"Nigeria, Rivers","NGA_Rivers_NG.RI_65708_NGA033","Poverty headcount ratio at national poverty line (% of population)","SI.POV.NAHC","","","","","","","","","39.62572","","","","","","31.17728","","","",
"Nigeria, Rivers","NGA_Rivers_NG.RI_65708_NGA033","Poverty headcount ratio at rural poverty line (% of population)","SI.POV.RUHC","","","","","","","","","","","","","","","","","","",
"Nigeria, Rivers","NGA_Rivers_NG.RI_65708_NGA033","Poverty headcount ratio at urban poverty line (% of population)","SI.POV.URHC","","","","","","","","","","","","","","","","","","",
"Nigeria, Sokoto","NGA_Sokoto_NG.SO_65709_NGA034","Poverty headcount ratio at national poverty line (% of population)","SI.POV.NAHC","","","","","","","","","62.30973","","","","","","71.18304","","","",
"Nigeria, Sokoto","NGA_Sokoto_NG.SO_65709_NGA034","Poverty headcount ratio at rural poverty line (% of population)","SI.POV.RUHC","","","","","","","","","","","","","","","","","","",
"Nigeria, Sokoto","NGA_Sokoto_NG.SO_65709_NGA034","Poverty headcount ratio at urban poverty line (% of population)","SI.POV.URHC","","","","","","","","","","","","","","","","","","",
"Nigeria, Taraba","NGA_Taraba_NG.TA_2239_NGA035","Poverty headcount ratio at national poverty line (% of population)","SI.POV.NAHC","","","","","","","","","44.04284","","","","","","47.77935","","","",
"Nigeria, Taraba","NGA_Taraba_NG.TA_2239_NGA035","Poverty headcount ratio at rural poverty line (% of population)","SI.POV.RUHC","","","","","","","","","","","","","","","","","","",
"Nigeria, Taraba","NGA_Taraba_NG.TA_2239_NGA035","Poverty headcount ratio at urban poverty line (% of population)","SI.POV.URHC","","","","","","","","","","","","","","","","","","",
"Nigeria, Yobe","NGA_Yobe_NG.YO_2240_NGA036","Poverty headcount ratio at national poverty line (% of population)","SI.POV.NAHC","","","","","","","","","70.63517","","","","","","67.90881","","","",
"Nigeria, Yobe","NGA_Yobe_NG.YO_2240_NGA036","Poverty headcount ratio at rural poverty line (% of population)","SI.POV.RUHC","","","","","","","","","","","","","","","","","","",
"Nigeria, Yobe","NGA_Yobe_NG.YO_2240_NGA036","Poverty headcount ratio at urban poverty line (% of population)","SI.POV.URHC","","","","","","","","","","","","","","","","","","",
"Nigeria, Zamfara","NGA_Zamfara_NG.ZA_65710_NGA037","Poverty headcount ratio at national poverty line (% of population)","SI.POV.NAHC","","","","","","","","","66.78749","","","","","","50.98568","","","",
"Nigeria, Zamfara","NGA_Zamfara_NG.ZA_65710_NGA037","Poverty headcount ratio at rural poverty line (% of population)","SI.POV.RUHC","","","","","","","","","","","","","","","","","","",
"Nigeria, Zamfara","NGA_Zamfara_NG.ZA_65710_NGA037","Poverty headcount ratio at urban poverty line (% of population)","SI.POV.URHC","","","","","","","","","","","","","","","","","","",
"Nepal, Central","NPL_Central_NP.CE_2152_NPL001","Poverty headcount ratio at national poverty line (% of population)","SI.POV.NAHC","","","","","","","","","","","","","","","21.69","","","",
"Nepal, Central","NPL_Central_NP.CE_2152_NPL001","Poverty headcount ratio at rural poverty line (% of population)","SI.POV.RUHC","","","","","","","","","","","","","","","","","","",
"Nepal, Central","NPL_Central_NP.CE_2152_NPL001","Poverty headcount ratio at urban poverty line (% of population)","SI.POV.URHC","","","","","","","","","","","","","","","","","","",
"Nepal, Eastern","NPL_Eastern_NP.EA_2153_NPL002","Poverty headcount ratio at national poverty line (% of population)","SI.POV.NAHC","","","","","","","","","","","","","","","21.44","","","",
"Nepal, Eastern","NPL_Eastern_NP.EA_2153_NPL002","Poverty headcount ratio at rural poverty line (% of population)","SI.POV.RUHC","","","","","","","","","","","","","","","","","","",
"Nepal, Eastern","NPL_Eastern_NP.EA_2153_NPL002","Poverty headcount ratio at urban poverty line (% of population)","SI.POV.URHC","","","","","","","","","","","","","","","","","","",
"Nepal, Far Western","NPL_Far_Western_NP.FW_2154_NPL003","Poverty headcount ratio at national poverty line (% of population)","SI.POV.NAHC","","","","","","","","","","","","","","","45.61","","","",
"Nepal, Far Western","NPL_Far_Western_NP.FW_2154_NPL003","Poverty headcount ratio at rural poverty line (% of population)","SI.POV.RUHC","","","","","","","","","","","","","","","","","","",
"Nepal, Far Western","NPL_Far_Western_NP.FW_2154_NPL003","Poverty headcount ratio at urban poverty line (% of population)","SI.POV.URHC","","","","","","","","","","","","","","","","","","",
"Nepal, Mid Western","NPL_Mid_Western_NP.MW_2155_NPL004","Poverty headcount ratio at national poverty line (% of population)","SI.POV.NAHC","","","","","","","","","","","","","","","31.68","","","",
"Nepal, Mid Western","NPL_Mid_Western_NP.MW_2155_NPL004","Poverty headcount ratio at rural poverty line (% of population)","SI.POV.RUHC","","","","","","","","","","","","","","","","","","",
"Nepal, Mid Western","NPL_Mid_Western_NP.MW_2155_NPL004","Poverty headcount ratio at urban poverty line (% of population)","SI.POV.URHC","","","","","","","","","","","","","","","","","","",
"Nepal, Western","NPL_Western_NP.WE_2156_NPL005","Poverty headcount ratio at national poverty line (% of population)","SI.POV.NAHC","","","","","","","","","","","","","","","22.25","","","",
"Nepal, Western","NPL_Western_NP.WE_2156_NPL005","Poverty headcount ratio at rural poverty line (% of population)","SI.POV.RUHC","","","","","","","","","","","","","","","","","","",
"Nepal, Western","NPL_Western_NP.WE_2156_NPL005","Poverty headcount ratio at urban poverty line (% of population)","SI.POV.URHC","","","","","","","","","","","","","","","","","","",
"Panama, Areas Indigenas","PAN_Areas_Indigenas_AGG124","Poverty headcount ratio at national poverty line (% of population)","SI.POV.NAHC","","","","","","","","","","","","","88.6","91.1","88","","","",
"Panama, Areas Indigenas","PAN_Areas_Indigenas_AGG124","Poverty headcount ratio at rural poverty line (% of population)","SI.POV.RUHC","","","","","","","","","","","","","","","","","","",
"Panama, Areas Indigenas","PAN_Areas_Indigenas_AGG124","Poverty headcount ratio at urban poverty line (% of population)","SI.POV.URHC","","","","","","","","","","","","","","","","","","",
"Panama, Bocas del Toro","PAN_Bocas_del_Toro_PA.BC_93668_PAN001","Poverty headcount ratio at national poverty line (% of population)","SI.POV.NAHC","","","","","","","","","","","","","61","64.2","59.6","55","54.6","52",
"Panama, Bocas del Toro","PAN_Bocas_del_Toro_PA.BC_93668_PAN001","Poverty headcount ratio at rural poverty line (% of population)","SI.POV.RUHC","","","","","","","","","","","","","","","","","","",
"Panama, Bocas del Toro","PAN_Bocas_del_Toro_PA.BC_93668_PAN001","Poverty headcount ratio at urban poverty line (% of population)","SI.POV.URHC","","","","","","","","","","","","","","","","","","",
"Panama, Chiriqui","PAN_Chiriqui_PA.CH_93669_PAN002","Poverty headcount ratio at national poverty line (% of population)","SI.POV.NAHC","","","","","","","","","","","","","39.1","35.7","31.5","27.5","27.5","26.5",
"Panama, Chiriqui","PAN_Chiriqui_PA.CH_93669_PAN002","Poverty headcount ratio at rural poverty line (% of population)","SI.POV.RUHC","","","","","","","","","","","","","","","","","","",
"Panama, Chiriqui","PAN_Chiriqui_PA.CH_93669_PAN002","Poverty headcount ratio at urban poverty line (% of population)","SI.POV.URHC","","","","","","","","","","","","","","","","","","",
"Panama, Cocle","PAN_Cocle_PA.CC_2282_PAN003","Poverty headcount ratio at national poverty line (% of population)","SI.POV.NAHC","","","","","","","","","","","","","50.7","51.1","46.9","37","34","33.9",
"Panama, Cocle","PAN_Cocle_PA.CC_2282_PAN003","Poverty headcount ratio at rural poverty line (% of population)","SI.POV.RUHC","","","","","","","","","","","","","","","","","","",
"Panama, Cocle","PAN_Cocle_PA.CC_2282_PAN003","Poverty headcount ratio at urban poverty line (% of population)","SI.POV.URHC","","","","","","","","","","","","","","","","","","",
"Panama, Colon","PAN_Colon_PA.CL_2283_PAN004","Poverty headcount ratio at national poverty line (% of population)","SI.POV.NAHC","","","","","","","","","","","","","21.2","25.3","26","17.6","17.2","17",
"Panama, Colon","PAN_Colon_PA.CL_2283_PAN004","Poverty headcount ratio at rural poverty line (% of population)","SI.POV.RUHC","","","","","","","","","","","","","","","","","","",
"Panama, Colon","PAN_Colon_PA.CL_2283_PAN004","Poverty headcount ratio at urban poverty line (% of population)","SI.POV.URHC","","","","","","","","","","","","","","","","","","",
"Panama, Darien","PAN_Darien_PA.DR_93670_PAN006","Poverty headcount ratio at national poverty line (% of population)","SI.POV.NAHC","","","","","","","","","","","","","50.6","50.9","55.3","49.5","52.9","51.1",
"Panama, Darien","PAN_Darien_PA.DR_93670_PAN006","Poverty headcount ratio at rural poverty line (% of population)","SI.POV.RUHC","","","","","","","","","","","","","","","","","","",
"Panama, Darien","PAN_Darien_PA.DR_93670_PAN006","Poverty headcount ratio at urban poverty line (% of population)","SI.POV.URHC","","","","","","","","","","","","","","","","","","",
"Panama, Embera","PAN_Embera_PA.EC_93671_PAN009","Poverty headcount ratio at national poverty line (% of population)","SI.POV.NAHC","","","","","","","","","","","","","","","","72.4","73.2","71.2",
"Panama, Embera","PAN_Embera_PA.EC_93671_PAN009","Poverty headcount ratio at rural poverty line (% of population)","SI.POV.RUHC","","","","","","","","","","","","","","","","","","",
"Panama, Embera","PAN_Embera_PA.EC_93671_PAN009","Poverty headcount ratio at urban poverty line (% of population)","SI.POV.URHC","","","","","","","","","","","","","","","","","","",
"Panama, Herrera","PAN_Herrera_PA.HE_2286_PAN007","Poverty headcount ratio at national poverty line (% of population)","SI.POV.NAHC","","","","","","","","","","","","","36.7","32.7","24.9","20.6","20.8","20.6",
"Panama, Herrera","PAN_Herrera_PA.HE_2286_PAN007","Poverty headcount ratio at rural poverty line (% of population)","SI.POV.RUHC","","","","","","","","","","","","","","","","","","",
"Panama, Herrera","PAN_Herrera_PA.HE_2286_PAN007","Poverty headcount ratio at urban poverty line (% of population)","SI.POV.URHC","","","","","","","","","","","","","","","","","","",
"Panama, Kuna Yala","PAN_Kuna_Yala_PA.KY_2284_PAN005","Poverty headcount ratio at national poverty line (% of population)","SI.POV.NAHC","","","","","","","","","","","","","","","","83.7","81.2","81",
"Panama, Kuna Yala","PAN_Kuna_Yala_PA.KY_2284_PAN005","Poverty headcount ratio at rural poverty line (% of population)","SI.POV.RUHC","","","","","","","","","","","","","","","","","","",
"Panama, Kuna Yala","PAN_Kuna_Yala_PA.KY_2284_PAN005","Poverty headcount ratio at urban poverty line (% of population)","SI.POV.URHC","","","","","","","","","","","","","","","","","","",
"Panama, Los Santos","PAN_Los_Santos_PA.LS_2287_PAN008","Poverty headcount ratio at national poverty line (% of population)","SI.POV.NAHC","","","","","","","","","","","","","30.3","32.5","23.9","16.9","16.8","16.7",
"Panama, Los Santos","PAN_Los_Santos_PA.LS_2287_PAN008","Poverty headcount ratio at rural poverty line (% of population)","SI.POV.RUHC","","","","","","","","","","","","","","","","","","",
"Panama, Los Santos","PAN_Los_Santos_PA.LS_2287_PAN008","Poverty headcount ratio at urban poverty line (% of population)","SI.POV.URHC","","","","","","","","","","","","","","","","","","",
"Panama, Ngabe Bugle","PAN_Ngobe-Bugle_PA.NB_93672_PAN010","Poverty headcount ratio at national poverty line (% of population)","SI.POV.NAHC","","","","","","","","","","","","","","","","91.4","88.7","88.7",
"Panama, Ngabe Bugle","PAN_Ngobe-Bugle_PA.NB_93672_PAN010","Poverty headcount ratio at rural poverty line (% of population)","SI.POV.RUHC","","","","","","","","","","","","","","","","","","",
"Panama, Ngabe Bugle","PAN_Ngobe-Bugle_PA.NB_93672_PAN010","Poverty headcount ratio at urban poverty line (% of population)","SI.POV.URHC","","","","","","","","","","","","","","","","","","",
"Panama, Panama","PAN_Panama_PA.PN_2288_PAN011","Poverty headcount ratio at national poverty line (% of population)","SI.POV.NAHC","","","","","","","","","","","","","21.3","21","17.6","16.4","15.2","14.6",
"Panama, Panama","PAN_Panama_PA.PN_2288_PAN011","Poverty headcount ratio at rural poverty line (% of population)","SI.POV.RUHC","","","","","","","","","","","","","","","","","","",
"Panama, Panama","PAN_Panama_PA.PN_2288_PAN011","Poverty headcount ratio at urban poverty line (% of population)","SI.POV.URHC","","","","","","","","","","","","","","","","","","",
"Panama, Veraguas","PAN_Veraguas_PA.VR_93673_PAN013","Poverty headcount ratio at national poverty line (% of population)","SI.POV.NAHC","","","","","","","","","","","","","52.8","49.5","43.4","42.7","42.2","41.4",
"Panama, Veraguas","PAN_Veraguas_PA.VR_93673_PAN013","Poverty headcount ratio at rural poverty line (% of population)","SI.POV.RUHC","","","","","","","","","","","","","","","","","","",
"Panama, Veraguas","PAN_Veraguas_PA.VR_93673_PAN013","Poverty headcount ratio at urban poverty line (% of population)","SI.POV.URHC","","","","","","","","","","","","","","","","","","",
"Peru, Costa","PER_Costa_AGG233","Poverty headcount ratio at national poverty line (% of population)","SI.POV.NAHC","","","","","","","","","","","","","","","","","","",
"Peru, Costa","PER_Costa_AGG233","Poverty headcount ratio at rural poverty line (% of population)","SI.POV.RUHC","","","","","","","","","69.3","66.9","63.8","53.8","46.6","46.6","38.3","37.1","31.6","",
"Peru, Costa","PER_Costa_AGG233","Poverty headcount ratio at urban poverty line (% of population)","SI.POV.URHC","","","","","","","","","50.8","43.2","37.6","31.7","27.4","23.7","23","18.2","17.5","",
"Peru, Lima Metropolitana","PER_Lima_Metropolitana_AGG234","Poverty headcount ratio at national poverty line (% of population)","SI.POV.NAHC","","","","","","","","","","","","","","","","","","",
"Peru, Lima Metropolitana","PER_Lima_Metropolitana_AGG234","Poverty headcount ratio at rural poverty line (% of population)","SI.POV.RUHC","","","","","","","","","44.6","42.4","32.7","25.1","21.7","16.1","15.8","15.6","14.5","",
"Peru, Lima Metropolitana","PER_Lima_Metropolitana_AGG234","Poverty headcount ratio at urban poverty line (% of population)","SI.POV.URHC","","","","","","","","","44.6","42.4","32.7","25.1","21.7","16.1","15.8","15.6","14.5","",
"Peru, Selva","PER_Selva_AGG235","Poverty headcount ratio at national poverty line (% of population)","SI.POV.NAHC","","","","","","","","","","","","","","","","","","",
"Peru, Selva","PER_Selva_AGG235","Poverty headcount ratio at rural poverty line (% of population)","SI.POV.RUHC","","","","","","","","","81.5","82.4","77.6","69.2","62.5","64.4","55.5","47","46.1","",
"Peru, Selva","PER_Selva_AGG235","Poverty headcount ratio at urban poverty line (% of population)","SI.POV.URHC","","","","","","","","","59.4","58.4","54.6","44","32.7","32.7","27.2","26","22.4","",
"Peru, Sierra","PER_Sierra_AGG230","Poverty headcount ratio at national poverty line (% of population)","SI.POV.NAHC","","","","","","","","","","","","","","","","","","",
"Peru, Sierra","PER_Sierra_AGG230","Poverty headcount ratio at rural poverty line (% of population)","SI.POV.RUHC","","","","","","","","","86.7","85.4","83","79.2","74.9","71","66.7","62.3","58.8","",
"Peru, Sierra","PER_Sierra_AGG230","Poverty headcount ratio at urban poverty line (% of population)","SI.POV.URHC","","","","","","","","","46.9","44","37.1","31.8","26.7","23.2","21","18.7","17","",
"Poland, Centralny","POL_Centralny_AGG054","Poverty headcount ratio at national poverty line (% of population)","SI.POV.NAHC","","","","","","","","","","","","","","","","15.2","","",
"Poland, Centralny","POL_Centralny_AGG054","Poverty headcount ratio at rural poverty line (% of population)","SI.POV.RUHC","","","","","","","","","","","","","","","","","","",
"Poland, Centralny","POL_Centralny_AGG054","Poverty headcount ratio at urban poverty line (% of population)","SI.POV.URHC","","","","","","","","","","","","","","","","","","",
"Poland, Pólnocno-Zachodni","POL_Polnocno-Zachodni_AGG049","Poverty headcount ratio at national poverty line (% of population)","SI.POV.NAHC","","","","","","","","","","","","","","","","16.4","","",
"Poland, Pólnocno-Zachodni","POL_Polnocno-Zachodni_AGG049","Poverty headcount ratio at rural poverty line (% of population)","SI.POV.RUHC","","","","","","","","","","","","","","","","","","",
"Poland, Pólnocno-Zachodni","POL_Polnocno-Zachodni_AGG049","Poverty headcount ratio at urban poverty line (% of population)","SI.POV.URHC","","","","","","","","","","","","","","","","","","",
"Poland, Pólnocny","POL_Polnocny_AGG050","Poverty headcount ratio at national poverty line (% of population)","SI.POV.NAHC","","","","","","","","","","","","","","","","16.9","","",
"Poland, Pólnocny","POL_Polnocny_AGG050","Poverty headcount ratio at rural poverty line (% of population)","SI.POV.RUHC","","","","","","","","","","","","","","","","","","",
"Poland, Pólnocny","POL_Polnocny_AGG050","Poverty headcount ratio at urban poverty line (% of population)","SI.POV.URHC","","","","","","","","","","","","","","","","","","",
"Poland, Poludniowo-Zachodni","POL_Poludniowo-Zachodni_AGG051","Poverty headcount ratio at national poverty line (% of population)","SI.POV.NAHC","","","","","","","","","","","","","","","","14.1","","",
"Poland, Poludniowo-Zachodni","POL_Poludniowo-Zachodni_AGG051","Poverty headcount ratio at rural poverty line (% of population)","SI.POV.RUHC","","","","","","","","","","","","","","","","","","",
"Poland, Poludniowo-Zachodni","POL_Poludniowo-Zachodni_AGG051","Poverty headcount ratio at urban poverty line (% of population)","SI.POV.URHC","","","","","","","","","","","","","","","","","","",
"Poland, Poludniowy","POL_Poludniowy_AGG052","Poverty headcount ratio at national poverty line (% of population)","SI.POV.NAHC","","","","","","","","","","","","","","","","14.4","","",
"Poland, Poludniowy","POL_Poludniowy_AGG052","Poverty headcount ratio at rural poverty line (% of population)","SI.POV.RUHC","","","","","","","","","","","","","","","","","","",
"Poland, Poludniowy","POL_Poludniowy_AGG052","Poverty headcount ratio at urban poverty line (% of population)","SI.POV.URHC","","","","","","","","","","","","","","","","","","",
"Poland, Wschodni","POL_Wschodni_AGG053","Poverty headcount ratio at national poverty line (% of population)","SI.POV.NAHC","","","","","","","","","","","","","","","","24.9","","",
"Poland, Wschodni","POL_Wschodni_AGG053","Poverty headcount ratio at rural poverty line (% of population)","SI.POV.RUHC","","","","","","","","","","","","","","","","","","",
"Poland, Wschodni","POL_Wschodni_AGG053","Poverty headcount ratio at urban poverty line (% of population)","SI.POV.URHC","","","","","","","","","","","","","","","","","","",
"West Bank and Gaza, Gaza strip","PSE_Gaza_strip_AGG1292","Poverty headcount ratio at national poverty line (% of population)","SI.POV.NAHC","","","","","","","","44.7","","43.7","50.7","","","38.3","38","38.8","","",
"West Bank and Gaza, Gaza strip","PSE_Gaza_strip_AGG1292","Poverty headcount ratio at rural poverty line (% of population)","SI.POV.RUHC","","","","","","","","","","","","","","","","","","",
"West Bank and Gaza, Gaza strip","PSE_Gaza_strip_AGG1292","Poverty headcount ratio at urban poverty line (% of population)","SI.POV.URHC","","","","","","","","","","","","","","","","","","",
"West Bank and Gaza, West Bank","PSE_West_Bank_AGG3405","Poverty headcount ratio at national poverty line (% of population)","SI.POV.NAHC","","","","","","","","30.9","","22.3","24","","","19.4","18.3","17.8","","",
"West Bank and Gaza, West Bank","PSE_West_Bank_AGG3405","Poverty headcount ratio at rural poverty line (% of population)","SI.POV.RUHC","","","","","","","","","","","","","","","","","","",
"West Bank and Gaza, West Bank","PSE_West_Bank_AGG3405","Poverty headcount ratio at urban poverty line (% of population)","SI.POV.URHC","","","","","","","","","","","","","","","","","","",
"Romania, Bucuresti-Ilfov","ROU_Bucuresti-Ilfov_AGG056","Poverty headcount ratio at national poverty line (% of population)","SI.POV.NAHC","","","","","","","","","","","","","","","3.4","2.7","","",
"Romania, Bucuresti-Ilfov","ROU_Bucuresti-Ilfov_AGG056","Poverty headcount ratio at rural poverty line (% of population)","SI.POV.RUHC","","","","","","","","","","","","","","","","","","",
"Romania, Bucuresti-Ilfov","ROU_Bucuresti-Ilfov_AGG056","Poverty headcount ratio at urban poverty line (% of population)","SI.POV.URHC","","","","","","","","","","","","","","","","","","",
"Romania, Central","ROU_Center_AGG057","Poverty headcount ratio at national poverty line (% of population)","SI.POV.NAHC","","","","","","","","","","","","","","","18","18.6","","",
"Romania, Central","ROU_Center_AGG057","Poverty headcount ratio at rural poverty line (% of population)","SI.POV.RUHC","","","","","","","","","","","","","","","","","","",
"Romania, Central","ROU_Center_AGG057","Poverty headcount ratio at urban poverty line (% of population)","SI.POV.URHC","","","","","","","","","","","","","","","","","","",
"Romania, Northeast","ROU_Northeast_AGG058","Poverty headcount ratio at national poverty line (% of population)","SI.POV.NAHC","","","","","","","","","","","","","","","32.4","33.7","","",
"Romania, Northeast","ROU_Northeast_AGG058","Poverty headcount ratio at rural poverty line (% of population)","SI.POV.RUHC","","","","","","","","","","","","","","","","","","",
"Romania, Northeast","ROU_Northeast_AGG058","Poverty headcount ratio at urban poverty line (% of population)","SI.POV.URHC","","","","","","","","","","","","","","","","","","",
"Romania, Northwest","ROU_Northwest_AGG059","Poverty headcount ratio at national poverty line (% of population)","SI.POV.NAHC","","","","","","","","","","","","","","","20","15.9","","",
"Romania, Northwest","ROU_Northwest_AGG059","Poverty headcount ratio at rural poverty line (% of population)","SI.POV.RUHC","","","","","","","","","","","","","","","","","","",
"Romania, Northwest","ROU_Northwest_AGG059","Poverty headcount ratio at urban poverty line (% of population)","SI.POV.URHC","","","","","","","","","","","","","","","","","","",
"Romania, South","ROU_South_AGG060","Poverty headcount ratio at national poverty line (% of population)","SI.POV.NAHC","","","","","","","","","","","","","","","21.6","22.1","","",
"Romania, South","ROU_South_AGG060","Poverty headcount ratio at rural poverty line (% of population)","SI.POV.RUHC","","","","","","","","","","","","","","","","","","",
"Romania, South","ROU_South_AGG060","Poverty headcount ratio at urban poverty line (% of population)","SI.POV.URHC","","","","","","","","","","","","","","","","","","",
"Romania, Southeast","ROU_Southeast_AGG061","Poverty headcount ratio at national poverty line (% of population)","SI.POV.NAHC","","","","","","","","","","","","","","","28","29.7","","",
"Romania, Southeast","ROU_Southeast_AGG061","Poverty headcount ratio at rural poverty line (% of population)","SI.POV.RUHC","","","","","","","","","","","","","","","","","","",
"Romania, Southeast","ROU_Southeast_AGG061","Poverty headcount ratio at urban poverty line (% of population)","SI.POV.URHC","","","","","","","","","","","","","","","","","","",
"Romania, Southwest (Oltenia)","ROU_Southwest_AGG062","Poverty headcount ratio at national poverty line (% of population)","SI.POV.NAHC","","","","","","","","","","","","","","","28.9","29.9","","",
"Romania, Southwest (Oltenia)","ROU_Southwest_AGG062","Poverty headcount ratio at rural poverty line (% of population)","SI.POV.RUHC","","","","","","","","","","","","","","","","","","",
"Romania, Southwest (Oltenia)","ROU_Southwest_AGG062","Poverty headcount ratio at urban poverty line (% of population)","SI.POV.URHC","","","","","","","","","","","","","","","","","","",
"Romania, West","ROU_West_AGG063","Poverty headcount ratio at national poverty line (% of population)","SI.POV.NAHC","","","","","","","","","","","","","","","18.8","20.5","","",
"Romania, West","ROU_West_AGG063","Poverty headcount ratio at rural poverty line (% of population)","SI.POV.RUHC","","","","","","","","","","","","","","","","","","",
"Romania, West","ROU_West_AGG063","Poverty headcount ratio at urban poverty line (% of population)","SI.POV.URHC","","","","","","","","","","","","","","","","","","",
"Russian Federation, Adygeya Rep.","RUS_Adygeya_Rep._RU.AD_2487_RUS001","Poverty headcount ratio at national poverty line (% of population)","SI.POV.NAHC","","","","","","","","","","","","","","","","14.6","11.3","",
"Russian Federation, Adygeya Rep.","RUS_Adygeya_Rep._RU.AD_2487_RUS001","Poverty headcount ratio at rural poverty line (% of population)","SI.POV.RUHC","","","","","","","","","","","","","","","","","","",
"Russian Federation, Adygeya Rep.","RUS_Adygeya_Rep._RU.AD_2487_RUS001","Poverty headcount ratio at urban poverty line (% of population)","SI.POV.URHC","","","","","","","","","","","","","","","","","","",
"Russian Federation, Altay Rep.","RUS_Altay_Rep._RU.AL_2489_RUS003","Poverty headcount ratio at national poverty line (% of population)","SI.POV.NAHC","","","","","","","","","","","","","","","","18.6","18.5","",
"Russian Federation, Altay Rep.","RUS_Altay_Rep._RU.AL_2489_RUS003","Poverty headcount ratio at rural poverty line (% of population)","SI.POV.RUHC","","","","","","","","","","","","","","","","","","",
"Russian Federation, Altay Rep.","RUS_Altay_Rep._RU.AL_2489_RUS003","Poverty headcount ratio at urban poverty line (% of population)","SI.POV.URHC","","","","","","","","","","","","","","","","","","",
"Russian Federation, Altayskiy Kray","RUS_Altayskiy_Kray_RU.AK_2490_RUS004","Poverty headcount ratio at national poverty line (% of population)","SI.POV.NAHC","","","","","","","","","","","","","","","","22.6","20.6","",
"Russian Federation, Altayskiy Kray","RUS_Altayskiy_Kray_RU.AK_2490_RUS004","Poverty headcount ratio at rural poverty line (% of population)","SI.POV.RUHC","","","","","","","","","","","","","","","","","","",
"Russian Federation, Altayskiy Kray","RUS_Altayskiy_Kray_RU.AK_2490_RUS004","Poverty headcount ratio at urban poverty line (% of population)","SI.POV.URHC","","","","","","","","","","","","","","","","","","",
"Russian Federation, Amurskaya Oblast","RUS_Amurskaya_Oblast_RU.AO_2491_RUS005","Poverty headcount ratio at national poverty line (% of population)","SI.POV.NAHC","","","","","","","","","","","","","","","","20.4","16","",
"Russian Federation, Amurskaya Oblast","RUS_Amurskaya_Oblast_RU.AO_2491_RUS005","Poverty headcount ratio at rural poverty line (% of population)","SI.POV.RUHC","","","","","","","","","","","","","","","","","","",
"Russian Federation, Amurskaya Oblast","RUS_Amurskaya_Oblast_RU.AO_2491_RUS005","Poverty headcount ratio at urban poverty line (% of population)","SI.POV.URHC","","","","","","","","","","","","","","","","","","",
"Russian Federation, Arkhangelskaya Oblast","RUS_Arkhangelskaya_Oblast_RU.AR_2492_RUS006","Poverty headcount ratio at national poverty line (% of population)","SI.POV.NAHC","","","","","","","","","","","","","","","","14","13","",
"Russian Federation, Arkhangelskaya Oblast","RUS_Arkhangelskaya_Oblast_RU.AR_2492_RUS006","Poverty headcount ratio at rural poverty line (% of population)","SI.POV.RUHC","","","","","","","","","","","","","","","","","","",
"Russian Federation, Arkhangelskaya Oblast","RUS_Arkhangelskaya_Oblast_RU.AR_2492_RUS006","Poverty headcount ratio at urban poverty line (% of population)","SI.POV.URHC","","","","","","","","","","","","","","","","","","",
"Russian Federation, Astrakhanskaya oblast","RUS_Astrakhanskaya_Oblast_RU.AS_2493_RUS007","Poverty headcount ratio at national poverty line (% of population)","SI.POV.NAHC","","","","","","","","","","","","","","","","14.2","12.5","",
"Russian Federation, Astrakhanskaya oblast","RUS_Astrakhanskaya_Oblast_RU.AS_2493_RUS007","Poverty headcount ratio at rural poverty line (% of population)","SI.POV.RUHC","","","","","","","","","","","","","","","","","","",
"Russian Federation, Astrakhanskaya oblast","RUS_Astrakhanskaya_Oblast_RU.AS_2493_RUS007","Poverty headcount ratio at urban poverty line (% of population)","SI.POV.URHC","","","","","","","","","","","","","","","","","","",
"Russian Federation, Bashkortostan Rep.","RUS_Bashkortostan_Rep._RU.BA_2494_RUS008","Poverty headcount ratio at national poverty line (% of population)","SI.POV.NAHC","","","","","","","","","","","","","","","","12.6","10.3","",
"Russian Federation, Bashkortostan Rep.","RUS_Bashkortostan_Rep._RU.BA_2494_RUS008","Poverty headcount ratio at rural poverty line (% of population)","SI.POV.RUHC","","","","","","","","","","","","","","","","","","",
"Russian Federation, Bashkortostan Rep.","RUS_Bashkortostan_Rep._RU.BA_2494_RUS008","Poverty headcount ratio at urban poverty line (% of population)","SI.POV.URHC","","","","","","","","","","","","","","","","","","",
"Russian Federation, Belgorodskaya oblast","RUS_Belgorodskaya_Oblast_RU.BE_2495_RUS009","Poverty headcount ratio at national poverty line (% of population)","SI.POV.NAHC","","","","","","","","","","","","","","","","8.6","6.5","",
"Russian Federation, Belgorodskaya oblast","RUS_Belgorodskaya_Oblast_RU.BE_2495_RUS009","Poverty headcount ratio at rural poverty line (% of population)","SI.POV.RUHC","","","","","","","","","","","","","","","","","","",
"Russian Federation, Belgorodskaya oblast","RUS_Belgorodskaya_Oblast_RU.BE_2495_RUS009","Poverty headcount ratio at urban poverty line (% of population)","SI.POV.URHC","","","","","","","","","","","","","","","","","","",
"Russian Federation, Bryanskaya oblast","RUS_Bryanskaya_Oblast_RU.BR_2496_RUS010","Poverty headcount ratio at national poverty line (% of population)","SI.POV.NAHC","","","","","","","","","","","","","","","","12.6","10.5","",
"Russian Federation, Bryanskaya oblast","RUS_Bryanskaya_Oblast_RU.BR_2496_RUS010","Poverty headcount ratio at rural poverty line (% of population)","SI.POV.RUHC","","","","","","","","","","","","","","","","","","",
"Russian Federation, Bryanskaya oblast","RUS_Bryanskaya_Oblast_RU.BR_2496_RUS010","Poverty headcount ratio at urban poverty line (% of population)","SI.POV.URHC","","","","","","","","","","","","","","","","","","",
"Russian Federation, Buryatiya Rep.","RUS_Buryatiya_Rep._RU.BU_2497_RUS011","Poverty headcount ratio at national poverty line (% of population)","SI.POV.NAHC","","","","","","","","","","","","","","","","20.1","17.7","",
"Russian Federation, Buryatiya Rep.","RUS_Buryatiya_Rep._RU.BU_2497_RUS011","Poverty headcount ratio at rural poverty line (% of population)","SI.POV.RUHC","","","","","","","","","","","","","","","","","","",
"Russian Federation, Buryatiya Rep.","RUS_Buryatiya_Rep._RU.BU_2497_RUS011","Poverty headcount ratio at urban poverty line (% of population)","SI.POV.URHC","","","","","","","","","","","","","","","","","","",
"Russian Federation, Chechnya Rep.","RUS_Chechnya_Rep._RU.CH_2498_RUS012","Poverty headcount ratio at national poverty line (% of population)","SI.POV.NAHC","","","","","","","","","","","","","","","","","21.7","",
"Russian Federation, Chechnya Rep.","RUS_Chechnya_Rep._RU.CH_2498_RUS012","Poverty headcount ratio at rural poverty line (% of population)","SI.POV.RUHC","","","","","","","","","","","","","","","","","","",
"Russian Federation, Chechnya Rep.","RUS_Chechnya_Rep._RU.CH_2498_RUS012","Poverty headcount ratio at urban poverty line (% of population)","SI.POV.URHC","","","","","","","","","","","","","","","","","","",
"Russian Federation, Chelyabinskaya oblast","RUS_Chelyabinskaya_Oblast_RU.CE_2499_RUS013","Poverty headcount ratio at national poverty line (% of population)","SI.POV.NAHC","","","","","","","","","","","","","","","","10.8","10.1","",
"Russian Federation, Chelyabinskaya oblast","RUS_Chelyabinskaya_Oblast_RU.CE_2499_RUS013","Poverty headcount ratio at rural poverty line (% of population)","SI.POV.RUHC","","","","","","","","","","","","","","","","","","",
"Russian Federation, Chelyabinskaya oblast","RUS_Chelyabinskaya_Oblast_RU.CE_2499_RUS013","Poverty headcount ratio at urban poverty line (% of population)","SI.POV.URHC","","","","","","","","","","","","","","","","","","",
"Russian Federation, Chukotskiy Okrug","RUS_Chukotskiy_Okrug_RU.CU_2501_RUS015","Poverty headcount ratio at national poverty line (% of population)","SI.POV.NAHC","","","","","","","","","","","","","","","","9","7.7","",
"Russian Federation, Chukotskiy Okrug","RUS_Chukotskiy_Okrug_RU.CU_2501_RUS015","Poverty headcount ratio at rural poverty line (% of population)","SI.POV.RUHC","","","","","","","","","","","","","","","","","","",
"Russian Federation, Chukotskiy Okrug","RUS_Chukotskiy_Okrug_RU.CU_2501_RUS015","Poverty headcount ratio at urban poverty line (% of population)","SI.POV.URHC","","","","","","","","","","","","","","","","","","",
"Russian Federation, Chuvashiya Rep.","RUS_Chuvashiya_Rep._RU.CV_2502_RUS016","Poverty headcount ratio at national poverty line (% of population)","SI.POV.NAHC","","","","","","","","","","","","","","","","19.3","16","",
"Russian Federation, Chuvashiya Rep.","RUS_Chuvashiya_Rep._RU.CV_2502_RUS016","Poverty headcount ratio at rural poverty line (% of population)","SI.POV.RUHC","","","","","","","","","","","","","","","","","","",
"Russian Federation, Chuvashiya Rep.","RUS_Chuvashiya_Rep._RU.CV_2502_RUS016","Poverty headcount ratio at urban poverty line (% of population)","SI.POV.URHC","","","","","","","","","","","","","","","","","","",
"Russian Federation, Dagestan Rep.","RUS_Dagestan_Rep._RU.DA_2503_RUS017","Poverty headcount ratio at national poverty line (% of population)","SI.POV.NAHC","","","","","","","","","","","","","","","","8.3","7","",
"Russian Federation, Dagestan Rep.","RUS_Dagestan_Rep._RU.DA_2503_RUS017","Poverty headcount ratio at rural poverty line (% of population)","SI.POV.RUHC","","","","","","","","","","","","","","","","","","",
"Russian Federation, Dagestan Rep.","RUS_Dagestan_Rep._RU.DA_2503_RUS017","Poverty headcount ratio at urban poverty line (% of population)","SI.POV.URHC","","","","","","","","","","","","","","","","","","",
"Russian Federation, Evenkiyskiy Okrug","RUS_Evenkiyskiy_Okrug_RU.EO_2504_RUS018","Poverty headcount ratio at national poverty line (% of population)","SI.POV.NAHC","","","","","","","","","","","","","","","","20.1","18.8","",
"Russian Federation, Evenkiyskiy Okrug","RUS_Evenkiyskiy_Okrug_RU.EO_2504_RUS018","Poverty headcount ratio at rural poverty line (% of population)","SI.POV.RUHC","","","","","","","","","","","","","","","","","","",
"Russian Federation, Evenkiyskiy Okrug","RUS_Evenkiyskiy_Okrug_RU.EO_2504_RUS018","Poverty headcount ratio at urban poverty line (% of population)","SI.POV.URHC","","","","","","","","","","","","","","","","","","",
"Russian Federation, Ingushetiya Rep.","RUS_Ingushetiya_Rep._RU.IR_2505_RUS019","Poverty headcount ratio at national poverty line (% of population)","SI.POV.NAHC","","","","","","","","","","","","","","","","18.5","17.1","",
"Russian Federation, Ingushetiya Rep.","RUS_Ingushetiya_Rep._RU.IR_2505_RUS019","Poverty headcount ratio at rural poverty line (% of population)","SI.POV.RUHC","","","","","","","","","","","","","","","","","","",
"Russian Federation, Ingushetiya Rep.","RUS_Ingushetiya_Rep._RU.IR_2505_RUS019","Poverty headcount ratio at urban poverty line (% of population)","SI.POV.URHC","","","","","","","","","","","","","","","","","","",
"Russian Federation, Irkutskaya Oblast","RUS_Irkutskaya_Oblast_RU.IK_2506_RUS020","Poverty headcount ratio at national poverty line (% of population)","SI.POV.NAHC","","","","","","","","","","","","","","","","19.2","16.8","",
"Russian Federation, Irkutskaya Oblast","RUS_Irkutskaya_Oblast_RU.IK_2506_RUS020","Poverty headcount ratio at rural poverty line (% of population)","SI.POV.RUHC","","","","","","","","","","","","","","","","","","",
"Russian Federation, Irkutskaya Oblast","RUS_Irkutskaya_Oblast_RU.IK_2506_RUS020","Poverty headcount ratio at urban poverty line (% of population)","SI.POV.URHC","","","","","","","","","","","","","","","","","","",
"Russian Federation, Ivanovskaya Oblast","RUS_Ivanovskaya_Oblast_RU.IV_2507_RUS021","Poverty headcount ratio at national poverty line (% of population)","SI.POV.NAHC","","","","","","","","","","","","","","","","19","13.8","",
"Russian Federation, Ivanovskaya Oblast","RUS_Ivanovskaya_Oblast_RU.IV_2507_RUS021","Poverty headcount ratio at rural poverty line (% of population)","SI.POV.RUHC","","","","","","","","","","","","","","","","","","",
"Russian Federation, Ivanovskaya Oblast","RUS_Ivanovskaya_Oblast_RU.IV_2507_RUS021","Poverty headcount ratio at urban poverty line (% of population)","SI.POV.URHC","","","","","","","","","","","","","","","","","","",
"Russian Federation, Kabardino-balkariya Rep.","RUS_Kabardino-balkariya_Rep._RU.KB_2508_RUS022","Poverty headcount ratio at national poverty line (% of population)","SI.POV.NAHC","","","","","","","","","","","","","","","","15.3","14.2","",
"Russian Federation, Kabardino-balkariya Rep.","RUS_Kabardino-balkariya_Rep._RU.KB_2508_RUS022","Poverty headcount ratio at rural poverty line (% of population)","SI.POV.RUHC","","","","","","","","","","","","","","","","","","",
"Russian Federation, Kabardino-balkariya Rep.","RUS_Kabardino-balkariya_Rep._RU.KB_2508_RUS022","Poverty headcount ratio at urban poverty line (% of population)","SI.POV.URHC","","","","","","","","","","","","","","","","","","",
"Russian Federation, Kaliningradskaya Oblast","RUS_Kaliningradskaya_Oblast_RU.KO_2509_RUS023","Poverty headcount ratio at national poverty line (% of population)","SI.POV.NAHC","","","","","","","","","","","","","","","","12.7","10.8","",
"Russian Federation, Kaliningradskaya Oblast","RUS_Kaliningradskaya_Oblast_RU.KO_2509_RUS023","Poverty headcount ratio at rural poverty line (% of population)","SI.POV.RUHC","","","","","","","","","","","","","","","","","","",
"Russian Federation, Kaliningradskaya Oblast","RUS_Kaliningradskaya_Oblast_RU.KO_2509_RUS023","Poverty headcount ratio at urban poverty line (% of population)","SI.POV.URHC","","","","","","","","","","","","","","","","","","",
"Russian Federation, Kalmykiya Rep.","RUS_Kalmykiya_Rep._RU.KA_2510_RUS024","Poverty headcount ratio at national poverty line (% of population)","SI.POV.NAHC","","","","","","","","","","","","","","","","35.8","30.7","",
"Russian Federation, Kalmykiya Rep.","RUS_Kalmykiya_Rep._RU.KA_2510_RUS024","Poverty headcount ratio at rural poverty line (% of population)","SI.POV.RUHC","","","","","","","","","","","","","","","","","","",
"Russian Federation, Kalmykiya Rep.","RUS_Kalmykiya_Rep._RU.KA_2510_RUS024","Poverty headcount ratio at urban poverty line (% of population)","SI.POV.URHC","","","","","","","","","","","","","","","","","","",
"Russian Federation, Kaluzhskaya Oblast","RUS_Kaluzhskaya_Oblast_RU.KU_2511_RUS025","Poverty headcount ratio at national poverty line (% of population)","SI.POV.NAHC","","","","","","","","","","","","","","","","11.1","8.5","",
"Russian Federation, Kaluzhskaya Oblast","RUS_Kaluzhskaya_Oblast_RU.KU_2511_RUS025","Poverty headcount ratio at rural poverty line (% of population)","SI.POV.RUHC","","","","","","","","","","","","","","","","","","",
"Russian Federation, Kaluzhskaya Oblast","RUS_Kaluzhskaya_Oblast_RU.KU_2511_RUS025","Poverty headcount ratio at urban poverty line (% of population)","SI.POV.URHC","","","","","","","","","","","","","","","","","","",
"Russian Federation, Kamchatskaya Oblast","RUS_Kamchatskaya_Oblast_RU.KM_2512_RUS026","Poverty headcount ratio at national poverty line (% of population)","SI.POV.NAHC","","","","","","","","","","","","","","","","19.2","17.8","",
"Russian Federation, Kamchatskaya Oblast","RUS_Kamchatskaya_Oblast_RU.KM_2512_RUS026","Poverty headcount ratio at rural poverty line (% of population)","SI.POV.RUHC","","","","","","","","","","","","","","","","","","",
"Russian Federation, Kamchatskaya Oblast","RUS_Kamchatskaya_Oblast_RU.KM_2512_RUS026","Poverty headcount ratio at urban poverty line (% of population)","SI.POV.URHC","","","","","","","","","","","","","","","","","","",
"Russian Federation, Karatchayevo-cherkesiya Rep.","RUS_Karatchayevo-cherkesiya_Rep._RU.KC_2513_RUS027","Poverty headcount ratio at national poverty line (% of population)","SI.POV.NAHC","","","","","","","","","","","","","","","","18.8","16","",
"Russian Federation, Karatchayevo-cherkesiya Rep.","RUS_Karatchayevo-cherkesiya_Rep._RU.KC_2513_RUS027","Poverty headcount ratio at rural poverty line (% of population)","SI.POV.RUHC","","","","","","","","","","","","","","","","","","",
"Russian Federation, Karatchayevo-cherkesiya Rep.","RUS_Karatchayevo-cherkesiya_Rep._RU.KC_2513_RUS027","Poverty headcount ratio at urban poverty line (% of population)","SI.POV.URHC","","","","","","","","","","","","","","","","","","",
"Russian Federation, Karelya Rep.","RUS_Karelya_Rep._RU.KR_2514_RUS028","Poverty headcount ratio at national poverty line (% of population)","SI.POV.NAHC","","","","","","","","","","","","","","","","15.7","13.6","",
"Russian Federation, Karelya Rep.","RUS_Karelya_Rep._RU.KR_2514_RUS028","Poverty headcount ratio at rural poverty line (% of population)","SI.POV.RUHC","","","","","","","","","","","","","","","","","","",
"Russian Federation, Karelya Rep.","RUS_Karelya_Rep._RU.KR_2514_RUS028","Poverty headcount ratio at urban poverty line (% of population)","SI.POV.URHC","","","","","","","","","","","","","","","","","","",
"Russian Federation, Kemerovskaya Oblast","RUS_Kemerovskaya_Oblast_RU.KL_2515_RUS029","Poverty headcount ratio at national poverty line (% of population)","SI.POV.NAHC","","","","","","","","","","","","","","","","11.6","10.6","",
"Russian Federation, Kemerovskaya Oblast","RUS_Kemerovskaya_Oblast_RU.KL_2515_RUS029","Poverty headcount ratio at rural poverty line (% of population)","SI.POV.RUHC","","","","","","","","","","","","","","","","","","",
"Russian Federation, Kemerovskaya Oblast","RUS_Kemerovskaya_Oblast_RU.KL_2515_RUS029","Poverty headcount ratio at urban poverty line (% of population)","SI.POV.URHC","","","","","","","","","","","","","","","","","","",
"Russian Federation, Khabarovskiy Kray","RUS_Khabarovskiy_Kray_RU.KH_2516_RUS030","Poverty headcount ratio at national poverty line (% of population)","SI.POV.NAHC","","","","","","","","","","","","","","","","15.8","14.3","",
"Russian Federation, Khabarovskiy Kray","RUS_Khabarovskiy_Kray_RU.KH_2516_RUS030","Poverty headcount ratio at rural poverty line (% of population)","SI.POV.RUHC","","","","","","","","","","","","","","","","","","",
"Russian Federation, Khabarovskiy Kray","RUS_Khabarovskiy_Kray_RU.KH_2516_RUS030","Poverty headcount ratio at urban poverty line (% of population)","SI.POV.URHC","","","","","","","","","","","","","","","","","","",
"Russian Federation, Khakasiya Rep.","RUS_Khakasiya_Rep._RU.KS_2517_RUS031","Poverty headcount ratio at national poverty line (% of population)","SI.POV.NAHC","","","","","","","","","","","","","","","","18.6","16.3","",
"Russian Federation, Khakasiya Rep.","RUS_Khakasiya_Rep._RU.KS_2517_RUS031","Poverty headcount ratio at rural poverty line (% of population)","SI.POV.RUHC","","","","","","","","","","","","","","","","","","",
"Russian Federation, Khakasiya Rep.","RUS_Khakasiya_Rep._RU.KS_2517_RUS031","Poverty headcount ratio at urban poverty line (% of population)","SI.POV.URHC","","","","","","","","","","","","","","","","","","",
"Russian Federation, Khanty-mansyiskiy Okrug","RUS_Khanty-mansyiskiy_Okrug_RU.KY_2518_RUS032","Poverty headcount ratio at national poverty line (% of population)","SI.POV.NAHC","","","","","","","","","","","","","","","","10.6","9.8","",
"Russian Federation, Khanty-mansyiskiy Okrug","RUS_Khanty-mansyiskiy_Okrug_RU.KY_2518_RUS032","Poverty headcount ratio at rural poverty line (% of population)","SI.POV.RUHC","","","","","","","","","","","","","","","","","","",
"Russian Federation, Khanty-mansyiskiy Okrug","RUS_Khanty-mansyiskiy_Okrug_RU.KY_2518_RUS032","Poverty headcount ratio at urban poverty line (% of population)","SI.POV.URHC","","","","","","","","","","","","","","","","","","",
"Russian Federation, Kirovskaya Oblast","RUS_Kirovskaya_Oblast_RU.KV_2519_RUS033","Poverty headcount ratio at national poverty line (% of population)","SI.POV.NAHC","","","","","","","","","","","","","","","","15","12.4","",
"Russian Federation, Kirovskaya Oblast","RUS_Kirovskaya_Oblast_RU.KV_2519_RUS033","Poverty headcount ratio at rural poverty line (% of population)","SI.POV.RUHC","","","","","","","","","","","","","","","","","","",
"Russian Federation, Kirovskaya Oblast","RUS_Kirovskaya_Oblast_RU.KV_2519_RUS033","Poverty headcount ratio at urban poverty line (% of population)","SI.POV.URHC","","","","","","","","","","","","","","","","","","",
"Russian Federation, Komi Rep.","RUS_Komi_Rep._RU.KI_2520_RUS034","Poverty headcount ratio at national poverty line (% of population)","SI.POV.NAHC","","","","","","","","","","","","","","","","16.3","13.4","",
"Russian Federation, Komi Rep.","RUS_Komi_Rep._RU.KI_2520_RUS034","Poverty headcount ratio at rural poverty line (% of population)","SI.POV.RUHC","","","","","","","","","","","","","","","","","","",
"Russian Federation, Komi Rep.","RUS_Komi_Rep._RU.KI_2520_RUS034","Poverty headcount ratio at urban poverty line (% of population)","SI.POV.URHC","","","","","","","","","","","","","","","","","","",
"Russian Federation, Kostromskaya Oblast","RUS_Kostromskaya_Oblast_RU.OB_2523_RUS037","Poverty headcount ratio at national poverty line (% of population)","SI.POV.NAHC","","","","","","","","","","","","","","","","16.5","15.1","",
"Russian Federation, Kostromskaya Oblast","RUS_Kostromskaya_Oblast_RU.OB_2523_RUS037","Poverty headcount ratio at rural poverty line (% of population)","SI.POV.RUHC","","","","","","","","","","","","","","","","","","",
"Russian Federation, Kostromskaya Oblast","RUS_Kostromskaya_Oblast_RU.OB_2523_RUS037","Poverty headcount ratio at urban poverty line (% of population)","SI.POV.URHC","","","","","","","","","","","","","","","","","","",
"Russian Federation, Krasnodarskiy Kray","RUS_Krasnodarskiy_Kray_RU.KN_2524_RUS038","Poverty headcount ratio at national poverty line (% of population)","SI.POV.NAHC","","","","","","","","","","","","","","","","13.5","11.2","",
"Russian Federation, Krasnodarskiy Kray","RUS_Krasnodarskiy_Kray_RU.KN_2524_RUS038","Poverty headcount ratio at rural poverty line (% of population)","SI.POV.RUHC","","","","","","","","","","","","","","","","","","",
"Russian Federation, Krasnodarskiy Kray","RUS_Krasnodarskiy_Kray_RU.KN_2524_RUS038","Poverty headcount ratio at urban poverty line (% of population)","SI.POV.URHC","","","","","","","","","","","","","","","","","","",
"Russian Federation, Krasnoyarskiy Kray","RUS_Krasnoyarskiy_Kray_RU.KK_2525_RUS039","Poverty headcount ratio at national poverty line (% of population)","SI.POV.NAHC","","","","","","","","","","","","","","","","18.1","15.6","",
"Russian Federation, Krasnoyarskiy Kray","RUS_Krasnoyarskiy_Kray_RU.KK_2525_RUS039","Poverty headcount ratio at rural poverty line (% of population)","SI.POV.RUHC","","","","","","","","","","","","","","","","","","",
"Russian Federation, Krasnoyarskiy Kray","RUS_Krasnoyarskiy_Kray_RU.KK_2525_RUS039","Poverty headcount ratio at urban poverty line (% of population)","SI.POV.URHC","","","","","","","","","","","","","","","","","","",
"Russian Federation, Kurganskaya Oblast","RUS_Kurganskaya_Oblast_RU.KG_2526_RUS040","Poverty headcount ratio at national poverty line (% of population)","SI.POV.NAHC","","","","","","","","","","","","","","","","18.5","15.6","",
"Russian Federation, Kurganskaya Oblast","RUS_Kurganskaya_Oblast_RU.KG_2526_RUS040","Poverty headcount ratio at rural poverty line (% of population)","SI.POV.RUHC","","","","","","","","","","","","","","","","","","",
"Russian Federation, Kurganskaya Oblast","RUS_Kurganskaya_Oblast_RU.KG_2526_RUS040","Poverty headcount ratio at urban poverty line (% of population)","SI.POV.URHC","","","","","","","","","","","","","","","","","","",
"Russian Federation, Kurskaya Oblast","RUS_Kurskaya_Oblast_RU.KT_2527_RUS041","Poverty headcount ratio at national poverty line (% of population)","SI.POV.NAHC","","","","","","","","","","","","","","","","10.4","8.2","",
"Russian Federation, Kurskaya Oblast","RUS_Kurskaya_Oblast_RU.KT_2527_RUS041","Poverty headcount ratio at rural poverty line (% of population)","SI.POV.RUHC","","","","","","","","","","","","","","","","","","",
"Russian Federation, Kurskaya Oblast","RUS_Kurskaya_Oblast_RU.KT_2527_RUS041","Poverty headcount ratio at urban poverty line (% of population)","SI.POV.URHC","","","","","","","","","","","","","","","","","","",
"Russian Federation, Leningradskaya Oblast","RUS_Leningradskaya_Oblast_RU.LE_2529_RUS042","Poverty headcount ratio at national poverty line (% of population)","SI.POV.NAHC","","","","","","","","","","","","","","","","13","11.9","",
"Russian Federation, Leningradskaya Oblast","RUS_Leningradskaya_Oblast_RU.LE_2529_RUS042","Poverty headcount ratio at rural poverty line (% of population)","SI.POV.RUHC","","","","","","","","","","","","","","","","","","",
"Russian Federation, Leningradskaya Oblast","RUS_Leningradskaya_Oblast_RU.LE_2529_RUS042","Poverty headcount ratio at urban poverty line (% of population)","SI.POV.URHC","","","","","","","","","","","","","","","","","","",
"Russian Federation, Lipetskaya Oblast","RUS_Lipetskaya_Oblast_RU.LI_2530_RUS043","Poverty headcount ratio at national poverty line (% of population)","SI.POV.NAHC","","","","","","","","","","","","","","","","10.6","8.4","",
"Russian Federation, Lipetskaya Oblast","RUS_Lipetskaya_Oblast_RU.LI_2530_RUS043","Poverty headcount ratio at rural poverty line (% of population)","SI.POV.RUHC","","","","","","","","","","","","","","","","","","",
"Russian Federation, Lipetskaya Oblast","RUS_Lipetskaya_Oblast_RU.LI_2530_RUS043","Poverty headcount ratio at urban poverty line (% of population)","SI.POV.URHC","","","","","","","","","","","","","","","","","","",
"Russian Federation, Magadanskaya Oblast","RUS_Magadanskaya_Oblast_RU.MA_2531_RUS044","Poverty headcount ratio at national poverty line (% of population)","SI.POV.NAHC","","","","","","","","","","","","","","","","13.9","11.3","",
"Russian Federation, Magadanskaya Oblast","RUS_Magadanskaya_Oblast_RU.MA_2531_RUS044","Poverty headcount ratio at rural poverty line (% of population)","SI.POV.RUHC","","","","","","","","","","","","","","","","","","",
"Russian Federation, Magadanskaya Oblast","RUS_Magadanskaya_Oblast_RU.MA_2531_RUS044","Poverty headcount ratio at urban poverty line (% of population)","SI.POV.URHC","","","","","","","","","","","","","","","","","","",
"Russian Federation, Mariy-el Rep.","RUS_Mariy-el_Rep._RU.MR_2532_RUS045","Poverty headcount ratio at national poverty line (% of population)","SI.POV.NAHC","","","","","","","","","","","","","","","","24.2","20","",
"Russian Federation, Mariy-el Rep.","RUS_Mariy-el_Rep._RU.MR_2532_RUS045","Poverty headcount ratio at rural poverty line (% of population)","SI.POV.RUHC","","","","","","","","","","","","","","","","","","",
"Russian Federation, Mariy-el Rep.","RUS_Mariy-el_Rep._RU.MR_2532_RUS045","Poverty headcount ratio at urban poverty line (% of population)","SI.POV.URHC","","","","","","","","","","","","","","","","","","",
"Russian Federation, Mordoviya Rep.","RUS_Mordoviya_Rep._RU.MO_2533_RUS046","Poverty headcount ratio at national poverty line (% of population)","SI.POV.NAHC","","","","","","","","","","","","","","","","20.2","18","",
"Russian Federation, Mordoviya Rep.","RUS_Mordoviya_Rep._RU.MO_2533_RUS046","Poverty headcount ratio at rural poverty line (% of population)","SI.POV.RUHC","","","","","","","","","","","","","","","","","","",
"Russian Federation, Mordoviya Rep.","RUS_Mordoviya_Rep._RU.MO_2533_RUS046","Poverty headcount ratio at urban poverty line (% of population)","SI.POV.URHC","","","","","","","","","","","","","","","","","","",
"Russian Federation, Moskovskaya Oblast","RUS_Moskovskaya_Oblast_RU.MK_2534_RUS047","Poverty headcount ratio at national poverty line (% of population)","SI.POV.NAHC","","","","","","","","","","","","","","","","9.6","6.9","",
"Russian Federation, Moskovskaya Oblast","RUS_Moskovskaya_Oblast_RU.MK_2534_RUS047","Poverty headcount ratio at rural poverty line (% of population)","SI.POV.RUHC","","","","","","","","","","","","","","","","","","",
"Russian Federation, Moskovskaya Oblast","RUS_Moskovskaya_Oblast_RU.MK_2534_RUS047","Poverty headcount ratio at urban poverty line (% of population)","SI.POV.URHC","","","","","","","","","","","","","","","","","","",
"Russian Federation, Moskva","RUS_Moskva_RU.MV_2535_RUS048","Poverty headcount ratio at national poverty line (% of population)","SI.POV.NAHC","","","","","","","","","","","","","","","","10","9.6","",
"Russian Federation, Moskva","RUS_Moskva_RU.MV_2535_RUS048","Poverty headcount ratio at rural poverty line (% of population)","SI.POV.RUHC","","","","","","","","","","","","","","","","","","",
"Russian Federation, Moskva","RUS_Moskva_RU.MV_2535_RUS048","Poverty headcount ratio at urban poverty line (% of population)","SI.POV.URHC","","","","","","","","","","","","","","","","","","",
"Russian Federation, Murmanskaya Oblast","RUS_Murmanskaya_Oblast_RU.MU_2536_RUS049","Poverty headcount ratio at national poverty line (% of population)","SI.POV.NAHC","","","","","","","","","","","","","","","","13.6","11.1","",
"Russian Federation, Murmanskaya Oblast","RUS_Murmanskaya_Oblast_RU.MU_2536_RUS049","Poverty headcount ratio at rural poverty line (% of population)","SI.POV.RUHC","","","","","","","","","","","","","","","","","","",
"Russian Federation, Murmanskaya Oblast","RUS_Murmanskaya_Oblast_RU.MU_2536_RUS049","Poverty headcount ratio at urban poverty line (% of population)","SI.POV.URHC","","","","","","","","","","","","","","","","","","",
"Russian Federation, Nenetskiy Okrug","RUS_Nenetskiy_Okrug_RU.NE_2538_RUS051","Poverty headcount ratio at national poverty line (% of population)","SI.POV.NAHC","","","","","","","","","","","","","","","","7.7","6.5","",
"Russian Federation, Nenetskiy Okrug","RUS_Nenetskiy_Okrug_RU.NE_2538_RUS051","Poverty headcount ratio at rural poverty line (% of population)","SI.POV.RUHC","","","","","","","","","","","","","","","","","","",
"Russian Federation, Nenetskiy Okrug","RUS_Nenetskiy_Okrug_RU.NE_2538_RUS051","Poverty headcount ratio at urban poverty line (% of population)","SI.POV.URHC","","","","","","","","","","","","","","","","","","",
"Russian Federation, Nizhegorodskaya Oblast","RUS_Nizhegorodskaya_Oblast_RU.NZ_2539_RUS052","Poverty headcount ratio at national poverty line (% of population)","SI.POV.NAHC","","","","","","","","","","","","","","","","12.5","10.3","",
"Russian Federation, Nizhegorodskaya Oblast","RUS_Nizhegorodskaya_Oblast_RU.NZ_2539_RUS052","Poverty headcount ratio at rural poverty line (% of population)","SI.POV.RUHC","","","","","","","","","","","","","","","","","","",
"Russian Federation, Nizhegorodskaya Oblast","RUS_Nizhegorodskaya_Oblast_RU.NZ_2539_RUS052","Poverty headcount ratio at urban poverty line (% of population)","SI.POV.URHC","","","","","","","","","","","","","","","","","","",
"Russian Federation, Novgorodskaya Oblast","RUS_Novgorodskaya_Oblast_RU.NG_2540_RUS053","Poverty headcount ratio at national poverty line (% of population)","SI.POV.NAHC","","","","","","","","","","","","","","","","15","11.7","",
"Russian Federation, Novgorodskaya Oblast","RUS_Novgorodskaya_Oblast_RU.NG_2540_RUS053","Poverty headcount ratio at rural poverty line (% of population)","SI.POV.RUHC","","","","","","","","","","","","","","","","","","",
"Russian Federation, Novgorodskaya Oblast","RUS_Novgorodskaya_Oblast_RU.NG_2540_RUS053","Poverty headcount ratio at urban poverty line (% of population)","SI.POV.URHC","","","","","","","","","","","","","","","","","","",
"Russian Federation, Novosibirskaya Oblast","RUS_Novosibirskaya_Oblast_RU.NV_2541_RUS054","Poverty headcount ratio at national poverty line (% of population)","SI.POV.NAHC","","","","","","","","","","","","","","","","16.5","14.1","",
"Russian Federation, Novosibirskaya Oblast","RUS_Novosibirskaya_Oblast_RU.NV_2541_RUS054","Poverty headcount ratio at rural poverty line (% of population)","SI.POV.RUHC","","","","","","","","","","","","","","","","","","",
"Russian Federation, Novosibirskaya Oblast","RUS_Novosibirskaya_Oblast_RU.NV_2541_RUS054","Poverty headcount ratio at urban poverty line (% of population)","SI.POV.URHC","","","","","","","","","","","","","","","","","","",
"Russian Federation, Omskaya oblast","RUS_Omskaya_Oblast_RU.OO_2542_RUS055","Poverty headcount ratio at national poverty line (% of population)","SI.POV.NAHC","","","","","","","","","","","","","","","","12.7","11","",
"Russian Federation, Omskaya oblast","RUS_Omskaya_Oblast_RU.OO_2542_RUS055","Poverty headcount ratio at rural poverty line (% of population)","SI.POV.RUHC","","","","","","","","","","","","","","","","","","",
"Russian Federation, Omskaya oblast","RUS_Omskaya_Oblast_RU.OO_2542_RUS055","Poverty headcount ratio at urban poverty line (% of population)","SI.POV.URHC","","","","","","","","","","","","","","","","","","",
"Russian Federation, Orenburgskaya oblast","RUS_Orenburgskaya_Oblast_RU.OR_2543_RUS056","Poverty headcount ratio at national poverty line (% of population)","SI.POV.NAHC","","","","","","","","","","","","","","","","14.4","12.7","",
"Russian Federation, Orenburgskaya oblast","RUS_Orenburgskaya_Oblast_RU.OR_2543_RUS056","Poverty headcount ratio at rural poverty line (% of population)","SI.POV.RUHC","","","","","","","","","","","","","","","","","","",
"Russian Federation, Orenburgskaya oblast","RUS_Orenburgskaya_Oblast_RU.OR_2543_RUS056","Poverty headcount ratio at urban poverty line (% of population)","SI.POV.URHC","","","","","","","","","","","","","","","","","","",
"Russian Federation, Orlovskaya Oblast","RUS_Orlovskaya_Oblast_RU.OL_2544_RUS057","Poverty headcount ratio at national poverty line (% of population)","SI.POV.NAHC","","","","","","","","","","","","","","","","14.5","11.3","",
"Russian Federation, Orlovskaya Oblast","RUS_Orlovskaya_Oblast_RU.OL_2544_RUS057","Poverty headcount ratio at rural poverty line (% of population)","SI.POV.RUHC","","","","","","","","","","","","","","","","","","",
"Russian Federation, Orlovskaya Oblast","RUS_Orlovskaya_Oblast_RU.OL_2544_RUS057","Poverty headcount ratio at urban poverty line (% of population)","SI.POV.URHC","","","","","","","","","","","","","","","","","","",
"Russian Federation, Penzenskaya Oblast","RUS_Penzenskaya_Oblast_RU.PO_2545_RUS058","Poverty headcount ratio at national poverty line (% of population)","SI.POV.NAHC","","","","","","","","","","","","","","","","15.4","13.1","",
"Russian Federation, Penzenskaya Oblast","RUS_Penzenskaya_Oblast_RU.PO_2545_RUS058","Poverty headcount ratio at rural poverty line (% of population)","SI.POV.RUHC","","","","","","","","","","","","","","","","","","",
"Russian Federation, Penzenskaya Oblast","RUS_Penzenskaya_Oblast_RU.PO_2545_RUS058","Poverty headcount ratio at urban poverty line (% of population)","SI.POV.URHC","","","","","","","","","","","","","","","","","","",
"Russian Federation, Permskaya Oblast","RUS_Permskaya_Oblast_RU.PR_2546_RUS059","Poverty headcount ratio at national poverty line (% of population)","SI.POV.NAHC","","","","","","","","","","","","","","","","14.4","12.2","",
"Russian Federation, Permskaya Oblast","RUS_Permskaya_Oblast_RU.PR_2546_RUS059","Poverty headcount ratio at rural poverty line (% of population)","SI.POV.RUHC","","","","","","","","","","","","","","","","","","",
"Russian Federation, Permskaya Oblast","RUS_Permskaya_Oblast_RU.PR_2546_RUS059","Poverty headcount ratio at urban poverty line (% of population)","SI.POV.URHC","","","","","","","","","","","","","","","","","","",
"Russian Federation, Primorskiy Kray","RUS_Primorskiy_Kray_RU.PM_2547_RUS060","Poverty headcount ratio at national poverty line (% of population)","SI.POV.NAHC","","","","","","","","","","","","","","","","15.7","14.2","",
"Russian Federation, Primorskiy Kray","RUS_Primorskiy_Kray_RU.PM_2547_RUS060","Poverty headcount ratio at rural poverty line (% of population)","SI.POV.RUHC","","","","","","","","","","","","","","","","","","",
"Russian Federation, Primorskiy Kray","RUS_Primorskiy_Kray_RU.PM_2547_RUS060","Poverty headcount ratio at urban poverty line (% of population)","SI.POV.URHC","","","","","","","","","","","","","","","","","","",
"Russian Federation, Pskovskaya Oblast","RUS_Pskovskaya_Oblast_RU.PS_2548_RUS061","Poverty headcount ratio at national poverty line (% of population)","SI.POV.NAHC","","","","","","","","","","","","","","","","16.7","15.4","",
"Russian Federation, Pskovskaya Oblast","RUS_Pskovskaya_Oblast_RU.PS_2548_RUS061","Poverty headcount ratio at rural poverty line (% of population)","SI.POV.RUHC","","","","","","","","","","","","","","","","","","",
"Russian Federation, Pskovskaya Oblast","RUS_Pskovskaya_Oblast_RU.PS_2548_RUS061","Poverty headcount ratio at urban poverty line (% of population)","SI.POV.URHC","","","","","","","","","","","","","","","","","","",
"Russian Federation, Rostovskaya Oblast","RUS_Rostovskaya_Oblast_RU.RO_2549_RUS062","Poverty headcount ratio at national poverty line (% of population)","SI.POV.NAHC","","","","","","","","","","","","","","","","15.2","12.9","",
"Russian Federation, Rostovskaya Oblast","RUS_Rostovskaya_Oblast_RU.RO_2549_RUS062","Poverty headcount ratio at rural poverty line (% of population)","SI.POV.RUHC","","","","","","","","","","","","","","","","","","",
"Russian Federation, Rostovskaya Oblast","RUS_Rostovskaya_Oblast_RU.RO_2549_RUS062","Poverty headcount ratio at urban poverty line (% of population)","SI.POV.URHC","","","","","","","","","","","","","","","","","","",
"Russian Federation, Ryazanskaya Oblast","RUS_Ryazanskaya_Oblast_RU.RS_2550_RUS063","Poverty headcount ratio at national poverty line (% of population)","SI.POV.NAHC","","","","","","","","","","","","","","","","16","12.5","",
"Russian Federation, Ryazanskaya Oblast","RUS_Ryazanskaya_Oblast_RU.RS_2550_RUS063","Poverty headcount ratio at rural poverty line (% of population)","SI.POV.RUHC","","","","","","","","","","","","","","","","","","",
"Russian Federation, Ryazanskaya Oblast","RUS_Ryazanskaya_Oblast_RU.RS_2550_RUS063","Poverty headcount ratio at urban poverty line (% of population)","SI.POV.URHC","","","","","","","","","","","","","","","","","","",
"Russian Federation, Sakha Rep.","RUS_Sakha_Rep._RU.SA_2551_RUS064","Poverty headcount ratio at national poverty line (% of population)","SI.POV.NAHC","","","","","","","","","","","","","","","","18.6","16.7","",
"Russian Federation, Sakha Rep.","RUS_Sakha_Rep._RU.SA_2551_RUS064","Poverty headcount ratio at rural poverty line (% of population)","SI.POV.RUHC","","","","","","","","","","","","","","","","","","",
"Russian Federation, Sakha Rep.","RUS_Sakha_Rep._RU.SA_2551_RUS064","Poverty headcount ratio at urban poverty line (% of population)","SI.POV.URHC","","","","","","","","","","","","","","","","","","",
"Russian Federation, Sakhalinskaya Oblast","RUS_Sakhalinskaya_Oblast_RU.SY_2552_RUS065","Poverty headcount ratio at national poverty line (% of population)","SI.POV.NAHC","","","","","","","","","","","","","","","","11.9","11.8","",
"Russian Federation, Sakhalinskaya Oblast","RUS_Sakhalinskaya_Oblast_RU.SY_2552_RUS065","Poverty headcount ratio at rural poverty line (% of population)","SI.POV.RUHC","","","","","","","","","","","","","","","","","","",
"Russian Federation, Sakhalinskaya Oblast","RUS_Sakhalinskaya_Oblast_RU.SY_2552_RUS065","Poverty headcount ratio at urban poverty line (% of population)","SI.POV.URHC","","","","","","","","","","","","","","","","","","",
"Russian Federation, Samarskaya Oblast","RUS_Samarskaya_Oblast_RU.SM_2553_RUS066","Poverty headcount ratio at national poverty line (% of population)","SI.POV.NAHC","","","","","","","","","","","","","","","","15.2","12.3","",
"Russian Federation, Samarskaya Oblast","RUS_Samarskaya_Oblast_RU.SM_2553_RUS066","Poverty headcount ratio at rural poverty line (% of population)","SI.POV.RUHC","","","","","","","","","","","","","","","","","","",
"Russian Federation, Samarskaya Oblast","RUS_Samarskaya_Oblast_RU.SM_2553_RUS066","Poverty headcount ratio at urban poverty line (% of population)","SI.POV.URHC","","","","","","","","","","","","","","","","","","",
"Russian Federation, Sankt-peterburg","RUS_Sankt-peterburg_RU.SP_2554_RUS067","Poverty headcount ratio at national poverty line (% of population)","SI.POV.NAHC","","","","","","","","","","","","","","","","9.1","9","",
"Russian Federation, Sankt-peterburg","RUS_Sankt-peterburg_RU.SP_2554_RUS067","Poverty headcount ratio at rural poverty line (% of population)","SI.POV.RUHC","","","","","","","","","","","","","","","","","","",
"Russian Federation, Sankt-peterburg","RUS_Sankt-peterburg_RU.SP_2554_RUS067","Poverty headcount ratio at urban poverty line (% of population)","SI.POV.URHC","","","","","","","","","","","","","","","","","","",
"Russian Federation, Saratovskaya Oblast","RUS_Saratovskaya_Oblast_RU.SR_2555_RUS068","Poverty headcount ratio at national poverty line (% of population)","SI.POV.NAHC","","","","","","","","","","","","","","","","17.3","15.9","",
"Russian Federation, Saratovskaya Oblast","RUS_Saratovskaya_Oblast_RU.SR_2555_RUS068","Poverty headcount ratio at rural poverty line (% of population)","SI.POV.RUHC","","","","","","","","","","","","","","","","","","",
"Russian Federation, Saratovskaya Oblast","RUS_Saratovskaya_Oblast_RU.SR_2555_RUS068","Poverty headcount ratio at urban poverty line (% of population)","SI.POV.URHC","","","","","","","","","","","","","","","","","","",
"Russian Federation, Severnaya Osetiya-alaniya Rep.","RUS_Severnaya_Osetiya-alaniya_Rp_RU.SO_2556_RUS069","Poverty headcount ratio at national poverty line (% of population)","SI.POV.NAHC","","","","","","","","","","","","","","","","12.6","10.4","",
"Russian Federation, Severnaya Osetiya-alaniya Rep.","RUS_Severnaya_Osetiya-alaniya_Rp_RU.SO_2556_RUS069","Poverty headcount ratio at rural poverty line (% of population)","SI.POV.RUHC","","","","","","","","","","","","","","","","","","",
"Russian Federation, Severnaya Osetiya-alaniya Rep.","RUS_Severnaya_Osetiya-alaniya_Rp_RU.SO_2556_RUS069","Poverty headcount ratio at urban poverty line (% of population)","SI.POV.URHC","","","","","","","","","","","","","","","","","","",
"Russian Federation, Smolenskaya Oblast","RUS_Smolenskaya_Oblast_RU.SL_2557_RUS070","Poverty headcount ratio at national poverty line (% of population)","SI.POV.NAHC","","","","","","","","","","","","","","","","17.3","14.8","",
"Russian Federation, Smolenskaya Oblast","RUS_Smolenskaya_Oblast_RU.SL_2557_RUS070","Poverty headcount ratio at rural poverty line (% of population)","SI.POV.RUHC","","","","","","","","","","","","","","","","","","",
"Russian Federation, Smolenskaya Oblast","RUS_Smolenskaya_Oblast_RU.SL_2557_RUS070","Poverty headcount ratio at urban poverty line (% of population)","SI.POV.URHC","","","","","","","","","","","","","","","","","","",
"Russian Federation, Stavropolskiy Kray","RUS_Stavropolskiy_Kray_RU.SV_2558_RUS071","Poverty headcount ratio at national poverty line (% of population)","SI.POV.NAHC","","","","","","","","","","","","","","","","18.3","13.7","",
"Russian Federation, Stavropolskiy Kray","RUS_Stavropolskiy_Kray_RU.SV_2558_RUS071","Poverty headcount ratio at rural poverty line (% of population)","SI.POV.RUHC","","","","","","","","","","","","","","","","","","",
"Russian Federation, Stavropolskiy Kray","RUS_Stavropolskiy_Kray_RU.SV_2558_RUS071","Poverty headcount ratio at urban poverty line (% of population)","SI.POV.URHC","","","","","","","","","","","","","","","","","","",
"Russian Federation, Sverdlovskaya Oblast","RUS_Sverdlovskaya_Oblast_RU.SK_2559_RUS072","Poverty headcount ratio at national poverty line (% of population)","SI.POV.NAHC","","","","","","","","","","","","","","","","10.5","8.5","",
"Russian Federation, Sverdlovskaya Oblast","RUS_Sverdlovskaya_Oblast_RU.SK_2559_RUS072","Poverty headcount ratio at rural poverty line (% of population)","SI.POV.RUHC","","","","","","","","","","","","","","","","","","",
"Russian Federation, Sverdlovskaya Oblast","RUS_Sverdlovskaya_Oblast_RU.SK_2559_RUS072","Poverty headcount ratio at urban poverty line (% of population)","SI.POV.URHC","","","","","","","","","","","","","","","","","","",
"Russian Federation, Tambovskaya Oblast","RUS_Tambovskaya_Oblast_RU.TA_2560_RUS073","Poverty headcount ratio at national poverty line (% of population)","SI.POV.NAHC","","","","","","","","","","","","","","","","10.7","9.4","",
"Russian Federation, Tambovskaya Oblast","RUS_Tambovskaya_Oblast_RU.TA_2560_RUS073","Poverty headcount ratio at rural poverty line (% of population)","SI.POV.RUHC","","","","","","","","","","","","","","","","","","",
"Russian Federation, Tambovskaya Oblast","RUS_Tambovskaya_Oblast_RU.TA_2560_RUS073","Poverty headcount ratio at urban poverty line (% of population)","SI.POV.URHC","","","","","","","","","","","","","","","","","","",
"Russian Federation, Tatarstan Rep.","RUS_Tatarstan_Rep._RU.TR_2561_RUS074","Poverty headcount ratio at national poverty line (% of population)","SI.POV.NAHC","","","","","","","","","","","","","","","","8.1","6.5","",
"Russian Federation, Tatarstan Rep.","RUS_Tatarstan_Rep._RU.TR_2561_RUS074","Poverty headcount ratio at rural poverty line (% of population)","SI.POV.RUHC","","","","","","","","","","","","","","","","","","",
"Russian Federation, Tatarstan Rep.","RUS_Tatarstan_Rep._RU.TR_2561_RUS074","Poverty headcount ratio at urban poverty line (% of population)","SI.POV.URHC","","","","","","","","","","","","","","","","","","",
"Russian Federation, Tomskaya Oblast","RUS_Tomskaya_Oblast_RU.TM_2563_RUS076","Poverty headcount ratio at national poverty line (% of population)","SI.POV.NAHC","","","","","","","","","","","","","","","","17.8","16.2","",
"Russian Federation, Tomskaya Oblast","RUS_Tomskaya_Oblast_RU.TM_2563_RUS076","Poverty headcount ratio at rural poverty line (% of population)","SI.POV.RUHC","","","","","","","","","","","","","","","","","","",
"Russian Federation, Tomskaya Oblast","RUS_Tomskaya_Oblast_RU.TM_2563_RUS076","Poverty headcount ratio at urban poverty line (% of population)","SI.POV.URHC","","","","","","","","","","","","","","","","","","",
"Russian Federation, Tulskaya Oblast","RUS_Tulskaya_Oblast_RU.TS_2564_RUS077","Poverty headcount ratio at national poverty line (% of population)","SI.POV.NAHC","","","","","","","","","","","","","","","","10.9","9.5","",
"Russian Federation, Tulskaya Oblast","RUS_Tulskaya_Oblast_RU.TS_2564_RUS077","Poverty headcount ratio at rural poverty line (% of population)","SI.POV.RUHC","","","","","","","","","","","","","","","","","","",
"Russian Federation, Tulskaya Oblast","RUS_Tulskaya_Oblast_RU.TS_2564_RUS077","Poverty headcount ratio at urban poverty line (% of population)","SI.POV.URHC","","","","","","","","","","","","","","","","","","",
"Russian Federation, Tverskaya Oblast","RUS_Tverskaya_Oblast_RU.TV_2565_RUS078","Poverty headcount ratio at national poverty line (% of population)","SI.POV.NAHC","","","","","","","","","","","","","","","","13.5","11.4","",
"Russian Federation, Tverskaya Oblast","RUS_Tverskaya_Oblast_RU.TV_2565_RUS078","Poverty headcount ratio at rural poverty line (% of population)","SI.POV.RUHC","","","","","","","","","","","","","","","","","","",
"Russian Federation, Tverskaya Oblast","RUS_Tverskaya_Oblast_RU.TV_2565_RUS078","Poverty headcount ratio at urban poverty line (% of population)","SI.POV.URHC","","","","","","","","","","","","","","","","","","",
"Russian Federation, Tyumenskaya Oblast","RUS_Tyumenskaya_Oblast_RU.TY_2566_RUS079","Poverty headcount ratio at national poverty line (% of population)","SI.POV.NAHC","","","","","","","","","","","","","","","","11.6","10.4","",
"Russian Federation, Tyumenskaya Oblast","RUS_Tyumenskaya_Oblast_RU.TY_2566_RUS079","Poverty headcount ratio at rural poverty line (% of population)","SI.POV.RUHC","","","","","","","","","","","","","","","","","","",
"Russian Federation, Tyumenskaya Oblast","RUS_Tyumenskaya_Oblast_RU.TY_2566_RUS079","Poverty headcount ratio at urban poverty line (% of population)","SI.POV.URHC","","","","","","","","","","","","","","","","","","",
"Russian Federation, Tyva Rep.","RUS_Tyva_Rep._RU.TN_2567_RUS080","Poverty headcount ratio at national poverty line (% of population)","SI.POV.NAHC","","","","","","","","","","","","","","","","30.6","27.9","",
"Russian Federation, Tyva Rep.","RUS_Tyva_Rep._RU.TN_2567_RUS080","Poverty headcount ratio at rural poverty line (% of population)","SI.POV.RUHC","","","","","","","","","","","","","","","","","","",
"Russian Federation, Tyva Rep.","RUS_Tyva_Rep._RU.TN_2567_RUS080","Poverty headcount ratio at urban poverty line (% of population)","SI.POV.URHC","","","","","","","","","","","","","","","","","","",
"Russian Federation, Udmurtiya Rep.","RUS_Udmurtiya_Rep._RU.UR_2568_RUS081","Poverty headcount ratio at national poverty line (% of population)","SI.POV.NAHC","","","","","","","","","","","","","","","","14","11.1","",
"Russian Federation, Udmurtiya Rep.","RUS_Udmurtiya_Rep._RU.UR_2568_RUS081","Poverty headcount ratio at rural poverty line (% of population)","SI.POV.RUHC","","","","","","","","","","","","","","","","","","",
"Russian Federation, Udmurtiya Rep.","RUS_Udmurtiya_Rep._RU.UR_2568_RUS081","Poverty headcount ratio at urban poverty line (% of population)","SI.POV.URHC","","","","","","","","","","","","","","","","","","",
"Russian Federation, Ulyanovskaya Oblast","RUS_Ulyanovskaya_Oblast_RU.UL_2569_RUS082","Poverty headcount ratio at national poverty line (% of population)","SI.POV.NAHC","","","","","","","","","","","","","","","","16.8","13.3","",
"Russian Federation, Ulyanovskaya Oblast","RUS_Ulyanovskaya_Oblast_RU.UL_2569_RUS082","Poverty headcount ratio at rural poverty line (% of population)","SI.POV.RUHC","","","","","","","","","","","","","","","","","","",
"Russian Federation, Ulyanovskaya Oblast","RUS_Ulyanovskaya_Oblast_RU.UL_2569_RUS082","Poverty headcount ratio at urban poverty line (% of population)","SI.POV.URHC","","","","","","","","","","","","","","","","","","",
"Russian Federation, Vladimirskaya Oblast","RUS_Vladimirskaya_Oblast_RU.US_2571_RUS084","Poverty headcount ratio at national poverty line (% of population)","SI.POV.NAHC","","","","","","","","","","","","","","","","17.5","15","",
"Russian Federation, Vladimirskaya Oblast","RUS_Vladimirskaya_Oblast_RU.US_2571_RUS084","Poverty headcount ratio at rural poverty line (% of population)","SI.POV.RUHC","","","","","","","","","","","","","","","","","","",
"Russian Federation, Vladimirskaya Oblast","RUS_Vladimirskaya_Oblast_RU.US_2571_RUS084","Poverty headcount ratio at urban poverty line (% of population)","SI.POV.URHC","","","","","","","","","","","","","","","","","","",
"Russian Federation, Volgogradskaya Oblast","RUS_Volgogradskaya_Oblast_RU.VG_2572_RUS085","Poverty headcount ratio at national poverty line (% of population)","SI.POV.NAHC","","","","","","","","","","","","","","","","15.1","13.6","",
"Russian Federation, Volgogradskaya Oblast","RUS_Volgogradskaya_Oblast_RU.VG_2572_RUS085","Poverty headcount ratio at rural poverty line (% of population)","SI.POV.RUHC","","","","","","","","","","","","","","","","","","",
"Russian Federation, Volgogradskaya Oblast","RUS_Volgogradskaya_Oblast_RU.VG_2572_RUS085","Poverty headcount ratio at urban poverty line (% of population)","SI.POV.URHC","","","","","","","","","","","","","","","","","","",
"Russian Federation, Vologodskaya Oblast","RUS_Vologodskaya_Oblast_RU.VL_2573_RUS086","Poverty headcount ratio at national poverty line (% of population)","SI.POV.NAHC","","","","","","","","","","","","","","","","17.1","13.2","",
"Russian Federation, Vologodskaya Oblast","RUS_Vologodskaya_Oblast_RU.VL_2573_RUS086","Poverty headcount ratio at rural poverty line (% of population)","SI.POV.RUHC","","","","","","","","","","","","","","","","","","",
"Russian Federation, Vologodskaya Oblast","RUS_Vologodskaya_Oblast_RU.VL_2573_RUS086","Poverty headcount ratio at urban poverty line (% of population)","SI.POV.URHC","","","","","","","","","","","","","","","","","","",
"Russian Federation, Voronezhskaya Oblast","RUS_Voronezhskaya_Oblast_RU.VO_2574_RUS087","Poverty headcount ratio at national poverty line (% of population)","SI.POV.NAHC","","","","","","","","","","","","","","","","17.2","10.3","",
"Russian Federation, Voronezhskaya Oblast","RUS_Voronezhskaya_Oblast_RU.VO_2574_RUS087","Poverty headcount ratio at rural poverty line (% of population)","SI.POV.RUHC","","","","","","","","","","","","","","","","","","",
"Russian Federation, Voronezhskaya Oblast","RUS_Voronezhskaya_Oblast_RU.VO_2574_RUS087","Poverty headcount ratio at urban poverty line (% of population)","SI.POV.URHC","","","","","","","","","","","","","","","","","","",
"Russian Federation, Yamalo-nenetskiy Okrug","RUS_Yamalo-nenetskiy_Okrug_RU.YN_2575_RUS088","Poverty headcount ratio at national poverty line (% of population)","SI.POV.NAHC","","","","","","","","","","","","","","","","7.4","6.4","",
"Russian Federation, Yamalo-nenetskiy Okrug","RUS_Yamalo-nenetskiy_Okrug_RU.YN_2575_RUS088","Poverty headcount ratio at rural poverty line (% of population)","SI.POV.RUHC","","","","","","","","","","","","","","","","","","",
"Russian Federation, Yamalo-nenetskiy Okrug","RUS_Yamalo-nenetskiy_Okrug_RU.YN_2575_RUS088","Poverty headcount ratio at urban poverty line (% of population)","SI.POV.URHC","","","","","","","","","","","","","","","","","","",
"Russian Federation, Yaroslavskaya Oblast","RUS_Yaroslavskaya_Oblast_RU.YA_2576_RUS089","Poverty headcount ratio at national poverty line (% of population)","SI.POV.NAHC","","","","","","","","","","","","","","","","13.4","10.9","",
"Russian Federation, Yaroslavskaya Oblast","RUS_Yaroslavskaya_Oblast_RU.YA_2576_RUS089","Poverty headcount ratio at rural poverty line (% of population)","SI.POV.RUHC","","","","","","","","","","","","","","","","","","",
"Russian Federation, Yaroslavskaya Oblast","RUS_Yaroslavskaya_Oblast_RU.YA_2576_RUS089","Poverty headcount ratio at urban poverty line (% of population)","SI.POV.URHC","","","","","","","","","","","","","","","","","","",
"Russian Federation, Zabaykalsky Kray","RUS_Zabaykalsky_kray_RU.ZK_2578_RUS091","Poverty headcount ratio at national poverty line (% of population)","SI.POV.NAHC","","","","","","","","","","","","","","","","18.9","17.6","",
"Russian Federation, Zabaykalsky Kray","RUS_Zabaykalsky_kray_RU.ZK_2578_RUS091","Poverty headcount ratio at rural poverty line (% of population)","SI.POV.RUHC","","","","","","","","","","","","","","","","","","",
"Russian Federation, Zabaykalsky Kray","RUS_Zabaykalsky_kray_RU.ZK_2578_RUS091","Poverty headcount ratio at urban poverty line (% of population)","SI.POV.URHC","","","","","","","","","","","","","","","","","","",
"Sudan, Al Gadaref","SDN_Al_Gadaref_37048","Poverty headcount ratio at national poverty line (% of population)","SI.POV.NAHC","","","","","","","","","","","","","","50.1","","","","",
"Sudan, Al Gadaref","SDN_Al_Gadaref_37048","Poverty headcount ratio at rural poverty line (% of population)","SI.POV.RUHC","","","","","","","","","","","","","","","","","","",
"Sudan, Al Gadaref","SDN_Al_Gadaref_37048","Poverty headcount ratio at urban poverty line (% of population)","SI.POV.URHC","","","","","","","","","","","","","","","","","","",
"Sudan, Al Jazeera","SDN_Al_Jazeera_SD.AJ_2745_SDN001","Poverty headcount ratio at national poverty line (% of population)","SI.POV.NAHC","","","","","","","","","","","","","","37.8","","","","",
"Sudan, Al Jazeera","SDN_Al_Jazeera_SD.AJ_2745_SDN001","Poverty headcount ratio at rural poverty line (% of population)","SI.POV.RUHC","","","","","","","","","","","","","","","","","","",
"Sudan, Al Jazeera","SDN_Al_Jazeera_SD.AJ_2745_SDN001","Poverty headcount ratio at urban poverty line (% of population)","SI.POV.URHC","","","","","","","","","","","","","","","","","","",
"Sudan, Blue Nile","SDN_Blue_Nile_SD.BN_2749_SDN002","Poverty headcount ratio at national poverty line (% of population)","SI.POV.NAHC","","","","","","","","","","","","","","56.5","","","","",
"Sudan, Blue Nile","SDN_Blue_Nile_SD.BN_2749_SDN002","Poverty headcount ratio at rural poverty line (% of population)","SI.POV.RUHC","","","","","","","","","","","","","","","","","","",
"Sudan, Blue Nile","SDN_Blue_Nile_SD.BN_2749_SDN002","Poverty headcount ratio at urban poverty line (% of population)","SI.POV.URHC","","","","","","","","","","","","","","","","","","",
"Sudan, Kassala","SDN_Kassala_SD.KA_68783_SDN008","Poverty headcount ratio at national poverty line (% of population)","SI.POV.NAHC","","","","","","","","","","","","","","36.3","","","","",
"Sudan, Kassala","SDN_Kassala_SD.KA_68783_SDN008","Poverty headcount ratio at rural poverty line (% of population)","SI.POV.RUHC","","","","","","","","","","","","","","","","","","",
"Sudan, Kassala","SDN_Kassala_SD.KA_68783_SDN008","Poverty headcount ratio at urban poverty line (% of population)","SI.POV.URHC","","","","","","","","","","","","","","","","","","",
"Sudan, Khartoum","SDN_Khartoum_SD.KH_2753_SDN009","Poverty headcount ratio at national poverty line (% of population)","SI.POV.NAHC","","","","","","","","","","","","","","26","","","","",
"Sudan, Khartoum","SDN_Khartoum_SD.KH_2753_SDN009","Poverty headcount ratio at rural poverty line (% of population)","SI.POV.RUHC","","","","","","","","","","","","","","","","","","",
"Sudan, Khartoum","SDN_Khartoum_SD.KH_2753_SDN009","Poverty headcount ratio at urban poverty line (% of population)","SI.POV.URHC","","","","","","","","","","","","","","","","","","",
"Sudan, Nile River","SDN_Nile_River_SD.NI_2761_SDN004","Poverty headcount ratio at national poverty line (% of population)","SI.POV.NAHC","","","","","","","","","","","","","","32.2","","","","",
"Sudan, Nile River","SDN_Nile_River_SD.NI_2761_SDN004","Poverty headcount ratio at rural poverty line (% of population)","SI.POV.RUHC","","","","","","","","","","","","","","","","","","",
"Sudan, Nile River","SDN_Nile_River_SD.NI_2761_SDN004","Poverty headcount ratio at urban poverty line (% of population)","SI.POV.URHC","","","","","","","","","","","","","","","","","","",
"Sudan, Northern","SDN_Northern_SD.NO_2755_SDN010","Poverty headcount ratio at national poverty line (% of population)","SI.POV.NAHC","","","","","","","","","","","","","","36.2","","","","",
"Sudan, Northern","SDN_Northern_SD.NO_2755_SDN010","Poverty headcount ratio at rural poverty line (% of population)","SI.POV.RUHC","","","","","","","","","","","","","","","","","","",
"Sudan, Northern","SDN_Northern_SD.NO_2755_SDN010","Poverty headcount ratio at urban poverty line (% of population)","SI.POV.URHC","","","","","","","","","","","","","","","","","","",
"Sudan, Northern Darfur","SDN_Northern_Darfur_SD.ND_2757_SDN011","Poverty headcount ratio at national poverty line (% of population)","SI.POV.NAHC","","","","","","","","","","","","","","69.4","","","","",
"Sudan, Northern Darfur","SDN_Northern_Darfur_SD.ND_2757_SDN011","Poverty headcount ratio at rural poverty line (% of population)","SI.POV.RUHC","","","","","","","","","","","","","","","","","","",
"Sudan, Northern Darfur","SDN_Northern_Darfur_SD.ND_2757_SDN011","Poverty headcount ratio at urban poverty line (% of population)","SI.POV.URHC","","","","","","","","","","","","","","","","","","",
"Sudan, Northern Kordofan","SDN_Northern_Kordofan_SD.NK_68784_SDN012","Poverty headcount ratio at national poverty line (% of population)","SI.POV.NAHC","","","","","","","","","","","","","","57.9","","","","",
"Sudan, Northern Kordofan","SDN_Northern_Kordofan_SD.NK_68784_SDN012","Poverty headcount ratio at rural poverty line (% of population)","SI.POV.RUHC","","","","","","","","","","","","","","","","","","",
"Sudan, Northern Kordofan","SDN_Northern_Kordofan_SD.NK_68784_SDN012","Poverty headcount ratio at urban poverty line (% of population)","SI.POV.URHC","","","","","","","","","","","","","","","","","","",
"Sudan, Red Sea","SDN_Red_Sea_SD.RS_40772_SDN013","Poverty headcount ratio at national poverty line (% of population)","SI.POV.NAHC","","","","","","","","","","","","","","57.7","","","","",
"Sudan, Red Sea","SDN_Red_Sea_SD.RS_40772_SDN013","Poverty headcount ratio at rural poverty line (% of population)","SI.POV.RUHC","","","","","","","","","","","","","","","","","","",
"Sudan, Red Sea","SDN_Red_Sea_SD.RS_40772_SDN013","Poverty headcount ratio at urban poverty line (% of population)","SI.POV.URHC","","","","","","","","","","","","","","","","","","",
"Sudan, Sennar","SDN_Sennar_37099","Poverty headcount ratio at national poverty line (% of population)","SI.POV.NAHC","","","","","","","","","","","","","","44.1","","","","",
"Sudan, Sennar","SDN_Sennar_37099","Poverty headcount ratio at rural poverty line (% of population)","SI.POV.RUHC","","","","","","","","","","","","","","","","","","",
"Sudan, Sennar","SDN_Sennar_37099","Poverty headcount ratio at urban poverty line (% of population)","SI.POV.URHC","","","","","","","","","","","","","","","","","","",
"Sudan, Southern Darfur","SDN_Southern_Darfur_SD.SD_2764_SDN018","Poverty headcount ratio at national poverty line (% of population)","SI.POV.NAHC","","","","","","","","","","","","","","61.2","","","","",
"Sudan, Southern Darfur","SDN_Southern_Darfur_SD.SD_2764_SDN018","Poverty headcount ratio at rural poverty line (% of population)","SI.POV.RUHC","","","","","","","","","","","","","","","","","","",
"Sudan, Southern Darfur","SDN_Southern_Darfur_SD.SD_2764_SDN018","Poverty headcount ratio at urban poverty line (% of population)","SI.POV.URHC","","","","","","","","","","","","","","","","","","",
"Sudan, Southern Kordofan","SDN_Southern_Kordofan_SD.SK_4150_SDN019","Poverty headcount ratio at national poverty line (% of population)","SI.POV.NAHC","","","","","","","","","","","","","","60","","","","",
"Sudan, Southern Kordofan","SDN_Southern_Kordofan_SD.SK_4150_SDN019","Poverty headcount ratio at rural poverty line (% of population)","SI.POV.RUHC","","","","","","","","","","","","","","","","","","",
"Sudan, Southern Kordofan","SDN_Southern_Kordofan_SD.SK_4150_SDN019","Poverty headcount ratio at urban poverty line (% of population)","SI.POV.URHC","","","","","","","","","","","","","","","","","","",
"Sudan, Western Darfur","SDN_Western_Darfur_SD.WD_2769_SDN024","Poverty headcount ratio at national poverty line (% of population)","SI.POV.NAHC","","","","","","","","","","","","","","55.6","","","","",
"Sudan, Western Darfur","SDN_Western_Darfur_SD.WD_2769_SDN024","Poverty headcount ratio at rural poverty line (% of population)","SI.POV.RUHC","","","","","","","","","","","","","","","","","","",
"Sudan, Western Darfur","SDN_Western_Darfur_SD.WD_2769_SDN024","Poverty headcount ratio at urban poverty line (% of population)","SI.POV.URHC","","","","","","","","","","","","","","","","","","",
"Sudan, White Nile","SDN_White_Nile_SD.WN_2770_SDN026","Poverty headcount ratio at national poverty line (% of population)","SI.POV.NAHC","","","","","","","","","","","","","","55.5","","","","",
"Sudan, White Nile","SDN_White_Nile_SD.WN_2770_SDN026","Poverty headcount ratio at rural poverty line (% of population)","SI.POV.RUHC","","","","","","","","","","","","","","","","","","",
"Sudan, White Nile","SDN_White_Nile_SD.WN_2770_SDN026","Poverty headcount ratio at urban poverty line (% of population)","SI.POV.URHC","","","","","","","","","","","","","","","","","","",
"Sierra Leone, Bo","SLE_Bo_25414","Poverty headcount ratio at national poverty line (% of population)","SI.POV.NAHC","","","","","","","","63.2","","","","","","","","50.7","","",
"Sierra Leone, Bo","SLE_Bo_25414","Poverty headcount ratio at rural poverty line (% of population)","SI.POV.RUHC","","","","","","","","","","","","","","","","","","",
"Sierra Leone, Bo","SLE_Bo_25414","Poverty headcount ratio at urban poverty line (% of population)","SI.POV.URHC","","","","","","","","","","","","","","","","","","",
"Sierra Leone, Bombali","SLE_Bombali_25409","Poverty headcount ratio at national poverty line (% of population)","SI.POV.NAHC","","","","","","","","86.1","","","","","","","","57.9","","",
"Sierra Leone, Bombali","SLE_Bombali_25409","Poverty headcount ratio at rural poverty line (% of population)","SI.POV.RUHC","","","","","","","","","","","","","","","","","","",
"Sierra Leone, Bombali","SLE_Bombali_25409","Poverty headcount ratio at urban poverty line (% of population)","SI.POV.URHC","","","","","","","","","","","","","","","","","","",
"Sierra Leone, Bonthe","SLE_Bonthe_25415","Poverty headcount ratio at national poverty line (% of population)","SI.POV.NAHC","","","","","","","","89.3","","","","","","","","51.4","","",
"Sierra Leone, Bonthe","SLE_Bonthe_25415","Poverty headcount ratio at rural poverty line (% of population)","SI.POV.RUHC","","","","","","","","","","","","","","","","","","",
"Sierra Leone, Bonthe","SLE_Bonthe_25415","Poverty headcount ratio at urban poverty line (% of population)","SI.POV.URHC","","","","","","","","","","","","","","","","","","",
"Sierra Leone, Kailahun","SLE_Kailahun_25406","Poverty headcount ratio at national poverty line (% of population)","SI.POV.NAHC","","","","","","","","93","","","","","","","","60.9","","",
"Sierra Leone, Kailahun","SLE_Kailahun_25406","Poverty headcount ratio at rural poverty line (% of population)","SI.POV.RUHC","","","","","","","","","","","","","","","","","","",
"Sierra Leone, Kailahun","SLE_Kailahun_25406","Poverty headcount ratio at urban poverty line (% of population)","SI.POV.URHC","","","","","","","","","","","","","","","","","","",
"Sierra Leone, Kambia","SLE_Kambia_25410","Poverty headcount ratio at national poverty line (% of population)","SI.POV.NAHC","","","","","","","","71.2","","","","","","","","53.9","","",
"Sierra Leone, Kambia","SLE_Kambia_25410","Poverty headcount ratio at rural poverty line (% of population)","SI.POV.RUHC","","","","","","","","","","","","","","","","","","",
"Sierra Leone, Kambia","SLE_Kambia_25410","Poverty headcount ratio at urban poverty line (% of population)","SI.POV.URHC","","","","","","","","","","","","","","","","","","",
"Sierra Leone, Kenema","SLE_Kenema_25407","Poverty headcount ratio at national poverty line (% of population)","SI.POV.NAHC","","","","","","","","88.1","","","","","","","","61.6","","",
"Sierra Leone, Kenema","SLE_Kenema_25407","Poverty headcount ratio at rural poverty line (% of population)","SI.POV.RUHC","","","","","","","","","","","","","","","","","","",
"Sierra Leone, Kenema","SLE_Kenema_25407","Poverty headcount ratio at urban poverty line (% of population)","SI.POV.URHC","","","","","","","","","","","","","","","","","","",
"Sierra Leone, Koinadugu","SLE_Koinadugu_25411","Poverty headcount ratio at national poverty line (% of population)","SI.POV.NAHC","","","","","","","","77.5","","","","","","","","54.3","","",
"Sierra Leone, Koinadugu","SLE_Koinadugu_25411","Poverty headcount ratio at rural poverty line (% of population)","SI.POV.RUHC","","","","","","","","","","","","","","","","","","",
"Sierra Leone, Koinadugu","SLE_Koinadugu_25411","Poverty headcount ratio at urban poverty line (% of population)","SI.POV.URHC","","","","","","","","","","","","","","","","","","",
"Sierra Leone, Kono","SLE_Kono_25408","Poverty headcount ratio at national poverty line (% of population)","SI.POV.NAHC","","","","","","","","71.8","","","","","","","","61.3","","",
"Sierra Leone, Kono","SLE_Kono_25408","Poverty headcount ratio at rural poverty line (% of population)","SI.POV.RUHC","","","","","","","","","","","","","","","","","","",
"Sierra Leone, Kono","SLE_Kono_25408","Poverty headcount ratio at urban poverty line (% of population)","SI.POV.URHC","","","","","","","","","","","","","","","","","","",
"Sierra Leone, Moyamba","SLE_Moyamba_25416","Poverty headcount ratio at national poverty line (% of population)","SI.POV.NAHC","","","","","","","","68.2","","","","","","","","70.8","","",
"Sierra Leone, Moyamba","SLE_Moyamba_25416","Poverty headcount ratio at rural poverty line (% of population)","SI.POV.RUHC","","","","","","","","","","","","","","","","","","",
"Sierra Leone, Moyamba","SLE_Moyamba_25416","Poverty headcount ratio at urban poverty line (% of population)","SI.POV.URHC","","","","","","","","","","","","","","","","","","",
"Sierra Leone, Port Loko","SLE_Port_Loko_25412","Poverty headcount ratio at national poverty line (% of population)","SI.POV.NAHC","","","","","","","","80.8","","","","","","","","59.9","","",
"Sierra Leone, Port Loko","SLE_Port_Loko_25412","Poverty headcount ratio at rural poverty line (% of population)","SI.POV.RUHC","","","","","","","","","","","","","","","","","","",
"Sierra Leone, Port Loko","SLE_Port_Loko_25412","Poverty headcount ratio at urban poverty line (% of population)","SI.POV.URHC","","","","","","","","","","","","","","","","","","",
"Sierra Leone, Pujehun","SLE_Pujehun_25417","Poverty headcount ratio at national poverty line (% of population)","SI.POV.NAHC","","","","","","","","47.4","","","","","","","","54.1","","",
"Sierra Leone, Pujehun","SLE_Pujehun_25417","Poverty headcount ratio at rural poverty line (% of population)","SI.POV.RUHC","","","","","","","","","","","","","","","","","","",
"Sierra Leone, Pujehun","SLE_Pujehun_25417","Poverty headcount ratio at urban poverty line (% of population)","SI.POV.URHC","","","","","","","","","","","","","","","","","","",
"Sierra Leone, Tonkolili","SLE_Tonkolili_25413","Poverty headcount ratio at national poverty line (% of population)","SI.POV.NAHC","","","","","","","","83.5","","","","","","","","76.4","","",
"Sierra Leone, Tonkolili","SLE_Tonkolili_25413","Poverty headcount ratio at rural poverty line (% of population)","SI.POV.RUHC","","","","","","","","","","","","","","","","","","",
"Sierra Leone, Tonkolili","SLE_Tonkolili_25413","Poverty headcount ratio at urban poverty line (% of population)","SI.POV.URHC","","","","","","","","","","","","","","","","","","",
"Sierra Leone, Western Area","SLE_Western_Area_SL.WA_2657_SLE004","Poverty headcount ratio at national poverty line (% of population)","SI.POV.NAHC","","","","","","","","","","","","","","","","","","",
"Sierra Leone, Western Area","SLE_Western_Area_SL.WA_2657_SLE004","Poverty headcount ratio at rural poverty line (% of population)","SI.POV.RUHC","","","","","","","","54.9","","","","","","","","57.1","","",
"Sierra Leone, Western Area","SLE_Western_Area_SL.WA_2657_SLE004","Poverty headcount ratio at urban poverty line (% of population)","SI.POV.URHC","","","","","","","","13.6","","","","","","","","20.7","","",
"El Salvador, Ahuachapan","SLV_Ahuachapan_SV.AH_1184_SLV001","Poverty headcount ratio at national poverty line (% of population)","SI.POV.NAHC","","","","","","","","","","43.4","38.8","41.6","56.5","52.4","53.7","57.7","48.7","",
"El Salvador, Ahuachapan","SLV_Ahuachapan_SV.AH_1184_SLV001","Poverty headcount ratio at rural poverty line (% of population)","SI.POV.RUHC","","","","","","","","","","","","","","","","","","",
"El Salvador, Ahuachapan","SLV_Ahuachapan_SV.AH_1184_SLV001","Poverty headcount ratio at urban poverty line (% of population)","SI.POV.URHC","","","","","","","","","","","","","","","","","","",
"El Salvador, Cabanas","SLV_Cabanas_SV.CA_1185_SLV002","Poverty headcount ratio at national poverty line (% of population)","SI.POV.NAHC","","","","","","","","","","52.2","43.7","53.3","59.7","52","46.1","53.1","48","",
"El Salvador, Cabanas","SLV_Cabanas_SV.CA_1185_SLV002","Poverty headcount ratio at rural poverty line (% of population)","SI.POV.RUHC","","","","","","","","","","","","","","","","","","",
"El Salvador, Cabanas","SLV_Cabanas_SV.CA_1185_SLV002","Poverty headcount ratio at urban poverty line (% of population)","SI.POV.URHC","","","","","","","","","","","","","","","","","","",
"El Salvador, Chalatenango","SLV_Chalatenango_SV.CH_1186_SLV003","Poverty headcount ratio at national poverty line (% of population)","SI.POV.NAHC","","","","","","","","","","40.8","31.9","37.6","50.4","45.5","40.6","43.7","38.1","",
"El Salvador, Chalatenango","SLV_Chalatenango_SV.CH_1186_SLV003","Poverty headcount ratio at rural poverty line (% of population)","SI.POV.RUHC","","","","","","","","","","","","","","","","","","",
"El Salvador, Chalatenango","SLV_Chalatenango_SV.CH_1186_SLV003","Poverty headcount ratio at urban poverty line (% of population)","SI.POV.URHC","","","","","","","","","","","","","","","","","","",
"El Salvador, Cuscatlan","SLV_Cuscatlan_SV.CU_1187_SLV004","Poverty headcount ratio at national poverty line (% of population)","SI.POV.NAHC","","","","","","","","","","47.4","43.7","37.9","47.8","45.6","42.7","47.4","37","",
"El Salvador, Cuscatlan","SLV_Cuscatlan_SV.CU_1187_SLV004","Poverty headcount ratio at rural poverty line (% of population)","SI.POV.RUHC","","","","","","","","","","","","","","","","","","",
"El Salvador, Cuscatlan","SLV_Cuscatlan_SV.CU_1187_SLV004","Poverty headcount ratio at urban poverty line (% of population)","SI.POV.URHC","","","","","","","","","","","","","","","","","","",
"El Salvador, La Libertad","SLV_La_Libertad_SV.LL_1188_SLV005","Poverty headcount ratio at national poverty line (% of population)","SI.POV.NAHC","","","","","","","","","","28.2","25.9","31.1","34.5","33.8","32.2","36.1","31","",
"El Salvador, La Libertad","SLV_La_Libertad_SV.LL_1188_SLV005","Poverty headcount ratio at rural poverty line (% of population)","SI.POV.RUHC","","","","","","","","","","","","","","","","","","",
"El Salvador, La Libertad","SLV_La_Libertad_SV.LL_1188_SLV005","Poverty headcount ratio at urban poverty line (% of population)","SI.POV.URHC","","","","","","","","","","","","","","","","","","",
"El Salvador, La Paz","SLV_La_Paz_SV.LP_1189_SLV006","Poverty headcount ratio at national poverty line (% of population)","SI.POV.NAHC","","","","","","","","","","40.9","35.8","41","49.6","40","41.4","43.8","39.5","",
"El Salvador, La Paz","SLV_La_Paz_SV.LP_1189_SLV006","Poverty headcount ratio at rural poverty line (% of population)","SI.POV.RUHC","","","","","","","","","","","","","","","","","","",
"El Salvador, La Paz","SLV_La_Paz_SV.LP_1189_SLV006","Poverty headcount ratio at urban poverty line (% of population)","SI.POV.URHC","","","","","","","","","","","","","","","","","","",
"El Salvador, La Union","SLV_La_Union_SV.UN_1190_SLV007","Poverty headcount ratio at national poverty line (% of population)","SI.POV.NAHC","","","","","","","","","","35.1","30.8","40.6","42.1","40.3","36.9","43.5","38.7","",
"El Salvador, La Union","SLV_La_Union_SV.UN_1190_SLV007","Poverty headcount ratio at rural poverty line (% of population)","SI.POV.RUHC","","","","","","","","","","","","","","","","","","",
"El Salvador, La Union","SLV_La_Union_SV.UN_1190_SLV007","Poverty headcount ratio at urban poverty line (% of population)","SI.POV.URHC","","","","","","","","","","","","","","","","","","",
"El Salvador, Morazan","SLV_Morazan_SV.MO_1191_SLV008","Poverty headcount ratio at national poverty line (% of population)","SI.POV.NAHC","","","","","","","","","","47.8","52","56.3","57.3","53.4","50.5","56.9","45.5","",
"El Salvador, Morazan","SLV_Morazan_SV.MO_1191_SLV008","Poverty headcount ratio at rural poverty line (% of population)","SI.POV.RUHC","","","","","","","","","","","","","","","","","","",
"El Salvador, Morazan","SLV_Morazan_SV.MO_1191_SLV008","Poverty headcount ratio at urban poverty line (% of population)","SI.POV.URHC","","","","","","","","","","","","","","","","","","",
"El Salvador, San Miguel","SLV_San_Miguel_SV.SM_1192_SLV009","Poverty headcount ratio at national poverty line (% of population)","SI.POV.NAHC","","","","","","","","","","38.9","34.8","35.7","35","37.7","39.6","42.7","36.9","",
"El Salvador, San Miguel","SLV_San_Miguel_SV.SM_1192_SLV009","Poverty headcount ratio at rural poverty line (% of population)","SI.POV.RUHC","","","","","","","","","","","","","","","","","","",
"El Salvador, San Miguel","SLV_San_Miguel_SV.SM_1192_SLV009","Poverty headcount ratio at urban poverty line (% of population)","SI.POV.URHC","","","","","","","","","","","","","","","","","","",
"El Salvador, San Salvador","SLV_San_Salvador_SV.SS_1193_SLV010","Poverty headcount ratio at national poverty line (% of population)","SI.POV.NAHC","","","","","","","","","","27","23.7","25.1","27.6","28","26.1","29.6","24.9","",
"El Salvador, San Salvador","SLV_San_Salvador_SV.SS_1193_SLV010","Poverty headcount ratio at rural poverty line (% of population)","SI.POV.RUHC","","","","","","","","","","","","","","","","","","",
"El Salvador, San Salvador","SLV_San_Salvador_SV.SS_1193_SLV010","Poverty headcount ratio at urban poverty line (% of population)","SI.POV.URHC","","","","","","","","","","","","","","","","","","",
"El Salvador, San Vicente","SLV_San_Vicente_SV.SV_1194_SLV011","Poverty headcount ratio at national poverty line (% of population)","SI.POV.NAHC","","","","","","","","","","45.6","42.1","48.2","51.5","46.8","43.7","45.7","42.8","",
"El Salvador, San Vicente","SLV_San_Vicente_SV.SV_1194_SLV011","Poverty headcount ratio at rural poverty line (% of population)","SI.POV.RUHC","","","","","","","","","","","","","","","","","","",
"El Salvador, San Vicente","SLV_San_Vicente_SV.SV_1194_SLV011","Poverty headcount ratio at urban poverty line (% of population)","SI.POV.URHC","","","","","","","","","","","","","","","","","","",
"El Salvador, Santa Ana","SLV_Santa_Ana_SV.SA_1195_SLV012","Poverty headcount ratio at national poverty line (% of population)","SI.POV.NAHC","","","","","","","","","","42.4","33.8","34.4","41","37.6","36.8","40.8","34.6","",
"El Salvador, Santa Ana","SLV_Santa_Ana_SV.SA_1195_SLV012","Poverty headcount ratio at rural poverty line (% of population)","SI.POV.RUHC","","","","","","","","","","","","","","","","","","",
"El Salvador, Santa Ana","SLV_Santa_Ana_SV.SA_1195_SLV012","Poverty headcount ratio at urban poverty line (% of population)","SI.POV.URHC","","","","","","","","","","","","","","","","","","",
"El Salvador, Sonsonate","SLV_Sonsonate_SV.SO_1196_SLV013","Poverty headcount ratio at national poverty line (% of population)","SI.POV.NAHC","","","","","","","","","","35.3","31","35.1","47.3","45.6","42.5","47.3","39.9","",
"El Salvador, Sonsonate","SLV_Sonsonate_SV.SO_1196_SLV013","Poverty headcount ratio at rural poverty line (% of population)","SI.POV.RUHC","","","","","","","","","","","","","","","","","","",
"El Salvador, Sonsonate","SLV_Sonsonate_SV.SO_1196_SLV013","Poverty headcount ratio at urban poverty line (% of population)","SI.POV.URHC","","","","","","","","","","","","","","","","","","",
"El Salvador, Usulutan","SLV_Usulutan_SV.US_1197_SLV014","Poverty headcount ratio at national poverty line (% of population)","SI.POV.NAHC","","","","","","","","","","46.7","37.2","42.7","51.3","43.1","44.6","50.3","43.3","",
"El Salvador, Usulutan","SLV_Usulutan_SV.US_1197_SLV014","Poverty headcount ratio at rural poverty line (% of population)","SI.POV.RUHC","","","","","","","","","","","","","","","","","","",
"El Salvador, Usulutan","SLV_Usulutan_SV.US_1197_SLV014","Poverty headcount ratio at urban poverty line (% of population)","SI.POV.URHC","","","","","","","","","","","","","","","","","","",
"South Sudan, Central Equatoria","SSD_Central_Equatoria_SS.CE_2748_SSD001","Poverty headcount ratio at national poverty line (% of population)","SI.POV.NAHC","","","","","","","","","","","","","","43.5","","","","",
"South Sudan, Central Equatoria","SSD_Central_Equatoria_SS.CE_2748_SSD001","Poverty headcount ratio at rural poverty line (% of population)","SI.POV.RUHC","","","","","","","","","","","","","","","","","","",
"South Sudan, Central Equatoria","SSD_Central_Equatoria_SS.CE_2748_SSD001","Poverty headcount ratio at urban poverty line (% of population)","SI.POV.URHC","","","","","","","","","","","","","","","","","","",
"South Sudan, Eastern Equatoria","SSD_Eastern_Equatoria_SS.EE_2750_SSD002","Poverty headcount ratio at national poverty line (% of population)","SI.POV.NAHC","","","","","","","","","","","","","","49.8","","","","",
"South Sudan, Eastern Equatoria","SSD_Eastern_Equatoria_SS.EE_2750_SSD002","Poverty headcount ratio at rural poverty line (% of population)","SI.POV.RUHC","","","","","","","","","","","","","","","","","","",
"South Sudan, Eastern Equatoria","SSD_Eastern_Equatoria_SS.EE_2750_SSD002","Poverty headcount ratio at urban poverty line (% of population)","SI.POV.URHC","","","","","","","","","","","","","","","","","","",
"South Sudan, El Buheyrat","SSD_El_Buheyrat_SS.BU_2746_SSD003","Poverty headcount ratio at national poverty line (% of population)","SI.POV.NAHC","","","","","","","","","","","","","","48.9","","","","",
"South Sudan, El Buheyrat","SSD_El_Buheyrat_SS.BU_2746_SSD003","Poverty headcount ratio at rural poverty line (% of population)","SI.POV.RUHC","","","","","","","","","","","","","","","","","","",
"South Sudan, El Buheyrat","SSD_El_Buheyrat_SS.BU_2746_SSD003","Poverty headcount ratio at urban poverty line (% of population)","SI.POV.URHC","","","","","","","","","","","","","","","","","","",
"South Sudan, Jonglei","SSD_Jonglei_SS.JO_2751_SSD004","Poverty headcount ratio at national poverty line (% of population)","SI.POV.NAHC","","","","","","","","","","","","","","48.3","","","","",
"South Sudan, Jonglei","SSD_Jonglei_SS.JO_2751_SSD004","Poverty headcount ratio at rural poverty line (% of population)","SI.POV.RUHC","","","","","","","","","","","","","","","","","","",
"South Sudan, Jonglei","SSD_Jonglei_SS.JO_2751_SSD004","Poverty headcount ratio at urban poverty line (% of population)","SI.POV.URHC","","","","","","","","","","","","","","","","","","",
"South Sudan, Northern Bahr El Ghazal","SSD_Northern_Bahr_El_Ghazal_SS.NB_2754_SSD005","Poverty headcount ratio at national poverty line (% of population)","SI.POV.NAHC","","","","","","","","","","","","","","75.6","","","","",
"South Sudan, Northern Bahr El Ghazal","SSD_Northern_Bahr_El_Ghazal_SS.NB_2754_SSD005","Poverty headcount ratio at rural poverty line (% of population)","SI.POV.RUHC","","","","","","","","","","","","","","","","","","",
"South Sudan, Northern Bahr El Ghazal","SSD_Northern_Bahr_El_Ghazal_SS.NB_2754_SSD005","Poverty headcount ratio at urban poverty line (% of population)","SI.POV.URHC","","","","","","","","","","","","","","","","","","",
"South Sudan, Unity","SSD_Unity_SS.UI_2747_SSD006","Poverty headcount ratio at national poverty line (% of population)","SI.POV.NAHC","","","","","","","","","","","","","","68.4","","","","",
"South Sudan, Unity","SSD_Unity_SS.UI_2747_SSD006","Poverty headcount ratio at rural poverty line (% of population)","SI.POV.RUHC","","","","","","","","","","","","","","","","","","",
"South Sudan, Unity","SSD_Unity_SS.UI_2747_SSD006","Poverty headcount ratio at urban poverty line (% of population)","SI.POV.URHC","","","","","","","","","","","","","","","","","","",
"South Sudan, Upper Nile","SSD_Upper_Nile_SS.UN_37021_SSD007","Poverty headcount ratio at national poverty line (% of population)","SI.POV.NAHC","","","","","","","","","","","","","","25.7","","","","",
"South Sudan, Upper Nile","SSD_Upper_Nile_SS.UN_37021_SSD007","Poverty headcount ratio at rural poverty line (% of population)","SI.POV.RUHC","","","","","","","","","","","","","","","","","","",
"South Sudan, Upper Nile","SSD_Upper_Nile_SS.UN_37021_SSD007","Poverty headcount ratio at urban poverty line (% of population)","SI.POV.URHC","","","","","","","","","","","","","","","","","","",
"South Sudan, Warab","SSD_Warab_SS.WA_2765_SSD008","Poverty headcount ratio at national poverty line (% of population)","SI.POV.NAHC","","","","","","","","","","","","","","64.2","","","","",
"South Sudan, Warab","SSD_Warab_SS.WA_2765_SSD008","Poverty headcount ratio at rural poverty line (% of population)","SI.POV.RUHC","","","","","","","","","","","","","","","","","","",
"South Sudan, Warab","SSD_Warab_SS.WA_2765_SSD008","Poverty headcount ratio at urban poverty line (% of population)","SI.POV.URHC","","","","","","","","","","","","","","","","","","",
"South Sudan, Western Bahr El Ghazal","SSD_Western_Bahr_El_Ghazal_SS.WB_2766_SSD009","Poverty headcount ratio at national poverty line (% of population)","SI.POV.NAHC","","","","","","","","","","","","","","43.2","","","","",
"South Sudan, Western Bahr El Ghazal","SSD_Western_Bahr_El_Ghazal_SS.WB_2766_SSD009","Poverty headcount ratio at rural poverty line (% of population)","SI.POV.RUHC","","","","","","","","","","","","","","","","","","",
"South Sudan, Western Bahr El Ghazal","SSD_Western_Bahr_El_Ghazal_SS.WB_2766_SSD009","Poverty headcount ratio at urban poverty line (% of population)","SI.POV.URHC","","","","","","","","","","","","","","","","","","",
"South Sudan, Western Equatoria","SSD_Western_Equatoria_SS.WE_2768_SSD010","Poverty headcount ratio at national poverty line (% of population)","SI.POV.NAHC","","","","","","","","","","","","","","42.1","","","","",
"South Sudan, Western Equatoria","SSD_Western_Equatoria_SS.WE_2768_SSD010","Poverty headcount ratio at rural poverty line (% of population)","SI.POV.RUHC","","","","","","","","","","","","","","","","","","",
"South Sudan, Western Equatoria","SSD_Western_Equatoria_SS.WE_2768_SSD010","Poverty headcount ratio at urban poverty line (% of population)","SI.POV.URHC","","","","","","","","","","","","","","","","","","",
"Slovak Republic, Banska Bystrica","SVK_Banska_Bystrica_SK.BB_2667_SVK001","Poverty headcount ratio at national poverty line (% of population)","SI.POV.NAHC","","","","","","","","","","","","","","","","15.6","","",
"Slovak Republic, Banska Bystrica","SVK_Banska_Bystrica_SK.BB_2667_SVK001","Poverty headcount ratio at rural poverty line (% of population)","SI.POV.RUHC","","","","","","","","","","","","","","","","","","",
"Slovak Republic, Banska Bystrica","SVK_Banska_Bystrica_SK.BB_2667_SVK001","Poverty headcount ratio at urban poverty line (% of population)","SI.POV.URHC","","","","","","","","","","","","","","","","","","",
"Slovak Republic, Bratislava","SVK_Bratislava_SK.BR_2668_SVK002","Poverty headcount ratio at national poverty line (% of population)","SI.POV.NAHC","","","","","","","","","","","","","","","","6.3","","",
"Slovak Republic, Bratislava","SVK_Bratislava_SK.BR_2668_SVK002","Poverty headcount ratio at rural poverty line (% of population)","SI.POV.RUHC","","","","","","","","","","","","","","","","","","",
"Slovak Republic, Bratislava","SVK_Bratislava_SK.BR_2668_SVK002","Poverty headcount ratio at urban poverty line (% of population)","SI.POV.URHC","","","","","","","","","","","","","","","","","","",
"Slovak Republic, Kosice","SVK_Kosice_SK.KO_2669_SVK003","Poverty headcount ratio at national poverty line (% of population)","SI.POV.NAHC","","","","","","","","","","","","","","","","13.5","","",
"Slovak Republic, Kosice","SVK_Kosice_SK.KO_2669_SVK003","Poverty headcount ratio at rural poverty line (% of population)","SI.POV.RUHC","","","","","","","","","","","","","","","","","","",
"Slovak Republic, Kosice","SVK_Kosice_SK.KO_2669_SVK003","Poverty headcount ratio at urban poverty line (% of population)","SI.POV.URHC","","","","","","","","","","","","","","","","","","",
"Slovak Republic, Nitra","SVK_Nitra_SK.NI_2670_SVK004","Poverty headcount ratio at national poverty line (% of population)","SI.POV.NAHC","","","","","","","","","","","","","","","","15.9","","",
"Slovak Republic, Nitra","SVK_Nitra_SK.NI_2670_SVK004","Poverty headcount ratio at rural poverty line (% of population)","SI.POV.RUHC","","","","","","","","","","","","","","","","","","",
"Slovak Republic, Nitra","SVK_Nitra_SK.NI_2670_SVK004","Poverty headcount ratio at urban poverty line (% of population)","SI.POV.URHC","","","","","","","","","","","","","","","","","","",
"Slovak Republic, Presov","SVK_Presov_SK.PR_2671_SVK005","Poverty headcount ratio at national poverty line (% of population)","SI.POV.NAHC","","","","","","","","","","","","","","","","19.9","","",
"Slovak Republic, Presov","SVK_Presov_SK.PR_2671_SVK005","Poverty headcount ratio at rural poverty line (% of population)","SI.POV.RUHC","","","","","","","","","","","","","","","","","","",
"Slovak Republic, Presov","SVK_Presov_SK.PR_2671_SVK005","Poverty headcount ratio at urban poverty line (% of population)","SI.POV.URHC","","","","","","","","","","","","","","","","","","",
"Slovak Republic, Trencin","SVK_Trencin_SK.TR_2672_SVK006","Poverty headcount ratio at national poverty line (% of population)","SI.POV.NAHC","","","","","","","","","","","","","","","","8.3","","",
"Slovak Republic, Trencin","SVK_Trencin_SK.TR_2672_SVK006","Poverty headcount ratio at rural poverty line (% of population)","SI.POV.RUHC","","","","","","","","","","","","","","","","","","",
"Slovak Republic, Trencin","SVK_Trencin_SK.TR_2672_SVK006","Poverty headcount ratio at urban poverty line (% of population)","SI.POV.URHC","","","","","","","","","","","","","","","","","","",
"Slovak Republic, Trnava","SVK_Trnava_SK.TN_2673_SVK007","Poverty headcount ratio at national poverty line (% of population)","SI.POV.NAHC","","","","","","","","","","","","","","","","10.6","","",
"Slovak Republic, Trnava","SVK_Trnava_SK.TN_2673_SVK007","Poverty headcount ratio at rural poverty line (% of population)","SI.POV.RUHC","","","","","","","","","","","","","","","","","","",
"Slovak Republic, Trnava","SVK_Trnava_SK.TN_2673_SVK007","Poverty headcount ratio at urban poverty line (% of population)","SI.POV.URHC","","","","","","","","","","","","","","","","","","",
"Slovak Republic, Zilna","SVK_Zilna_SK.ZI_2674_SVK008","Poverty headcount ratio at national poverty line (% of population)","SI.POV.NAHC","","","","","","","","","","","","","","","","12.7","","",
"Slovak Republic, Zilna","SVK_Zilna_SK.ZI_2674_SVK008","Poverty headcount ratio at rural poverty line (% of population)","SI.POV.RUHC","","","","","","","","","","","","","","","","","","",
"Slovak Republic, Zilna","SVK_Zilna_SK.ZI_2674_SVK008","Poverty headcount ratio at urban poverty line (% of population)","SI.POV.URHC","","","","","","","","","","","","","","","","","","",
"Slovenia, Vzhodna","SVN_Vzhodna_Slovenia_AGG064","Poverty headcount ratio at national poverty line (% of population)","SI.POV.NAHC","","","","","","","","","","","","","","","16.2","16.1","","",
"Slovenia, Vzhodna","SVN_Vzhodna_Slovenia_AGG064","Poverty headcount ratio at rural poverty line (% of population)","SI.POV.RUHC","","","","","","","","","","","","","","","","","","",
"Slovenia, Vzhodna","SVN_Vzhodna_Slovenia_AGG064","Poverty headcount ratio at urban poverty line (% of population)","SI.POV.URHC","","","","","","","","","","","","","","","","","","",
"Slovenia, Zahodna","SVN_Zahodna_Slovenia_AGG065_55","Poverty headcount ratio at national poverty line (% of population)","SI.POV.NAHC","","","","","","","","","","","","","","","10.8","10.7","","",
"Slovenia, Zahodna","SVN_Zahodna_Slovenia_AGG065_55","Poverty headcount ratio at rural poverty line (% of population)","SI.POV.RUHC","","","","","","","","","","","","","","","","","","",
"Slovenia, Zahodna","SVN_Zahodna_Slovenia_AGG065_55","Poverty headcount ratio at urban poverty line (% of population)","SI.POV.URHC","","","","","","","","","","","","","","","","","","",
"Syrian Arab Republic, Central","SYR_Central_AGG066_55","Poverty headcount ratio at national poverty line (% of population)","SI.POV.NAHC","","","","","","","","","","","","25.46","","","","","","",
"Syrian Arab Republic, Central","SYR_Central_AGG066_55","Poverty headcount ratio at rural poverty line (% of population)","SI.POV.RUHC","","","","","","","","","","","","","","","","","","",
"Syrian Arab Republic, Central","SYR_Central_AGG066_55","Poverty headcount ratio at urban poverty line (% of population)","SI.POV.URHC","","","","","","","","","","","","","","","","","","",
"Syrian Arab Republic, Coastal","SYR_Coastal_AGG067","Poverty headcount ratio at national poverty line (% of population)","SI.POV.NAHC","","","","","","","","","","","","30.59","","","","","","",
"Syrian Arab Republic, Coastal","SYR_Coastal_AGG067","Poverty headcount ratio at rural poverty line (% of population)","SI.POV.RUHC","","","","","","","","","","","","","","","","","","",
"Syrian Arab Republic, Coastal","SYR_Coastal_AGG067","Poverty headcount ratio at urban poverty line (% of population)","SI.POV.URHC","","","","","","","","","","","","","","","","","","",
"Syrian Arab Republic, North-Eastern","SYR_North-Eastern_AGG068","Poverty headcount ratio at national poverty line (% of population)","SI.POV.NAHC","","","","","","","","","","","","36.04","","","","","","",
"Syrian Arab Republic, North-Eastern","SYR_North-Eastern_AGG068","Poverty headcount ratio at rural poverty line (% of population)","SI.POV.RUHC","","","","","","","","","","","","","","","","","","",
"Syrian Arab Republic, North-Eastern","SYR_North-Eastern_AGG068","Poverty headcount ratio at urban poverty line (% of population)","SI.POV.URHC","","","","","","","","","","","","","","","","","","",
"Syrian Arab Republic, Southern","SYR_Southern_AGG069","Poverty headcount ratio at national poverty line (% of population)","SI.POV.NAHC","","","","","","","","","","","","35.22","","","","","","",
"Syrian Arab Republic, Southern","SYR_Southern_AGG069","Poverty headcount ratio at rural poverty line (% of population)","SI.POV.RUHC","","","","","","","","","","","","","","","","","","",
"Syrian Arab Republic, Southern","SYR_Southern_AGG069","Poverty headcount ratio at urban poverty line (% of population)","SI.POV.URHC","","","","","","","","","","","","","","","","","","",
"Togo, Centrale","TGO_Centrale_TG.CE_2970_TGO001","Poverty headcount ratio at national poverty line (% of population)","SI.POV.NAHC","","","","","","","","","","","74.6","","","","","80.2","","",
"Togo, Centrale","TGO_Centrale_TG.CE_2970_TGO001","Poverty headcount ratio at rural poverty line (% of population)","SI.POV.RUHC","","","","","","","","","","","","","","","","","","",
"Togo, Centrale","TGO_Centrale_TG.CE_2970_TGO001","Poverty headcount ratio at urban poverty line (% of population)","SI.POV.URHC","","","","","","","","","","","","","","","","","","",
"Togo, Grande Lomé","TGO_Lome_27395.55","Poverty headcount ratio at national poverty line (% of population)","SI.POV.NAHC","","","","","","","","","","","32.8","","","","","27.2","","",
"Togo, Grande Lomé","TGO_Lome_27395.55","Poverty headcount ratio at rural poverty line (% of population)","SI.POV.RUHC","","","","","","","","","","","","","","","","","","",
"Togo, Grande Lomé","TGO_Lome_27395.55","Poverty headcount ratio at urban poverty line (% of population)","SI.POV.URHC","","","","","","","","","","","","","","","","","","",
"Togo, Kara","TGO_Kara_TG.KA_2971_TGO002","Poverty headcount ratio at national poverty line (% of population)","SI.POV.NAHC","","","","","","","","","","","74.2","","","","","68.4","","",
"Togo, Kara","TGO_Kara_TG.KA_2971_TGO002","Poverty headcount ratio at rural poverty line (% of population)","SI.POV.RUHC","","","","","","","","","","","","","","","","","","",
"Togo, Kara","TGO_Kara_TG.KA_2971_TGO002","Poverty headcount ratio at urban poverty line (% of population)","SI.POV.URHC","","","","","","","","","","","","","","","","","","",
"Togo, Maritime","TGO_Maritime_TG.MA_2972_TGO003","Poverty headcount ratio at national poverty line (% of population)","SI.POV.NAHC","","","","","","","","","","","67.1","","","","","53.9","","",
"Togo, Maritime","TGO_Maritime_TG.MA_2972_TGO003","Poverty headcount ratio at rural poverty line (% of population)","SI.POV.RUHC","","","","","","","","","","","","","","","","","","",
"Togo, Maritime","TGO_Maritime_TG.MA_2972_TGO003","Poverty headcount ratio at urban poverty line (% of population)","SI.POV.URHC","","","","","","","","","","","","","","","","","","",
"Togo, Plateaux","TGO_Plateaux_TG.PL_977_TGO004","Poverty headcount ratio at national poverty line (% of population)","SI.POV.NAHC","","","","","","","","","","","61.1","","","","","64.7","","",
"Togo, Plateaux","TGO_Plateaux_TG.PL_977_TGO004","Poverty headcount ratio at rural poverty line (% of population)","SI.POV.RUHC","","","","","","","","","","","","","","","","","","",
"Togo, Plateaux","TGO_Plateaux_TG.PL_977_TGO004","Poverty headcount ratio at urban poverty line (% of population)","SI.POV.URHC","","","","","","","","","","","","","","","","","","",
"Togo, Savanes","TGO_Savanes_TG.SV_2974_TGO005","Poverty headcount ratio at national poverty line (% of population)","SI.POV.NAHC","","","","","","","","","","","86.7","","","","","90.8","","",
"Togo, Savanes","TGO_Savanes_TG.SV_2974_TGO005","Poverty headcount ratio at rural poverty line (% of population)","SI.POV.RUHC","","","","","","","","","","","","","","","","","","",
"Togo, Savanes","TGO_Savanes_TG.SV_2974_TGO005","Poverty headcount ratio at urban poverty line (% of population)","SI.POV.URHC","","","","","","","","","","","","","","","","","","",
"Tajikistan, Dushanbe","TJK_Dushanbe_TJ.DU_2847.8_TJK005","Poverty headcount ratio at national poverty line (% of population)","SI.POV.NAHC","","","","","","","","","","","","","","33.9","","","","",
"Tajikistan, Dushanbe","TJK_Dushanbe_TJ.DU_2847.8_TJK005","Poverty headcount ratio at rural poverty line (% of population)","SI.POV.RUHC","","","","","","","","","","","","","","","","","","",
"Tajikistan, Dushanbe","TJK_Dushanbe_TJ.DU_2847.8_TJK005","Poverty headcount ratio at urban poverty line (% of population)","SI.POV.URHC","","","","","","","","","","","","","","","","","","",
"Tajikistan, Gorno-Badakhshan Autonomous Oblast","TJK_GBAO_TJ.BG_2847_TJK001","Poverty headcount ratio at national poverty line (% of population)","SI.POV.NAHC","","","","","","","","","","","","","","61.9","","","","",
"Tajikistan, Gorno-Badakhshan Autonomous Oblast","TJK_GBAO_TJ.BG_2847_TJK001","Poverty headcount ratio at rural poverty line (% of population)","SI.POV.RUHC","","","","","","","","","","","","","","","","","","",
"Tajikistan, Gorno-Badakhshan Autonomous Oblast","TJK_GBAO_TJ.BG_2847_TJK001","Poverty headcount ratio at urban poverty line (% of population)","SI.POV.URHC","","","","","","","","","","","","","","","","","","",
"Tajikistan, Khatlon","TJK_Khatlon_TJ.KL_2848_TKJ002","Poverty headcount ratio at national poverty line (% of population)","SI.POV.NAHC","","","","","","","","","","","","","","53.9","","","","",
"Tajikistan, Khatlon","TJK_Khatlon_TJ.KL_2848_TKJ002","Poverty headcount ratio at rural poverty line (% of population)","SI.POV.RUHC","","","","","","","","","","","","","","","","","","",
"Tajikistan, Khatlon","TJK_Khatlon_TJ.KL_2848_TKJ002","Poverty headcount ratio at urban poverty line (% of population)","SI.POV.URHC","","","","","","","","","","","","","","","","","","",
"Tajikistan, Regions of Republican Subordination (RRS)","TJK_RRS_TJ.RR_2850_TJK004","Poverty headcount ratio at national poverty line (% of population)","SI.POV.NAHC","","","","","","","","","","","","","","38.9","","","","",
"Tajikistan, Regions of Republican Subordination (RRS)","TJK_RRS_TJ.RR_2850_TJK004","Poverty headcount ratio at rural poverty line (% of population)","SI.POV.RUHC","","","","","","","","","","","","","","","","","","",
"Tajikistan, Regions of Republican Subordination (RRS)","TJK_RRS_TJ.RR_2850_TJK004","Poverty headcount ratio at urban poverty line (% of population)","SI.POV.URHC","","","","","","","","","","","","","","","","","","",
"Tajikistan, Sogd","TJK_Sogd_TJ.LE_2849_TJK003","Poverty headcount ratio at national poverty line (% of population)","SI.POV.NAHC","","","","","","","","","","","","","","48.3","","","","",
"Tajikistan, Sogd","TJK_Sogd_TJ.LE_2849_TJK003","Poverty headcount ratio at rural poverty line (% of population)","SI.POV.RUHC","","","","","","","","","","","","","","","","","","",
"Tajikistan, Sogd","TJK_Sogd_TJ.LE_2849_TJK003","Poverty headcount ratio at urban poverty line (% of population)","SI.POV.URHC","","","","","","","","","","","","","","","","","","",
"Timor-Leste, Aileu","TLS_Aileu_TP.AL_2957_TMP001","Poverty headcount ratio at national poverty line (% of population)","SI.POV.NAHC","","","","","","","","","","","","68.6","","","","","","",
"Timor-Leste, Aileu","TLS_Aileu_TP.AL_2957_TMP001","Poverty headcount ratio at rural poverty line (% of population)","SI.POV.RUHC","","","","","","","","","","","","","","","","","","",
"Timor-Leste, Aileu","TLS_Aileu_TP.AL_2957_TMP001","Poverty headcount ratio at urban poverty line (% of population)","SI.POV.URHC","","","","","","","","","","","","","","","","","","",
"Timor-Leste, Ainaro","TLS_Ainaro_TP.AN_2958_TMP002","Poverty headcount ratio at national poverty line (% of population)","SI.POV.NAHC","","","","","","","","","","","","79.7","","","","","","",
"Timor-Leste, Ainaro","TLS_Ainaro_TP.AN_2958_TMP002","Poverty headcount ratio at rural poverty line (% of population)","SI.POV.RUHC","","","","","","","","","","","","","","","","","","",
"Timor-Leste, Ainaro","TLS_Ainaro_TP.AN_2958_TMP002","Poverty headcount ratio at urban poverty line (% of population)","SI.POV.URHC","","","","","","","","","","","","","","","","","","",
"Timor-Leste, Baucau","TLS_Baucau_TP.BC_2959_TMP003","Poverty headcount ratio at national poverty line (% of population)","SI.POV.NAHC","","","","","","","","","","","","22.3","","","","","","",
"Timor-Leste, Baucau","TLS_Baucau_TP.BC_2959_TMP003","Poverty headcount ratio at rural poverty line (% of population)","SI.POV.RUHC","","","","","","","","","","","","","","","","","","",
"Timor-Leste, Baucau","TLS_Baucau_TP.BC_2959_TMP003","Poverty headcount ratio at urban poverty line (% of population)","SI.POV.URHC","","","","","","","","","","","","","","","","","","",
"Timor-Leste, Bobonaro","TLS_Bobonaro_TP.BB_2960_TMP004","Poverty headcount ratio at national poverty line (% of population)","SI.POV.NAHC","","","","","","","","","","","","54.5","","","","","","",
"Timor-Leste, Bobonaro","TLS_Bobonaro_TP.BB_2960_TMP004","Poverty headcount ratio at rural poverty line (% of population)","SI.POV.RUHC","","","","","","","","","","","","","","","","","","",
"Timor-Leste, Bobonaro","TLS_Bobonaro_TP.BB_2960_TMP004","Poverty headcount ratio at urban poverty line (% of population)","SI.POV.URHC","","","","","","","","","","","","","","","","","","",
"Timor-Leste, Cova Lima","TLS_Cova_Lima_TP.CL_2961_TMP005","Poverty headcount ratio at national poverty line (% of population)","SI.POV.NAHC","","","","","","","","","","","","49.1","","","","","","",
"Timor-Leste, Cova Lima","TLS_Cova_Lima_TP.CL_2961_TMP005","Poverty headcount ratio at rural poverty line (% of population)","SI.POV.RUHC","","","","","","","","","","","","","","","","","","",
"Timor-Leste, Cova Lima","TLS_Cova_Lima_TP.CL_2961_TMP005","Poverty headcount ratio at urban poverty line (% of population)","SI.POV.URHC","","","","","","","","","","","","","","","","","","",
"Timor-Leste, Dili","TLS_Dili_TP.DL_2962_TMP006","Poverty headcount ratio at national poverty line (% of population)","SI.POV.NAHC","","","","","","","","","","","","43.3","","","","","","",
"Timor-Leste, Dili","TLS_Dili_TP.DL_2962_TMP006","Poverty headcount ratio at rural poverty line (% of population)","SI.POV.RUHC","","","","","","","","","","","","","","","","","","",
"Timor-Leste, Dili","TLS_Dili_TP.DL_2962_TMP006","Poverty headcount ratio at urban poverty line (% of population)","SI.POV.URHC","","","","","","","","","","","","","","","","","","",
"Timor-Leste, Ermera","TLS_Ermera_TP.ER_2963_TMP007","Poverty headcount ratio at national poverty line (% of population)","SI.POV.NAHC","","","","","","","","","","","","54.6","","","","","","",
"Timor-Leste, Ermera","TLS_Ermera_TP.ER_2963_TMP007","Poverty headcount ratio at rural poverty line (% of population)","SI.POV.RUHC","","","","","","","","","","","","","","","","","","",
"Timor-Leste, Ermera","TLS_Ermera_TP.ER_2963_TMP007","Poverty headcount ratio at urban poverty line (% of population)","SI.POV.URHC","","","","","","","","","","","","","","","","","","",
"Timor-Leste, Lautem","TLS_Lautem_TP.BT_2964_TMP008","Poverty headcount ratio at national poverty line (% of population)","SI.POV.NAHC","","","","","","","","","","","","21.3","","","","","","",
"Timor-Leste, Lautem","TLS_Lautem_TP.BT_2964_TMP008","Poverty headcount ratio at rural poverty line (% of population)","SI.POV.RUHC","","","","","","","","","","","","","","","","","","",
"Timor-Leste, Lautem","TLS_Lautem_TP.BT_2964_TMP008","Poverty headcount ratio at urban poverty line (% of population)","SI.POV.URHC","","","","","","","","","","","","","","","","","","",
"Timor-Leste, Liquica","TLS_Liquica_TP.LQ_2965_TMP009","Poverty headcount ratio at national poverty line (% of population)","SI.POV.NAHC","","","","","","","","","","","","44.9","","","","","","",
"Timor-Leste, Liquica","TLS_Liquica_TP.LQ_2965_TMP009","Poverty headcount ratio at rural poverty line (% of population)","SI.POV.RUHC","","","","","","","","","","","","","","","","","","",
"Timor-Leste, Liquica","TLS_Liquica_TP.LQ_2965_TMP009","Poverty headcount ratio at urban poverty line (% of population)","SI.POV.URHC","","","","","","","","","","","","","","","","","","",
"Timor-Leste, Manatuto","TLS_Manatuto_TP.MT_2966_TMP010","Poverty headcount ratio at national poverty line (% of population)","SI.POV.NAHC","","","","","","","","","","","","73.7","","","","","","",
"Timor-Leste, Manatuto","TLS_Manatuto_TP.MT_2966_TMP010","Poverty headcount ratio at rural poverty line (% of population)","SI.POV.RUHC","","","","","","","","","","","","","","","","","","",
"Timor-Leste, Manatuto","TLS_Manatuto_TP.MT_2966_TMP010","Poverty headcount ratio at urban poverty line (% of population)","SI.POV.URHC","","","","","","","","","","","","","","","","","","",
"Timor-Leste, Manufahi","TLS_Manufahi_TP.MF_2967_TMP011","Poverty headcount ratio at national poverty line (% of population)","SI.POV.NAHC","","","","","","","","","","","","85.2","","","","","","",
"Timor-Leste, Manufahi","TLS_Manufahi_TP.MF_2967_TMP011","Poverty headcount ratio at rural poverty line (% of population)","SI.POV.RUHC","","","","","","","","","","","","","","","","","","",
"Timor-Leste, Manufahi","TLS_Manufahi_TP.MF_2967_TMP011","Poverty headcount ratio at urban poverty line (% of population)","SI.POV.URHC","","","","","","","","","","","","","","","","","","",
"Timor-Leste, Oecussi","TLS_Oecussi_TP.AM_2968_TMP012","Poverty headcount ratio at national poverty line (% of population)","SI.POV.NAHC","","","","","","","","","","","","61","","","","","","",
"Timor-Leste, Oecussi","TLS_Oecussi_TP.AM_2968_TMP012","Poverty headcount ratio at rural poverty line (% of population)","SI.POV.RUHC","","","","","","","","","","","","","","","","","","",
"Timor-Leste, Oecussi","TLS_Oecussi_TP.AM_2968_TMP012","Poverty headcount ratio at urban poverty line (% of population)","SI.POV.URHC","","","","","","","","","","","","","","","","","","",
"Timor-Leste, Viqueque","TLS_Viqueque_TP.VQ_2969_TMP013","Poverty headcount ratio at national poverty line (% of population)","SI.POV.NAHC","","","","","","","","","","","","43.4","","","","","","",
"Timor-Leste, Viqueque","TLS_Viqueque_TP.VQ_2969_TMP013","Poverty headcount ratio at rural poverty line (% of population)","SI.POV.RUHC","","","","","","","","","","","","","","","","","","",
"Timor-Leste, Viqueque","TLS_Viqueque_TP.VQ_2969_TMP013","Poverty headcount ratio at urban poverty line (% of population)","SI.POV.URHC","","","","","","","","","","","","","","","","","","",
"Tunisia, Centre Est","TUN_Centre_Est_AGG070","Poverty headcount ratio at national poverty line (% of population)","SI.POV.NAHC","","","","","21.4","","","","","12.6","","","","","8","","","",
"Tunisia, Centre Est","TUN_Centre_Est_AGG070","Poverty headcount ratio at rural poverty line (% of population)","SI.POV.RUHC","","","","","","","","","","","","","","","","","","",
"Tunisia, Centre Est","TUN_Centre_Est_AGG070","Poverty headcount ratio at urban poverty line (% of population)","SI.POV.URHC","","","","","","","","","","","","","","","","","","",
"Tunisia, Centre Ouest","TUN_Centre_Ouest_AGG075","Poverty headcount ratio at national poverty line (% of population)","SI.POV.NAHC","","","","","49.3","","","","","46.5","","","","","32.3","","","",
"Tunisia, Centre Ouest","TUN_Centre_Ouest_AGG075","Poverty headcount ratio at rural poverty line (% of population)","SI.POV.RUHC","","","","","","","","","","","","","","","","","","",
"Tunisia, Centre Ouest","TUN_Centre_Ouest_AGG075","Poverty headcount ratio at urban poverty line (% of population)","SI.POV.URHC","","","","","","","","","","","","","","","","","","",
"Tunisia, Grand Tunis","TUN_Grand_Tunis_AGG075_5","Poverty headcount ratio at national poverty line (% of population)","SI.POV.NAHC","","","","","21","","","","","14.6","","","","","9.1","","","",
"Tunisia, Grand Tunis","TUN_Grand_Tunis_AGG075_5","Poverty headcount ratio at rural poverty line (% of population)","SI.POV.RUHC","","","","","","","","","","","","","","","","","","",
"Tunisia, Grand Tunis","TUN_Grand_Tunis_AGG075_5","Poverty headcount ratio at urban poverty line (% of population)","SI.POV.URHC","","","","","","","","","","","","","","","","","","",
"Tunisia, Nord Est","TUN_Nord_Est_AGG071","Poverty headcount ratio at national poverty line (% of population)","SI.POV.NAHC","","","","","32.1","","","","","21.6","","","","","10.3","","","",
"Tunisia, Nord Est","TUN_Nord_Est_AGG071","Poverty headcount ratio at rural poverty line (% of population)","SI.POV.RUHC","","","","","","","","","","","","","","","","","","",
"Tunisia, Nord Est","TUN_Nord_Est_AGG071","Poverty headcount ratio at urban poverty line (% of population)","SI.POV.URHC","","","","","","","","","","","","","","","","","","",
"Tunisia, Nord Ouest","TUN_Nord_Ouest_AGG072","Poverty headcount ratio at national poverty line (% of population)","SI.POV.NAHC","","","","","35.3","","","","","26.9","","","","","25.7","","","",
"Tunisia, Nord Ouest","TUN_Nord_Ouest_AGG072","Poverty headcount ratio at rural poverty line (% of population)","SI.POV.RUHC","","","","","","","","","","","","","","","","","","",
"Tunisia, Nord Ouest","TUN_Nord_Ouest_AGG072","Poverty headcount ratio at urban poverty line (% of population)","SI.POV.URHC","","","","","","","","","","","","","","","","","","",
"Tunisia, Sud Est","TUN_Sud_Est_AGG073","Poverty headcount ratio at national poverty line (% of population)","SI.POV.NAHC","","","","","44.3","","","","","29","","","","","17.9","","","",
"Tunisia, Sud Est","TUN_Sud_Est_AGG073","Poverty headcount ratio at rural poverty line (% of population)","SI.POV.RUHC","","","","","","","","","","","","","","","","","","",
"Tunisia, Sud Est","TUN_Sud_Est_AGG073","Poverty headcount ratio at urban poverty line (% of population)","SI.POV.URHC","","","","","","","","","","","","","","","","","","",
"Tunisia, Sud Quest","TUN_Sud_Quest_AGG074","Poverty headcount ratio at national poverty line (% of population)","SI.POV.NAHC","","","","","47.8","","","","","33.2","","","","","21.5","","","",
"Tunisia, Sud Quest","TUN_Sud_Quest_AGG074","Poverty headcount ratio at rural poverty line (% of population)","SI.POV.RUHC","","","","","","","","","","","","","","","","","","",
"Tunisia, Sud Quest","TUN_Sud_Quest_AGG074","Poverty headcount ratio at urban poverty line (% of population)","SI.POV.URHC","","","","","","","","","","","","","","","","","","",
"Venezuela, RB, Amazonas","VEN_Amazonas_VE.AM_3302_VEN001","Poverty headcount ratio at national poverty line (% of population)","SI.POV.NAHC","","","","","","","70.4","75.1","65.4","50.9","37.1","37.3","39.3","41.4","41","39.2","41.6","53.3",
"Venezuela, RB, Amazonas","VEN_Amazonas_VE.AM_3302_VEN001","Poverty headcount ratio at rural poverty line (% of population)","SI.POV.RUHC","","","","","","","","","","","","","","","","","","",
"Venezuela, RB, Amazonas","VEN_Amazonas_VE.AM_3302_VEN001","Poverty headcount ratio at urban poverty line (% of population)","SI.POV.URHC","","","","","","","","","","","","","","","","","","",
"Venezuela, RB, Anzoategui","VEN_Anzoategui_VE.AN_3303_VEN002","Poverty headcount ratio at national poverty line (% of population)","SI.POV.NAHC","","","","","","","40.3","48.3","40.9","41.8","30.6","28.3","28.1","35.1","38.7","35.2","22.3","33.9",
"Venezuela, RB, Anzoategui","VEN_Anzoategui_VE.AN_3303_VEN002","Poverty headcount ratio at rural poverty line (% of population)","SI.POV.RUHC","","","","","","","","","","","","","","","","","","",
"Venezuela, RB, Anzoategui","VEN_Anzoategui_VE.AN_3303_VEN002","Poverty headcount ratio at urban poverty line (% of population)","SI.POV.URHC","","","","","","","","","","","","","","","","","","",
"Venezuela, RB, Apure","VEN_Apure_VE.AP_3304_VEN003","Poverty headcount ratio at national poverty line (% of population)","SI.POV.NAHC","","","","","","","69","70","62.4","54.8","50.9","47.9","45.1","45","43.6","46","43.4","49.7",
"Venezuela, RB, Apure","VEN_Apure_VE.AP_3304_VEN003","Poverty headcount ratio at rural poverty line (% of population)","SI.POV.RUHC","","","","","","","","","","","","","","","","","","",
"Venezuela, RB, Apure","VEN_Apure_VE.AP_3304_VEN003","Poverty headcount ratio at urban poverty line (% of population)","SI.POV.URHC","","","","","","","","","","","","","","","","","","",
"Venezuela, RB, Aragua","VEN_Aragua_VE.AR_3305_VEN004","Poverty headcount ratio at national poverty line (% of population)","SI.POV.NAHC","","","","","","","54.9","59.6","51.6","44.4","35.1","34.1","35.6","35.5","31.5","28.8","17.1","24.9",
"Venezuela, RB, Aragua","VEN_Aragua_VE.AR_3305_VEN004","Poverty headcount ratio at rural poverty line (% of population)","SI.POV.RUHC","","","","","","","","","","","","","","","","","","",
"Venezuela, RB, Aragua","VEN_Aragua_VE.AR_3305_VEN004","Poverty headcount ratio at urban poverty line (% of population)","SI.POV.URHC","","","","","","","","","","","","","","","","","","",
"Venezuela, RB, Barinas","VEN_Barinas_VE.BA_3306_VEN005","Poverty headcount ratio at national poverty line (% of population)","SI.POV.NAHC","","","","","","","74.7","77.1","72.2","60.8","57.2","55.3","52.9","52","46.6","40.9","31.6","42.7",
"Venezuela, RB, Barinas","VEN_Barinas_VE.BA_3306_VEN005","Poverty headcount ratio at rural poverty line (% of population)","SI.POV.RUHC","","","","","","","","","","","","","","","","","","",
"Venezuela, RB, Barinas","VEN_Barinas_VE.BA_3306_VEN005","Poverty headcount ratio at urban poverty line (% of population)","SI.POV.URHC","","","","","","","","","","","","","","","","","","",
"Venezuela, RB, Bolivar","VEN_Bolivar_VE.BO_3307_VEN006","Poverty headcount ratio at national poverty line (% of population)","SI.POV.NAHC","","","","","","","57","64.7","55.3","47","42.4","42.1","37.8","34.8","33.5","34.8","30.5","34.6",
"Venezuela, RB, Bolivar","VEN_Bolivar_VE.BO_3307_VEN006","Poverty headcount ratio at rural poverty line (% of population)","SI.POV.RUHC","","","","","","","","","","","","","","","","","","",
"Venezuela, RB, Bolivar","VEN_Bolivar_VE.BO_3307_VEN006","Poverty headcount ratio at urban poverty line (% of population)","SI.POV.URHC","","","","","","","","","","","","","","","","","","",
"Venezuela, RB, Carabobo","VEN_Carabobo_VE.CA_3308_VEN007","Poverty headcount ratio at national poverty line (% of population)","SI.POV.NAHC","","","","","","","55","62.4","51.7","37.2","31.2","29.3","27.8","24.3","25.4","17.3","16.5","26.9",
"Venezuela, RB, Carabobo","VEN_Carabobo_VE.CA_3308_VEN007","Poverty headcount ratio at rural poverty line (% of population)","SI.POV.RUHC","","","","","","","","","","","","","","","","","","",
"Venezuela, RB, Carabobo","VEN_Carabobo_VE.CA_3308_VEN007","Poverty headcount ratio at urban poverty line (% of population)","SI.POV.URHC","","","","","","","","","","","","","","","","","","",
"Venezuela, RB, Cojedes","VEN_Cojedes_VE.CO_3309_VEN008","Poverty headcount ratio at national poverty line (% of population)","SI.POV.NAHC","","","","","","","63.5","66.2","57.4","50.3","40.7","33.2","30.6","31","26.5","37.3","28.1","36.7",
"Venezuela, RB, Cojedes","VEN_Cojedes_VE.CO_3309_VEN008","Poverty headcount ratio at rural poverty line (% of population)","SI.POV.RUHC","","","","","","","","","","","","","","","","","","",
"Venezuela, RB, Cojedes","VEN_Cojedes_VE.CO_3309_VEN008","Poverty headcount ratio at urban poverty line (% of population)","SI.POV.URHC","","","","","","","","","","","","","","","","","","",
"Venezuela, RB, Delta Amacuro","VEN_Delta_Amacuro_VE.DA_3310_VEN009","Poverty headcount ratio at national poverty line (% of population)","SI.POV.NAHC","","","","","","","56.3","60.7","56.6","43.8","35.7","35.5","39","46.1","51.1","39.2","41.1","42.3",
"Venezuela, RB, Delta Amacuro","VEN_Delta_Amacuro_VE.DA_3310_VEN009","Poverty headcount ratio at rural poverty line (% of population)","SI.POV.RUHC","","","","","","","","","","","","","","","","","","",
"Venezuela, RB, Delta Amacuro","VEN_Delta_Amacuro_VE.DA_3310_VEN009","Poverty headcount ratio at urban poverty line (% of population)","SI.POV.URHC","","","","","","","","","","","","","","","","","","",
"Venezuela, RB, Distrito Capital","VEN_Distrito_Capital_VE.DC_67153_VEN010","Poverty headcount ratio at national poverty line (% of population)","SI.POV.NAHC","","","","","","","34.4","42.5","32","21.8","20.4","18.1","18.9","13.9","14.3","13.3","12.9","11.1",
"Venezuela, RB, Distrito Capital","VEN_Distrito_Capital_VE.DC_67153_VEN010","Poverty headcount ratio at rural poverty line (% of population)","SI.POV.RUHC","","","","","","","","","","","","","","","","","","",
"Venezuela, RB, Distrito Capital","VEN_Distrito_Capital_VE.DC_67153_VEN010","Poverty headcount ratio at urban poverty line (% of population)","SI.POV.URHC","","","","","","","","","","","","","","","","","","",
"Venezuela, RB, Falcon","VEN_Falcon_VE.FA_3313_VEN011","Poverty headcount ratio at national poverty line (% of population)","SI.POV.NAHC","","","","","","","59.5","66.9","59.7","48.5","40.4","31.2","27.1","43.5","31.3","27.7","24.1","35.4",
"Venezuela, RB, Falcon","VEN_Falcon_VE.FA_3313_VEN011","Poverty headcount ratio at rural poverty line (% of population)","SI.POV.RUHC","","","","","","","","","","","","","","","","","","",
"Venezuela, RB, Falcon","VEN_Falcon_VE.FA_3313_VEN011","Poverty headcount ratio at urban poverty line (% of population)","SI.POV.URHC","","","","","","","","","","","","","","","","","","",
"Venezuela, RB, Guarico","VEN_Guarico_VE.GU_3314_VEN012","Poverty headcount ratio at national poverty line (% of population)","SI.POV.NAHC","","","","","","","64.2","70.8","59.8","52.9","45","42.5","45.4","43.7","43.1","44.1","34.4","38.9",
"Venezuela, RB, Guarico","VEN_Guarico_VE.GU_3314_VEN012","Poverty headcount ratio at rural poverty line (% of population)","SI.POV.RUHC","","","","","","","","","","","","","","","","","","",
"Venezuela, RB, Guarico","VEN_Guarico_VE.GU_3314_VEN012","Poverty headcount ratio at urban poverty line (% of population)","SI.POV.URHC","","","","","","","","","","","","","","","","","","",
"Venezuela, RB, Lara","VEN_Lara_VE.LA_3315_VEN013","Poverty headcount ratio at national poverty line (% of population)","SI.POV.NAHC","","","","","","","69.1","75.1","67.2","55.7","46.1","42.7","40.8","42.8","43.1","41.3","30.7","34.8",
"Venezuela, RB, Lara","VEN_Lara_VE.LA_3315_VEN013","Poverty headcount ratio at rural poverty line (% of population)","SI.POV.RUHC","","","","","","","","","","","","","","","","","","",
"Venezuela, RB, Lara","VEN_Lara_VE.LA_3315_VEN013","Poverty headcount ratio at urban poverty line (% of population)","SI.POV.URHC","","","","","","","","","","","","","","","","","","",
"Venezuela, RB, Merida","VEN_Merida_VE.ME_3316_VEN014","Poverty headcount ratio at national poverty line (% of population)","SI.POV.NAHC","","","","","","","58.2","66.5","58.3","44.2","35.4","35.3","35","34","36.9","35.1","26.9","38.2",
"Venezuela, RB, Merida","VEN_Merida_VE.ME_3316_VEN014","Poverty headcount ratio at rural poverty line (% of population)","SI.POV.RUHC","","","","","","","","","","","","","","","","","","",
"Venezuela, RB, Merida","VEN_Merida_VE.ME_3316_VEN014","Poverty headcount ratio at urban poverty line (% of population)","SI.POV.URHC","","","","","","","","","","","","","","","","","","",
"Venezuela, RB, Miranda","VEN_Miranda_VE.MI_3317_VEN015","Poverty headcount ratio at national poverty line (% of population)","SI.POV.NAHC","","","","","","","41.1","48.5","44.7","32.8","25.7","23.2","22.7","18.7","20.3","22","18.5","24.8",
"Venezuela, RB, Miranda","VEN_Miranda_VE.MI_3317_VEN015","Poverty headcount ratio at rural poverty line (% of population)","SI.POV.RUHC","","","","","","","","","","","","","","","","","","",
"Venezuela, RB, Miranda","VEN_Miranda_VE.MI_3317_VEN015","Poverty headcount ratio at urban poverty line (% of population)","SI.POV.URHC","","","","","","","","","","","","","","","","","","",
"Venezuela, RB, Monagas","VEN_Monagas_VE.MO_3318_VEN016","Poverty headcount ratio at national poverty line (% of population)","SI.POV.NAHC","","","","","","","58.7","61.1","55.9","39","37.9","28.2","29.1","29.5","34.9","42","38.6","51.2",
"Venezuela, RB, Monagas","VEN_Monagas_VE.MO_3318_VEN016","Poverty headcount ratio at rural poverty line (% of population)","SI.POV.RUHC","","","","","","","","","","","","","","","","","","",
"Venezuela, RB, Monagas","VEN_Monagas_VE.MO_3318_VEN016","Poverty headcount ratio at urban poverty line (% of population)","SI.POV.URHC","","","","","","","","","","","","","","","","","","",
"Venezuela, RB, Nueva Esparta","VEN_Nueva_Esparta_VE.NE_3319_VEN017","Poverty headcount ratio at national poverty line (% of population)","SI.POV.NAHC","","","","","","","48.3","56.7","33.8","44.2","16","14.5","16.2","24.4","20.8","21.1","14.3","22.2",
"Venezuela, RB, Nueva Esparta","VEN_Nueva_Esparta_VE.NE_3319_VEN017","Poverty headcount ratio at rural poverty line (% of population)","SI.POV.RUHC","","","","","","","","","","","","","","","","","","",
"Venezuela, RB, Nueva Esparta","VEN_Nueva_Esparta_VE.NE_3319_VEN017","Poverty headcount ratio at urban poverty line (% of population)","SI.POV.URHC","","","","","","","","","","","","","","","","","","",
"Venezuela, RB, Portuguesa","VEN_Portuguesa_VE.PO_3320_VEN018","Poverty headcount ratio at national poverty line (% of population)","SI.POV.NAHC","","","","","","","66.8","70.7","63.3","43.9","43.2","44.9","43.7","42.1","41.1","40.4","38.6","51.3",
"Venezuela, RB, Portuguesa","VEN_Portuguesa_VE.PO_3320_VEN018","Poverty headcount ratio at rural poverty line (% of population)","SI.POV.RUHC","","","","","","","","","","","","","","","","","","",
"Venezuela, RB, Portuguesa","VEN_Portuguesa_VE.PO_3320_VEN018","Poverty headcount ratio at urban poverty line (% of population)","SI.POV.URHC","","","","","","","","","","","","","","","","","","",
"Venezuela, RB, Sucre","VEN_Sucre_VE.SU_3321_VEN019","Poverty headcount ratio at national poverty line (% of population)","SI.POV.NAHC","","","","","","","71.7","80.7","73.7","62.7","43.2","39.2","44.8","39.2","46.7","49.8","44.5","55.2",
"Venezuela, RB, Sucre","VEN_Sucre_VE.SU_3321_VEN019","Poverty headcount ratio at rural poverty line (% of population)","SI.POV.RUHC","","","","","","","","","","","","","","","","","","",
"Venezuela, RB, Sucre","VEN_Sucre_VE.SU_3321_VEN019","Poverty headcount ratio at urban poverty line (% of population)","SI.POV.URHC","","","","","","","","","","","","","","","","","","",
"Venezuela, RB, Tachira","VEN_Tachira_VE.TA_3322_VEN020","Poverty headcount ratio at national poverty line (% of population)","SI.POV.NAHC","","","","","","","61.3","64.4","56.5","43.2","36.1","36.2","30.1","25.5","28.4","27.3","20.8","23.4",
"Venezuela, RB, Tachira","VEN_Tachira_VE.TA_3322_VEN020","Poverty headcount ratio at rural poverty line (% of population)","SI.POV.RUHC","","","","","","","","","","","","","","","","","","",
"Venezuela, RB, Tachira","VEN_Tachira_VE.TA_3322_VEN020","Poverty headcount ratio at urban poverty line (% of population)","SI.POV.URHC","","","","","","","","","","","","","","","","","","",
"Venezuela, RB, Trujillo","VEN_Trujillo_VE.TR_3323_VEN021","Poverty headcount ratio at national poverty line (% of population)","SI.POV.NAHC","","","","","","","63.6","67.2","60","52","41.5","43","41.8","41.7","41.5","38.9","24.1","34.7",
"Venezuela, RB, Trujillo","VEN_Trujillo_VE.TR_3323_VEN021","Poverty headcount ratio at rural poverty line (% of population)","SI.POV.RUHC","","","","","","","","","","","","","","","","","","",
"Venezuela, RB, Trujillo","VEN_Trujillo_VE.TR_3323_VEN021","Poverty headcount ratio at urban poverty line (% of population)","SI.POV.URHC","","","","","","","","","","","","","","","","","","",
"Venezuela, RB, Vargas","VEN_Vargas_VE.VA_67152_VEN022","Poverty headcount ratio at national poverty line (% of population)","SI.POV.NAHC","","","","","","","41.1","49.7","44.8","37.9","32.3","27.6","25.1","23.8","24","19.3","18.7","38.8",
"Venezuela, RB, Vargas","VEN_Vargas_VE.VA_67152_VEN022","Poverty headcount ratio at rural poverty line (% of population)","SI.POV.RUHC","","","","","","","","","","","","","","","","","","",
"Venezuela, RB, Vargas","VEN_Vargas_VE.VA_67152_VEN022","Poverty headcount ratio at urban poverty line (% of population)","SI.POV.URHC","","","","","","","","","","","","","","","","","","",
"Venezuela, RB, Yaracuy","VEN_Yaracuy_VE.YA_3324_VEN023","Poverty headcount ratio at national poverty line (% of population)","SI.POV.NAHC","","","","","","","69.3","73.3","70.8","56.6","47.8","43.3","42.7","36.7","34.1","37.1","30.7","30.6",
"Venezuela, RB, Yaracuy","VEN_Yaracuy_VE.YA_3324_VEN023","Poverty headcount ratio at rural poverty line (% of population)","SI.POV.RUHC","","","","","","","","","","","","","","","","","","",
"Venezuela, RB, Yaracuy","VEN_Yaracuy_VE.YA_3324_VEN023","Poverty headcount ratio at urban poverty line (% of population)","SI.POV.URHC","","","","","","","","","","","","","","","","","","",
"Venezuela, RB, Zulia","VEN_Zulia_VE.ZU_3325_VEN024","Poverty headcount ratio at national poverty line (% of population)","SI.POV.NAHC","","","","","","","56.1","65.8","55.6","46.9","39.8","35.4","33","31.7","36.7","37.2","28.3","22.3",
"Venezuela, RB, Zulia","VEN_Zulia_VE.ZU_3325_VEN024","Poverty headcount ratio at rural poverty line (% of population)","SI.POV.RUHC","","","","","","","","","","","","","","","","","","",
"Venezuela, RB, Zulia","VEN_Zulia_VE.ZU_3325_VEN024","Poverty headcount ratio at urban poverty line (% of population)","SI.POV.URHC","","","","","","","","","","","","","","","","","","",
"Vietnam, Central Highlands","VNM_Central_Highlands_AGG075_55","Poverty headcount ratio at national poverty line (% of population)","SI.POV.NAHC","","","","","","","","","","","","","","","32.8","","29.699991","",
"Vietnam, Central Highlands","VNM_Central_Highlands_AGG075_55","Poverty headcount ratio at rural poverty line (% of population)","SI.POV.RUHC","","","","","","","","","","","","","","","","","","",
"Vietnam, Central Highlands","VNM_Central_Highlands_AGG075_55","Poverty headcount ratio at urban poverty line (% of population)","SI.POV.URHC","","","","","","","","","","","","","","","","","","",
"Vietnam, Mekong Delta","VNM_Mekong_River_Delta_AGG076_55","Poverty headcount ratio at national poverty line (% of population)","SI.POV.NAHC","","","","","","","","","","","","","","","18.7","","16.189695","",
"Vietnam, Mekong Delta","VNM_Mekong_River_Delta_AGG076_55","Poverty headcount ratio at rural poverty line (% of population)","SI.POV.RUHC","","","","","","","","","","","","","","","","","","",
"Vietnam, Mekong Delta","VNM_Mekong_River_Delta_AGG076_55","Poverty headcount ratio at urban poverty line (% of population)","SI.POV.URHC","","","","","","","","","","","","","","","","","","",
"Vietnam, North Central Coast","VNM_North_Central_Coast_AGG077","Poverty headcount ratio at national poverty line (% of population)","SI.POV.NAHC","","","","","","","","","","","","","","","28.4","","21.193013","",
"Vietnam, North Central Coast","VNM_North_Central_Coast_AGG077","Poverty headcount ratio at rural poverty line (% of population)","SI.POV.RUHC","","","","","","","","","","","","","","","","","","",
"Vietnam, North Central Coast","VNM_North_Central_Coast_AGG077","Poverty headcount ratio at urban poverty line (% of population)","SI.POV.URHC","","","","","","","","","","","","","","","","","","",
"Vietnam, Northeast","VNM_Northeast_AGG078","Poverty headcount ratio at national poverty line (% of population)","SI.POV.NAHC","","","","","","","","","","","","","","","37.7","","33.456396","",
"Vietnam, Northeast","VNM_Northeast_AGG078","Poverty headcount ratio at rural poverty line (% of population)","SI.POV.RUHC","","","","","","","","","","","","","","","","","","",
"Vietnam, Northeast","VNM_Northeast_AGG078","Poverty headcount ratio at urban poverty line (% of population)","SI.POV.URHC","","","","","","","","","","","","","","","","","","",
"Vietnam, Northwest","VNM_Northwest_AGG082","Poverty headcount ratio at national poverty line (% of population)","SI.POV.NAHC","","","","","","","","","","","","","","","60.1","","58.7278","",
"Vietnam, Northwest","VNM_Northwest_AGG082","Poverty headcount ratio at rural poverty line (% of population)","SI.POV.RUHC","","","","","","","","","","","","","","","","","","",
"Vietnam, Northwest","VNM_Northwest_AGG082","Poverty headcount ratio at urban poverty line (% of population)","SI.POV.URHC","","","","","","","","","","","","","","","","","","",
"Vietnam, Red River Delta","VNM_Red_River_Delta_AGG079","Poverty headcount ratio at national poverty line (% of population)","SI.POV.NAHC","","","","","","","","","","","","","","","11.4","","7.3915339","",
"Vietnam, Red River Delta","VNM_Red_River_Delta_AGG079","Poverty headcount ratio at rural poverty line (% of population)","SI.POV.RUHC","","","","","","","","","","","","","","","","","","",
"Vietnam, Red River Delta","VNM_Red_River_Delta_AGG079","Poverty headcount ratio at urban poverty line (% of population)","SI.POV.URHC","","","","","","","","","","","","","","","","","","",
"Vietnam, South Central Coast","VNM_South_Central_Coast_AGG080","Poverty headcount ratio at national poverty line (% of population)","SI.POV.NAHC","","","","","","","","","","","","","","","18.1","","15.272745","",
"Vietnam, South Central Coast","VNM_South_Central_Coast_AGG080","Poverty headcount ratio at rural poverty line (% of population)","SI.POV.RUHC","","","","","","","","","","","","","","","","","","",
"Vietnam, South Central Coast","VNM_South_Central_Coast_AGG080","Poverty headcount ratio at urban poverty line (% of population)","SI.POV.URHC","","","","","","","","","","","","","","","","","","",
"Vietnam, Southeast","VNM_Southeast_AGG081","Poverty headcount ratio at national poverty line (% of population)","SI.POV.NAHC","","","","","","","","","","","","","","","8.6","","5.8148684","",
"Vietnam, Southeast","VNM_Southeast_AGG081","Poverty headcount ratio at rural poverty line (% of population)","SI.POV.RUHC","","","","","","","","","","","","","","","","","","",
"Vietnam, Southeast","VNM_Southeast_AGG081","Poverty headcount ratio at urban poverty line (% of population)","SI.POV.URHC","","","","","","","","","","","","","","","","","","",
"Yemen, Rep., Abyan","YEM_Abyan_YE.AB_3407_YEM002","Poverty headcount ratio at national poverty line (% of population)","SI.POV.NAHC","","","","","","","","","","45.68","","","","","","","","",
"Yemen, Rep., Abyan","YEM_Abyan_YE.AB_3407_YEM002","Poverty headcount ratio at rural poverty line (% of population)","SI.POV.RUHC","","","","","","","","","","","","","","","","","","",
"Yemen, Rep., Abyan","YEM_Abyan_YE.AB_3407_YEM002","Poverty headcount ratio at urban poverty line (% of population)","SI.POV.URHC","","","","","","","","","","","","","","","","","","",
"Yemen, Rep., Ad Dhale'e","YEM_Ad_Dhale_e _YE.AD_3408_YEM001","Poverty headcount ratio at national poverty line (% of population)","SI.POV.NAHC","","","","","","","","","","44.24","","","","","","","","",
"Yemen, Rep., Ad Dhale'e","YEM_Ad_Dhale_e _YE.AD_3408_YEM001","Poverty headcount ratio at rural poverty line (% of population)","SI.POV.RUHC","","","","","","","","","","","","","","","","","","",
"Yemen, Rep., Ad Dhale'e","YEM_Ad_Dhale_e _YE.AD_3408_YEM001","Poverty headcount ratio at urban poverty line (% of population)","SI.POV.URHC","","","","","","","","","","","","","","","","","","",
"Yemen, Rep., Aden","YEM_Aden_YE.AE_144973_YEM005","Poverty headcount ratio at national poverty line (% of population)","SI.POV.NAHC","","","","","","","","","","16.88","","","","","","","","",
"Yemen, Rep., Aden","YEM_Aden_YE.AE_144973_YEM005","Poverty headcount ratio at rural poverty line (% of population)","SI.POV.RUHC","","","","","","","","","","","","","","","","","","",
"Yemen, Rep., Aden","YEM_Aden_YE.AE_144973_YEM005","Poverty headcount ratio at urban poverty line (% of population)","SI.POV.URHC","","","","","","","","","","","","","","","","","","",
"Yemen, Rep., Al Bayda","YEM_Al_Bayda_YE.BA_3410_YEM006","Poverty headcount ratio at national poverty line (% of population)","SI.POV.NAHC","","","","","","","","","","51.9","","","","","","","","",
"Yemen, Rep., Al Bayda","YEM_Al_Bayda_YE.BA_3410_YEM006","Poverty headcount ratio at rural poverty line (% of population)","SI.POV.RUHC","","","","","","","","","","","","","","","","","","",
"Yemen, Rep., Al Bayda","YEM_Al_Bayda_YE.BA_3410_YEM006","Poverty headcount ratio at urban poverty line (% of population)","SI.POV.URHC","","","","","","","","","","","","","","","","","","",
"Yemen, Rep., Al Hudaydah","YEM_Al_Hudaydah_YE.HU_3411_YEM008","Poverty headcount ratio at national poverty line (% of population)","SI.POV.NAHC","","","","","","","","","","31.72","","","","","","","","",
"Yemen, Rep., Al Hudaydah","YEM_Al_Hudaydah_YE.HU_3411_YEM008","Poverty headcount ratio at rural poverty line (% of population)","SI.POV.RUHC","","","","","","","","","","","","","","","","","","",
"Yemen, Rep., Al Hudaydah","YEM_Al_Hudaydah_YE.HU_3411_YEM008","Poverty headcount ratio at urban poverty line (% of population)","SI.POV.URHC","","","","","","","","","","","","","","","","","","",
"Yemen, Rep., Al Jawf","YEM_Al_Jawf_YE.JF_3412_YEM003","Poverty headcount ratio at national poverty line (% of population)","SI.POV.NAHC","","","","","","","","","","49.58","","","","","","","","",
"Yemen, Rep., Al Jawf","YEM_Al_Jawf_YE.JF_3412_YEM003","Poverty headcount ratio at rural poverty line (% of population)","SI.POV.RUHC","","","","","","","","","","","","","","","","","","",
"Yemen, Rep., Al Jawf","YEM_Al_Jawf_YE.JF_3412_YEM003","Poverty headcount ratio at urban poverty line (% of population)","SI.POV.URHC","","","","","","","","","","","","","","","","","","",
"Yemen, Rep., Al Maharah","YEM_Al_Maharah_YE.MA_3413_YEM017","Poverty headcount ratio at national poverty line (% of population)","SI.POV.NAHC","","","","","","","","","","8.85","","","","","","","","",
"Yemen, Rep., Al Maharah","YEM_Al_Maharah_YE.MA_3413_YEM017","Poverty headcount ratio at rural poverty line (% of population)","SI.POV.RUHC","","","","","","","","","","","","","","","","","","",
"Yemen, Rep., Al Maharah","YEM_Al_Maharah_YE.MA_3413_YEM017","Poverty headcount ratio at urban poverty line (% of population)","SI.POV.URHC","","","","","","","","","","","","","","","","","","",
"Yemen, Rep., Al Mahwit","YEM_Al_Mahwit_YE.MW_3414_YEM007","Poverty headcount ratio at national poverty line (% of population)","SI.POV.NAHC","","","","","","","","","","30.75","","","","","","","","",
"Yemen, Rep., Al Mahwit","YEM_Al_Mahwit_YE.MW_3414_YEM007","Poverty headcount ratio at rural poverty line (% of population)","SI.POV.RUHC","","","","","","","","","","","","","","","","","","",
"Yemen, Rep., Al Mahwit","YEM_Al_Mahwit_YE.MW_3414_YEM007","Poverty headcount ratio at urban poverty line (% of population)","SI.POV.URHC","","","","","","","","","","","","","","","","","","",
"Yemen, Rep., Al Radmah","YEM_Al_Radmah_32879","Poverty headcount ratio at national poverty line (% of population)","SI.POV.NAHC","","","","","","","","","","34.07","","","","","","","","",
"Yemen, Rep., Al Radmah","YEM_Al_Radmah_32879","Poverty headcount ratio at rural poverty line (% of population)","SI.POV.RUHC","","","","","","","","","","","","","","","","","","",
"Yemen, Rep., Al Radmah","YEM_Al_Radmah_32879","Poverty headcount ratio at urban poverty line (% of population)","SI.POV.URHC","","","","","","","","","","","","","","","","","","",
"Yemen, Rep., Amran","YEM_Amran_YE.AM_3415_YEM009","Poverty headcount ratio at national poverty line (% of population)","SI.POV.NAHC","","","","","","","","","","63.93","","","","","","","","",
"Yemen, Rep., Amran","YEM_Amran_YE.AM_3415_YEM009","Poverty headcount ratio at rural poverty line (% of population)","SI.POV.RUHC","","","","","","","","","","","","","","","","","","",
"Yemen, Rep., Amran","YEM_Amran_YE.AM_3415_YEM009","Poverty headcount ratio at urban poverty line (% of population)","SI.POV.URHC","","","","","","","","","","","","","","","","","","",
"Yemen, Rep., Dhamar","YEM_Dhamar_YE.DH_3416_YEM014","Poverty headcount ratio at national poverty line (% of population)","SI.POV.NAHC","","","","","","","","","","25.84","","","","","","","","",
"Yemen, Rep., Dhamar","YEM_Dhamar_YE.DH_3416_YEM014","Poverty headcount ratio at rural poverty line (% of population)","SI.POV.RUHC","","","","","","","","","","","","","","","","","","",
"Yemen, Rep., Dhamar","YEM_Dhamar_YE.DH_3416_YEM014","Poverty headcount ratio at urban poverty line (% of population)","SI.POV.URHC","","","","","","","","","","","","","","","","","","",
"Yemen, Rep., Hadramaut","YEM_Hadramaut_YE.HA_144970_YEM010","Poverty headcount ratio at national poverty line (% of population)","SI.POV.NAHC","","","","","","","","","","35.59","","","","","","","","",
"Yemen, Rep., Hadramaut","YEM_Hadramaut_YE.HA_144970_YEM010","Poverty headcount ratio at rural poverty line (% of population)","SI.POV.RUHC","","","","","","","","","","","","","","","","","","",
"Yemen, Rep., Hadramaut","YEM_Hadramaut_YE.HA_144970_YEM010","Poverty headcount ratio at urban poverty line (% of population)","SI.POV.URHC","","","","","","","","","","","","","","","","","","",
"Yemen, Rep., Hajjah","YEM_Hajjah_YE.HJ_3418_YEM011","Poverty headcount ratio at national poverty line (% of population)","SI.POV.NAHC","","","","","","","","","","47.53","","","","","","","","",
"Yemen, Rep., Hajjah","YEM_Hajjah_YE.HJ_3418_YEM011","Poverty headcount ratio at rural poverty line (% of population)","SI.POV.RUHC","","","","","","","","","","","","","","","","","","",
"Yemen, Rep., Hajjah","YEM_Hajjah_YE.HJ_3418_YEM011","Poverty headcount ratio at urban poverty line (% of population)","SI.POV.URHC","","","","","","","","","","","","","","","","","","",
"Yemen, Rep., Ibb","YEM_Ibb_YE.IB_3419_YEM012","Poverty headcount ratio at national poverty line (% of population)","SI.POV.NAHC","","","","","","","","","","30.07","","","","","","","","",
"Yemen, Rep., Ibb","YEM_Ibb_YE.IB_3419_YEM012","Poverty headcount ratio at rural poverty line (% of population)","SI.POV.RUHC","","","","","","","","","","","","","","","","","","",
"Yemen, Rep., Ibb","YEM_Ibb_YE.IB_3419_YEM012","Poverty headcount ratio at urban poverty line (% of population)","SI.POV.URHC","","","","","","","","","","","","","","","","","","",
"Yemen, Rep., Lahj","YEM_Lahj_YE.LA_3420_YEM013","Poverty headcount ratio at national poverty line (% of population)","SI.POV.NAHC","","","","","","","","","","47.2","","","","","","","","",
"Yemen, Rep., Lahj","YEM_Lahj_YE.LA_3420_YEM013","Poverty headcount ratio at rural poverty line (% of population)","SI.POV.RUHC","","","","","","","","","","","","","","","","","","",
"Yemen, Rep., Lahj","YEM_Lahj_YE.LA_3420_YEM013","Poverty headcount ratio at urban poverty line (% of population)","SI.POV.URHC","","","","","","","","","","","","","","","","","","",
"Yemen, Rep., Marib","YEM_Marib_YE.MR_3421_YEM015","Poverty headcount ratio at national poverty line (% of population)","SI.POV.NAHC","","","","","","","","","","45.88","","","","","","","","",
"Yemen, Rep., Marib","YEM_Marib_YE.MR_3421_YEM015","Poverty headcount ratio at rural poverty line (% of population)","SI.POV.RUHC","","","","","","","","","","","","","","","","","","",
"Yemen, Rep., Marib","YEM_Marib_YE.MR_3421_YEM015","Poverty headcount ratio at urban poverty line (% of population)","SI.POV.URHC","","","","","","","","","","","","","","","","","","",
"Yemen, Rep., Sa'ada","YEM_Saada_YE.SA_3422_YEM020","Poverty headcount ratio at national poverty line (% of population)","SI.POV.NAHC","","","","","","","","","","16.55","","","","","","","","",
"Yemen, Rep., Sa'ada","YEM_Saada_YE.SA_3422_YEM020","Poverty headcount ratio at rural poverty line (% of population)","SI.POV.RUHC","","","","","","","","","","","","","","","","","","",
"Yemen, Rep., Sa'ada","YEM_Saada_YE.SA_3422_YEM020","Poverty headcount ratio at urban poverty line (% of population)","SI.POV.URHC","","","","","","","","","","","","","","","","","","",
"Yemen, Rep., Sana'a","YEM_Sanaa_YE.SN_144972_YEM016","Poverty headcount ratio at national poverty line (% of population)","SI.POV.NAHC","","","","","","","","","","28.13","","","","","","","","",
"Yemen, Rep., Sana'a","YEM_Sanaa_YE.SN_144972_YEM016","Poverty headcount ratio at rural poverty line (% of population)","SI.POV.RUHC","","","","","","","","","","","","","","","","","","",
"Yemen, Rep., Sana'a","YEM_Sanaa_YE.SN_144972_YEM016","Poverty headcount ratio at urban poverty line (% of population)","SI.POV.URHC","","","","","","","","","","","","","","","","","","",
"Yemen, Rep., Shabwah","YEM_Shabwah_YE.SH_3424_YEM018","Poverty headcount ratio at national poverty line (% of population)","SI.POV.NAHC","","","","","","","","","","54.13","","","","","","","","",
"Yemen, Rep., Shabwah","YEM_Shabwah_YE.SH_3424_YEM018","Poverty headcount ratio at rural poverty line (% of population)","SI.POV.RUHC","","","","","","","","","","","","","","","","","","",
"Yemen, Rep., Shabwah","YEM_Shabwah_YE.SH_3424_YEM018","Poverty headcount ratio at urban poverty line (% of population)","SI.POV.URHC","","","","","","","","","","","","","","","","","","",
"Yemen, Rep., Taizz","YEM_Taizz_YE.TA_3425_YEM019","Poverty headcount ratio at national poverty line (% of population)","SI.POV.NAHC","","","","","","","","","","37.8","","","","","","","","",
"Yemen, Rep., Taizz","YEM_Taizz_YE.TA_3425_YEM019","Poverty headcount ratio at rural poverty line (% of population)","SI.POV.RUHC","","","","","","","","","","","","","","","","","","",
"Yemen, Rep., Taizz","YEM_Taizz_YE.TA_3425_YEM019","Poverty headcount ratio at urban poverty line (% of population)","SI.POV.URHC","","","","","","","","","","","","","","","","","","",
"Zambia, Central","ZMB_Central_ZM.CE_3426_ZMB001","Poverty headcount ratio at national poverty line (% of population)","SI.POV.NAHC","","","","","","","","","","","70.7","","","","60.9","","","",
"Zambia, Central","ZMB_Central_ZM.CE_3426_ZMB001","Poverty headcount ratio at rural poverty line (% of population)","SI.POV.RUHC","","","","","","","","","","","","","","","","","","",
"Zambia, Central","ZMB_Central_ZM.CE_3426_ZMB001","Poverty headcount ratio at urban poverty line (% of population)","SI.POV.URHC","","","","","","","","","","","","","","","","","","",
"Zambia, Copperbelt","ZMB_Copperbelt_ZM.CO_3427_ZMB002","Poverty headcount ratio at national poverty line (% of population)","SI.POV.NAHC","","","","","","","","","","","37.3","","","","34.3","","","",
"Zambia, Copperbelt","ZMB_Copperbelt_ZM.CO_3427_ZMB002","Poverty headcount ratio at rural poverty line (% of population)","SI.POV.RUHC","","","","","","","","","","","","","","","","","","",
"Zambia, Copperbelt","ZMB_Copperbelt_ZM.CO_3427_ZMB002","Poverty headcount ratio at urban poverty line (% of population)","SI.POV.URHC","","","","","","","","","","","","","","","","","","",
"Zambia, Eastern","ZMB_Eastern_ZM.EA_3428_ZMB003","Poverty headcount ratio at national poverty line (% of population)","SI.POV.NAHC","","","","","","","","","","","78.5","","","","77.9","","","",
"Zambia, Eastern","ZMB_Eastern_ZM.EA_3428_ZMB003","Poverty headcount ratio at rural poverty line (% of population)","SI.POV.RUHC","","","","","","","","","","","","","","","","","","",
"Zambia, Eastern","ZMB_Eastern_ZM.EA_3428_ZMB003","Poverty headcount ratio at urban poverty line (% of population)","SI.POV.URHC","","","","","","","","","","","","","","","","","","",
"Zambia, Luapula","ZMB_Luapula_ZM.LP_3429_ZMB004","Poverty headcount ratio at national poverty line (% of population)","SI.POV.NAHC","","","","","","","","","","","73.9","","","","80.5","","","",
"Zambia, Luapula","ZMB_Luapula_ZM.LP_3429_ZMB004","Poverty headcount ratio at rural poverty line (% of population)","SI.POV.RUHC","","","","","","","","","","","","","","","","","","",
"Zambia, Luapula","ZMB_Luapula_ZM.LP_3429_ZMB004","Poverty headcount ratio at urban poverty line (% of population)","SI.POV.URHC","","","","","","","","","","","","","","","","","","",
"Zambia, Lusaka","ZMB_Lusaka_ZM.LS_3430_ZMB005","Poverty headcount ratio at national poverty line (% of population)","SI.POV.NAHC","","","","","","","","","","","24.7","","","","24.4","","","",
"Zambia, Lusaka","ZMB_Lusaka_ZM.LS_3430_ZMB005","Poverty headcount ratio at rural poverty line (% of population)","SI.POV.RUHC","","","","","","","","","","","","","","","","","","",
"Zambia, Lusaka","ZMB_Lusaka_ZM.LS_3430_ZMB005","Poverty headcount ratio at urban poverty line (% of population)","SI.POV.URHC","","","","","","","","","","","","","","","","","","",
"Zambia, Northern","ZMB_Northern_ZM.NO_3432_ZMB006","Poverty headcount ratio at national poverty line (% of population)","SI.POV.NAHC","","","","","","","","","","","78.5","","","","75","","","",
"Zambia, Northern","ZMB_Northern_ZM.NO_3432_ZMB006","Poverty headcount ratio at rural poverty line (% of population)","SI.POV.RUHC","","","","","","","","","","","","","","","","","","",
"Zambia, Northern","ZMB_Northern_ZM.NO_3432_ZMB006","Poverty headcount ratio at urban poverty line (% of population)","SI.POV.URHC","","","","","","","","","","","","","","","","","","",
"Zambia, North-Western","ZMB_North-Western_ZM.NW_3431_ZMB007","Poverty headcount ratio at national poverty line (% of population)","SI.POV.NAHC","","","","","","","","","","","70.7","","","","67","","","",
"Zambia, North-Western","ZMB_North-Western_ZM.NW_3431_ZMB007","Poverty headcount ratio at rural poverty line (% of population)","SI.POV.RUHC","","","","","","","","","","","","","","","","","","",
"Zambia, North-Western","ZMB_North-Western_ZM.NW_3431_ZMB007","Poverty headcount ratio at urban poverty line (% of population)","SI.POV.URHC","","","","","","","","","","","","","","","","","","",
"Zambia, Southern","ZMB_Southern_ZM.SO_3433_ZMB008","Poverty headcount ratio at national poverty line (% of population)","SI.POV.NAHC","","","","","","","","","","","7","","","","67.9","","","",
"Zambia, Southern","ZMB_Southern_ZM.SO_3433_ZMB008","Poverty headcount ratio at rural poverty line (% of population)","SI.POV.RUHC","","","","","","","","","","","","","","","","","","",
"Zambia, Southern","ZMB_Southern_ZM.SO_3433_ZMB008","Poverty headcount ratio at urban poverty line (% of population)","SI.POV.URHC","","","","","","","","","","","","","","","","","","",
"Zambia, Western","ZMB_Western_ZM.WE_3434_ZMB009","Poverty headcount ratio at national poverty line (% of population)","SI.POV.NAHC","","","","","","","","","","","83.3","","","","80.4","","","",
"Zambia, Western","ZMB_Western_ZM.WE_3434_ZMB009","Poverty headcount ratio at rural poverty line (% of population)","SI.POV.RUHC","","","","","","","","","","","","","","","","","","",
"Zambia, Western","ZMB_Western_ZM.WE_3434_ZMB009","Poverty headcount ratio at urban poverty line (% of population)","SI.POV.URHC","","","","","","","","","","","","","","","","","","",
